$ scroliq-ct-cutout --ct-url https://vesuvius-challenge-open-data.s3.amazonaws.com/PHerc0139/volumes/20250728140407-9.362um-1.2m-113keV-masked.zarr --volume-root PHerc0139/volumes/20250728140407-9.362um-1.2m-113keV-masked.zarr --zpa-report /home/runner/work/scrollq/scrollq/artifacts/2026-10-03-pherc0139-sheetness-prereg/zpa.json --start 3115,2323,3229 --stop 3133,2366,3249 --out /home/runner/work/scrollq/scrollq/artifacts/2026-10-03-pherc0139-sheetness-run/groups/surface-0001/cutout.npy --manifest /home/runner/work/scrollq/scrollq/artifacts/2026-10-03-pherc0139-sheetness-run/groups/surface-0001/cutout.json
{
  "bbox_zyx_half_open": {
    "start": [
      3115,
      2323,
      3229
    ],
    "stop": [
      3133,
      2366,
      3249
    ]
  },
  "claim_boundary": "This manifest binds one local NumPy cutout to an exact audited level-0 ZYX box and records every touched source chunk. It does not establish papyrus sheet identity, topology, ink, or readability.",
  "coordinate_space": "level0-voxel-index",
  "ct_url": "https://vesuvius-challenge-open-data.s3.amazonaws.com/PHerc0139/volumes/20250728140407-9.362um-1.2m-113keV-masked.zarr",
  "cutout": {
    "dtype": "uint8",
    "path": "/home/runner/work/scrollq/scrollq/artifacts/2026-10-03-pherc0139-sheetness-run/groups/surface-0001/cutout.npy",
    "sha256": "9e9e85a88b4891eb89a26c0ad11a166a0883c917efc3aa8c7bdfebf571e2408c",
    "shape_zyx": [
      18,
      43,
      20
    ]
  },
  "level": 0,
  "local_to_global": {
    "definition": "global_zyx = local_zyx + start_zyx",
    "kind": "integer-translation",
    "start_zyx": [
      3115,
      2323,
      3229
    ]
  },
  "schema": "scroliq-ct-cutout/1",
  "source_array": {
    "chunks_zyx": [
      128,
      128,
      128
    ],
    "dtype": "|u1",
    "path": "0",
    "shape_zyx": [
      20974,
      6621,
      6621
    ]
  },
  "source_attestation": {
    "absolute_scale_state": "unspecified",
    "algorithm": "zpa-metadata-semantics-v1",
    "axes": [
      "z",
      "y",
      "x"
    ],
    "base_declared_scale": [
      1.0,
      1.0,
      1.0
    ],
    "metadata_semantics_sha256": "58a956b0623bce7ba4f6fc38ec159cc4e500b2859b6619152574d5c9020c9bed",
    "spatial_axes": [
      {
        "index": 0,
        "name": "z",
        "unit": null
      },
      {
        "index": 1,
        "name": "y",
        "unit": null
      },
      {
        "index": 2,
        "name": "x",
        "unit": null
      }
    ],
    "state": "PRESENT"
  },
  "source_chunks": {
    "count": 1,
    "missing_count": 0,
    "touched_zyx": [
      [
        24,
        18,
        25
      ]
    ]
  },
  "status": "measured",
  "volume_root": "PHerc0139/volumes/20250728140407-9.362um-1.2m-113keV-masked.zarr",
  "zpa_report": {
    "integrity": "PASS",
    "path": "/home/runner/work/scrollq/scrollq/artifacts/2026-10-03-pherc0139-sheetness-prereg/zpa.json",
    "schema_version": "1.3.0",
    "sha256": "9a659bd974478032e1c4115c4e349ea4cd2711e090852500b7396bf480d92bdc"
  }
}
$ scroliq-sheetness /home/runner/work/scrollq/scrollq/artifacts/2026-10-03-pherc0139-sheetness-run/groups/surface-0001/cutout.npy --out-prefix /home/runner/work/scrollq/scrollq/artifacts/2026-10-03-pherc0139-sheetness-run/groups/surface-0001/sheetness --sigmas 0.8,1.2,1.8 --beta 0.5 --gamma 0.1 --bright-object --normalize-low 1.0 --normalize-high 99.0 --write-normal --max-voxels 2500000
{
  "input": {
    "dtype": "uint8",
    "path": "/home/runner/work/scrollq/scrollq/artifacts/2026-10-03-pherc0139-sheetness-run/groups/surface-0001/cutout.npy",
    "sha256": "9e9e85a88b4891eb89a26c0ad11a166a0883c917efc3aa8c7bdfebf571e2408c",
    "shape_zyx": [
      18,
      43,
      20
    ],
    "voxels": 15480
  },
  "kind": "sheetness",
  "method": "itk-hessian-objectness-m2-n3-compatible",
  "normal": {
    "basis": "ZYX voxel axes",
    "interpretation": "unit eigenvector of the largest-absolute Hessian eigenvalue at the winning scale; sign is arbitrary",
    "output_path": "/home/runner/work/scrollq/scrollq/artifacts/2026-10-03-pherc0139-sheetness-run/groups/surface-0001/sheetness.normal-zyx.npy",
    "output_sha256": "50c7b6a883b9532cbed2c46baafdfcb817d788583eb96833c103c724906c4d39"
  },
  "normalization": {
    "enabled": true,
    "lower_percentile": 1.0,
    "lower_value": 21.0,
    "upper_percentile": 99.0,
    "upper_value": 170.20999999999913
  },
  "parameters": {
    "beta": 0.5,
    "bright_object": true,
    "gamma": 0.1,
    "scale_objectness": false,
    "sigmas": [
      0.8,
      1.2,
      1.8
    ]
  },
  "per_scale": [
    {
      "response_max": 0.7604801058769226,
      "response_mean": 0.06613355875015259,
      "response_p99": 0.632125198841095,
      "sigma": 0.8
    },
    {
      "response_max": 0.9447125792503357,
      "response_mean": 0.11956235021352768,
      "response_p99": 0.8579628467559814,
      "sigma": 1.2
    },
    {
      "response_max": 0.9638972878456116,
      "response_mean": 0.16334168612957,
      "response_p99": 0.9124613404273987,
      "sigma": 1.8
    }
  ],
  "response": {
    "nonzero_fraction": 0.5859173126614987,
    "output_path": "/home/runner/work/scrollq/scrollq/artifacts/2026-10-03-pherc0139-sheetness-run/groups/surface-0001/sheetness.sheetness.npy",
    "output_sha256": "45c975b94ddd25bd51daa0298ec3fa21d22cf266af56e41b654c66d1bc096efc",
    "summary": {
      "max": 0.9638972878456116,
      "mean": 0.17259490489959717,
      "min": 0.0,
      "p50": 0.006778004113584757,
      "p90": 0.6554610729217529,
      "p99": 0.9124613404273987
    }
  },
  "schema_version": 1,
  "scope": "local 3-D cutout diagnostic; not by itself evidence of correct papyrus identity, winding identity, recto/verso, or readable ink",
  "status": "measured",
  "winning_scale": {
    "counts": {
      "0.800000011920929": 7884,
      "1.2000000476837158": 2215,
      "1.7999999523162842": 5381
    },
    "output_path": "/home/runner/work/scrollq/scrollq/artifacts/2026-10-03-pherc0139-sheetness-run/groups/surface-0001/sheetness.scale.npy",
    "output_sha256": "9d7635741b5d2b179ccabc373757016daa77e3b37f9a60e917b7b6f246990fa0"
  }
}
$ scroliq-sheetness-campaign seal-group --plan /home/runner/work/scrollq/scrollq/artifacts/2026-10-03-pherc0139-sheetness-campaign/campaign-plan.json --group-id surface-0001 --cutout-manifest /home/runner/work/scrollq/scrollq/artifacts/2026-10-03-pherc0139-sheetness-run/groups/surface-0001/cutout.json --sheetness-report /home/runner/work/scrollq/scrollq/artifacts/2026-10-03-pherc0139-sheetness-run/groups/surface-0001/sheetness.sheetness.json --out /home/runner/work/scrollq/scrollq/artifacts/2026-10-03-pherc0139-sheetness-run/specs/surface-0001.json
{
  "campaign_decision_rule": {
    "min_median_abs_cosine": 0.7,
    "min_median_normal_offset_margin": 0.0,
    "min_normal_completeness": 1.0,
    "min_normal_offset_win_fraction": 0.75,
    "min_score_completeness": 1.0
  },
  "campaign_group_id": "surface-0001",
  "campaign_plan_canonical_sha256": "f2f9817b2f5b71878ff8b82b481d8f17db601cd864c595a563633fcc9aea1439",
  "campaign_plan_sha256": "76c58373d2acd5513c505824832b3628b2edaf695072cfb48560fb8646a45a2e",
  "campaign_schema": "scroliq-sheetness-campaign/1",
  "claim_boundary": "This v3 spec materializes one already-frozen campaign group against the exact deterministic sheetness report/cutout bytes. Its local decision rule checks measurement completeness only; the scientific pass/fail rule is applied across all frozen groups by scroliq-sheetness-campaign aggregate.",
  "cutout_manifest_sha256": "59d624924c6388cc7148f135175b7b4a44e487abd3d176bcb658c84ee611f0c9",
  "decision_rule": {
    "min_median_abs_cosine": 0.0,
    "min_median_normal_offset_margin": -1.0,
    "min_normal_completeness": 1.0,
    "min_normal_offset_win_fraction": 0.0,
    "min_score_completeness": 1.0
  },
  "frozen_engine": {
    "code_revision": "65bb493b87795011e1bed1ed0b2e0272e0f5a733",
    "max_voxels": 2500000,
    "method": "itk-hessian-objectness-m2-n3-compatible",
    "normalization": {
      "enabled": true,
      "lower_percentile": 1.0,
      "upper_percentile": 99.0
    },
    "parameters": {
      "beta": 0.5,
      "bright_object": true,
      "gamma": 0.1,
      "scale_objectness": false,
      "sigmas": [
        0.8,
        1.2,
        1.8
      ]
    },
    "seed": null,
    "sheetness_benchmark_py_sha256": "0c0b3b5c4eeedfc8a5002b356439c874849301588c5a1c2ee53e9cf43eb88e79",
    "sheetness_campaign_py_sha256": "6ba6a78cb5ab45c8ddb462df59f99034ce0697617d3e3502e61b5f57b411a243",
    "sheetness_py_sha256": "d04c84aaadad5d3b42f372b9702c3980ae4dad8cc895fa0b02c9264d44473a51",
    "stochastic": false,
    "write_normal": true
  },
  "groups": [
    {
      "controls": [
        {
          "id": "surface-0001-offset-01",
          "role": "normal-offset",
          "zyx": [
            8.72323074240785,
            33.8070853520303,
            10.89703178685113
          ]
        },
        {
          "id": "surface-0001-offset-02",
          "role": "normal-offset",
          "zyx": [
            8.760907363391652,
            29.83200947289015,
            10.452788354362838
          ]
        },
        {
          "id": "surface-0001-offset-03",
          "role": "normal-offset",
          "zyx": [
            8.836260605358348,
            21.88185771460985,
            9.564301489387162
          ]
        },
        {
          "id": "surface-0001-offset-04",
          "role": "normal-offset",
          "zyx": [
            8.87393722634215,
            17.9067818354697,
            9.12005805689887
          ]
        },
        {
          "id": "surface-0001-wrong-wrap",
          "role": "wrong-wrap",
          "zyx": [
            8.963419201177658,
            8.465976622511334,
            8.064979904740085
          ]
        }
      ],
      "id": "surface-0001",
      "surface": {
        "reference_normal_zyx": [
          0.009419155245867354,
          -0.99376896978506,
          -0.11106085812199817
        ],
        "zyx": [
          8.798583984375,
          25.85693359375,
          10.008544921875
        ]
      }
    }
  ],
  "input_sha256": "9e9e85a88b4891eb89a26c0ad11a166a0883c917efc3aa8c7bdfebf571e2408c",
  "schema_version": 3,
  "sheetness_report_sha256": "b866da392d8e844bcb5f045f11dd7e65b95767d14716ebf135d8c19c714d1231",
  "source_attestation": {
    "algorithm": "zpa-metadata-semantics-v1",
    "metadata_semantics_sha256": "58a956b0623bce7ba4f6fc38ec159cc4e500b2859b6619152574d5c9020c9bed",
    "state": "PRESENT"
  },
  "volume_root": "PHerc0139/volumes/20250728140407-9.362um-1.2m-113keV-masked.zarr"
}
$ scroliq-sheetness-eval --spec /home/runner/work/scrollq/scrollq/artifacts/2026-10-03-pherc0139-sheetness-run/specs/surface-0001.json --cutout-manifest /home/runner/work/scrollq/scrollq/artifacts/2026-10-03-pherc0139-sheetness-run/groups/surface-0001/cutout.json --report /home/runner/work/scrollq/scrollq/artifacts/2026-10-03-pherc0139-sheetness-run/groups/surface-0001/sheetness.sheetness.json --response /home/runner/work/scrollq/scrollq/artifacts/2026-10-03-pherc0139-sheetness-run/groups/surface-0001/sheetness.sheetness.npy --normal /home/runner/work/scrollq/scrollq/artifacts/2026-10-03-pherc0139-sheetness-run/groups/surface-0001/sheetness.normal-zyx.npy --out /home/runner/work/scrollq/scrollq/artifacts/2026-10-03-pherc0139-sheetness-run/results/surface-0001.json
{
  "claim_boundary": "This result tests whether a frozen sheetness field localizes a candidate surface relative to deliberate normal offsets on an exact audited CT volume. Wrong-wrap/competing-sheet probes are retained as mandatory descriptive controls, not a pass/fail target, because another papyrus sheet is itself sheet-like. This does not establish physical sheet identity/topology or demonstrate readable ink.",
  "decision_checks": {
    "median_abs_cosine": true,
    "median_normal_offset_margin": true,
    "normal_completeness": true,
    "normal_offset_win_fraction": true,
    "score_completeness": true
  },
  "engine": {
    "method": "itk-hessian-objectness-m2-n3-compatible",
    "normalization": {
      "enabled": true,
      "lower_percentile": 1.0,
      "lower_value": 21.0,
      "upper_percentile": 99.0,
      "upper_value": 170.20999999999913
    },
    "parameters": {
      "beta": 0.5,
      "bright_object": true,
      "gamma": 0.1,
      "scale_objectness": false,
      "sigmas": [
        0.8,
        1.2,
        1.8
      ]
    },
    "report_sha256": "b866da392d8e844bcb5f045f11dd7e65b95767d14716ebf135d8c19c714d1231",
    "seed": null,
    "stochastic": false
  },
  "groups": [
    {
      "controls": [
        {
          "failure": null,
          "global_zyx": [
            3123.723230742408,
            2356.8070853520303,
            3239.897031786851
          ],
          "id": "surface-0001-offset-01",
          "role": "normal-offset",
          "score": 0.10229311734838914,
          "zyx": [
            8.72323074240785,
            33.8070853520303,
            10.89703178685113
          ]
        },
        {
          "failure": null,
          "global_zyx": [
            3123.7609073633917,
            2352.83200947289,
            3239.452788354363
          ],
          "id": "surface-0001-offset-02",
          "role": "normal-offset",
          "score": 0.07167944036914303,
          "zyx": [
            8.760907363391652,
            29.83200947289015,
            10.452788354362838
          ]
        },
        {
          "failure": null,
          "global_zyx": [
            3123.8362606053583,
            2344.88185771461,
            3238.564301489387
          ],
          "id": "surface-0001-offset-03",
          "role": "normal-offset",
          "score": 0.27919828400494506,
          "zyx": [
            8.836260605358348,
            21.88185771460985,
            9.564301489387162
          ]
        },
        {
          "failure": null,
          "global_zyx": [
            3123.873937226342,
            2340.9067818354697,
            3238.120058056899
          ],
          "id": "surface-0001-offset-04",
          "role": "normal-offset",
          "score": 0.0008044162789983229,
          "zyx": [
            8.87393722634215,
            17.9067818354697,
            9.12005805689887
          ]
        },
        {
          "failure": null,
          "global_zyx": [
            3123.9634192011777,
            2331.4659766225113,
            3237.06497990474
          ],
          "id": "surface-0001-wrong-wrap",
          "role": "wrong-wrap",
          "score": 0.37291689422236307,
          "zyx": [
            8.963419201177658,
            8.465976622511334,
            8.064979904740085
          ]
        }
      ],
      "id": "surface-0001",
      "score_complete": true,
      "surface": {
        "global_zyx": [
          3123.798583984375,
          2348.85693359375,
          3239.008544921875
        ],
        "normal_failure": null,
        "predicted_normal_abs_cosine": 0.922988916883732,
        "reference_normal_zyx": [
          0.009419155245867354,
          -0.99376896978506,
          -0.11106085812199817
        ],
        "score": 0.2202720426385711,
        "score_failure": null,
        "zyx": [
          8.798583984375,
          25.85693359375,
          10.008544921875
        ]
      },
      "surface_beats_all_normal_offsets": false,
      "surface_beats_all_wrong_wraps": false,
      "surface_minus_best_normal_offset": -0.05892624136637398,
      "surface_minus_best_wrong_wrap": -0.15264485158379199
    }
  ],
  "inputs": {
    "cutout_manifest_sha256": "59d624924c6388cc7148f135175b7b4a44e487abd3d176bcb658c84ee611f0c9",
    "cutout_sha256": "9e9e85a88b4891eb89a26c0ad11a166a0883c917efc3aa8c7bdfebf571e2408c",
    "global_bbox_zyx_half_open": {
      "start": [
        3115,
        2323,
        3229
      ],
      "stop": [
        3133,
        2366,
        3249
      ]
    },
    "normal_sha256": "50c7b6a883b9532cbed2c46baafdfcb817d788583eb96833c103c724906c4d39",
    "response_sha256": "45c975b94ddd25bd51daa0298ec3fa21d22cf266af56e41b654c66d1bc096efc",
    "shape_zyx": [
      18,
      43,
      20
    ],
    "zpa_report_sha256": "9a659bd974478032e1c4115c4e349ea4cd2711e090852500b7396bf480d92bdc"
  },
  "metrics": {
    "group_count": 1,
    "median_abs_cosine": 0.922988916883732,
    "median_surface_minus_best_normal_offset": -0.05892624136637398,
    "median_surface_minus_best_wrong_wrap_descriptive": -0.15264485158379199,
    "normal_complete_count": 1,
    "normal_completeness": 1.0,
    "normal_offset_win_count": 0,
    "normal_offset_win_fraction": 0.0,
    "score_complete_count": 1,
    "score_completeness": 1.0,
    "wrong_wrap_win_count_descriptive": 0,
    "wrong_wrap_win_fraction_descriptive": 0.0
  },
  "schema": "scroliq-sheetness-benchmark/3",
  "source_attestation": {
    "algorithm": "zpa-metadata-semantics-v1",
    "metadata_semantics_sha256": "58a956b0623bce7ba4f6fc38ec159cc4e500b2859b6619152574d5c9020c9bed",
    "state": "PRESENT"
  },
  "spec": {
    "canonical_sha256": "b989f69d55eb52ed248025768f1f97801619b113d749d2a5482e62bad0ec5dab",
    "decision_rule": {
      "min_median_abs_cosine": 0.0,
      "min_median_normal_offset_margin": -1.0,
      "min_normal_completeness": 1.0,
      "min_normal_offset_win_fraction": 0.0,
      "min_score_completeness": 1.0
    },
    "file_sha256": "5eedd8e169fc4e058b6c569eed78565146d7275bd84288940d4ebfef7bcd6f9f"
  },
  "status": "pass",
  "volume_root": "PHerc0139/volumes/20250728140407-9.362um-1.2m-113keV-masked.zarr",
  "wrong_wrap_interpretation": "descriptive-only: a genuine competing papyrus sheet is also expected to be sheet-like, so wrong-wrap response measures the method's sheet-identity limitation and is not a pass/fail criterion"
}
$ scroliq-ct-cutout --ct-url https://vesuvius-challenge-open-data.s3.amazonaws.com/PHerc0139/volumes/20250728140407-9.362um-1.2m-113keV-masked.zarr --volume-root PHerc0139/volumes/20250728140407-9.362um-1.2m-113keV-masked.zarr --zpa-report /home/runner/work/scrollq/scrollq/artifacts/2026-10-03-pherc0139-sheetness-prereg/zpa.json --start 3250,3663,3689 --stop 3272,3708,3713 --out /home/runner/work/scrollq/scrollq/artifacts/2026-10-03-pherc0139-sheetness-run/groups/surface-0002/cutout.npy --manifest /home/runner/work/scrollq/scrollq/artifacts/2026-10-03-pherc0139-sheetness-run/groups/surface-0002/cutout.json
{
  "bbox_zyx_half_open": {
    "start": [
      3250,
      3663,
      3689
    ],
    "stop": [
      3272,
      3708,
      3713
    ]
  },
  "claim_boundary": "This manifest binds one local NumPy cutout to an exact audited level-0 ZYX box and records every touched source chunk. It does not establish papyrus sheet identity, topology, ink, or readability.",
  "coordinate_space": "level0-voxel-index",
  "ct_url": "https://vesuvius-challenge-open-data.s3.amazonaws.com/PHerc0139/volumes/20250728140407-9.362um-1.2m-113keV-masked.zarr",
  "cutout": {
    "dtype": "uint8",
    "path": "/home/runner/work/scrollq/scrollq/artifacts/2026-10-03-pherc0139-sheetness-run/groups/surface-0002/cutout.npy",
    "sha256": "188b4a4509db86454faa0fbe56da3557e916645e77da450bca644132bf04c727",
    "shape_zyx": [
      22,
      45,
      24
    ]
  },
  "level": 0,
  "local_to_global": {
    "definition": "global_zyx = local_zyx + start_zyx",
    "kind": "integer-translation",
    "start_zyx": [
      3250,
      3663,
      3689
    ]
  },
  "schema": "scroliq-ct-cutout/1",
  "source_array": {
    "chunks_zyx": [
      128,
      128,
      128
    ],
    "dtype": "|u1",
    "path": "0",
    "shape_zyx": [
      20974,
      6621,
      6621
    ]
  },
  "source_attestation": {
    "absolute_scale_state": "unspecified",
    "algorithm": "zpa-metadata-semantics-v1",
    "axes": [
      "z",
      "y",
      "x"
    ],
    "base_declared_scale": [
      1.0,
      1.0,
      1.0
    ],
    "metadata_semantics_sha256": "58a956b0623bce7ba4f6fc38ec159cc4e500b2859b6619152574d5c9020c9bed",
    "spatial_axes": [
      {
        "index": 0,
        "name": "z",
        "unit": null
      },
      {
        "index": 1,
        "name": "y",
        "unit": null
      },
      {
        "index": 2,
        "name": "x",
        "unit": null
      }
    ],
    "state": "PRESENT"
  },
  "source_chunks": {
    "count": 2,
    "missing_count": 0,
    "touched_zyx": [
      [
        25,
        28,
        28
      ],
      [
        25,
        28,
        29
      ]
    ]
  },
  "status": "measured",
  "volume_root": "PHerc0139/volumes/20250728140407-9.362um-1.2m-113keV-masked.zarr",
  "zpa_report": {
    "integrity": "PASS",
    "path": "/home/runner/work/scrollq/scrollq/artifacts/2026-10-03-pherc0139-sheetness-prereg/zpa.json",
    "schema_version": "1.3.0",
    "sha256": "9a659bd974478032e1c4115c4e349ea4cd2711e090852500b7396bf480d92bdc"
  }
}
$ scroliq-sheetness /home/runner/work/scrollq/scrollq/artifacts/2026-10-03-pherc0139-sheetness-run/groups/surface-0002/cutout.npy --out-prefix /home/runner/work/scrollq/scrollq/artifacts/2026-10-03-pherc0139-sheetness-run/groups/surface-0002/sheetness --sigmas 0.8,1.2,1.8 --beta 0.5 --gamma 0.1 --bright-object --normalize-low 1.0 --normalize-high 99.0 --write-normal --max-voxels 2500000
{
  "input": {
    "dtype": "uint8",
    "path": "/home/runner/work/scrollq/scrollq/artifacts/2026-10-03-pherc0139-sheetness-run/groups/surface-0002/cutout.npy",
    "sha256": "188b4a4509db86454faa0fbe56da3557e916645e77da450bca644132bf04c727",
    "shape_zyx": [
      22,
      45,
      24
    ],
    "voxels": 23760
  },
  "kind": "sheetness",
  "method": "itk-hessian-objectness-m2-n3-compatible",
  "normal": {
    "basis": "ZYX voxel axes",
    "interpretation": "unit eigenvector of the largest-absolute Hessian eigenvalue at the winning scale; sign is arbitrary",
    "output_path": "/home/runner/work/scrollq/scrollq/artifacts/2026-10-03-pherc0139-sheetness-run/groups/surface-0002/sheetness.normal-zyx.npy",
    "output_sha256": "cd8149211a9357f08266a7992fd18ec1a3fe98f473c6d6e9ca39934d2545f310"
  },
  "normalization": {
    "enabled": true,
    "lower_percentile": 1.0,
    "lower_value": 13.0,
    "upper_percentile": 99.0,
    "upper_value": 178.0
  },
  "parameters": {
    "beta": 0.5,
    "bright_object": true,
    "gamma": 0.1,
    "scale_objectness": false,
    "sigmas": [
      0.8,
      1.2,
      1.8
    ]
  },
  "per_scale": [
    {
      "response_max": 0.8478325605392456,
      "response_mean": 0.08458992093801498,
      "response_p99": 0.6239002346992493,
      "sigma": 0.8
    },
    {
      "response_max": 0.9699118733406067,
      "response_mean": 0.14258328080177307,
      "response_p99": 0.837705135345459,
      "sigma": 1.2
    },
    {
      "response_max": 0.9740419983863831,
      "response_mean": 0.17445321381092072,
      "response_p99": 0.8887957334518433,
      "sigma": 1.8
    }
  ],
  "response": {
    "nonzero_fraction": 0.5904882154882155,
    "output_path": "/home/runner/work/scrollq/scrollq/artifacts/2026-10-03-pherc0139-sheetness-run/groups/surface-0002/sheetness.sheetness.npy",
    "output_sha256": "61981823cbc9c475fb9b1787e54048f8b13272e1d9e9593eb42e15491de44528",
    "summary": {
      "max": 0.9740419983863831,
      "mean": 0.19348470866680145,
      "min": 0.0,
      "p50": 0.050877299159765244,
      "p90": 0.625858724117279,
      "p99": 0.8919840455055237
    }
  },
  "schema_version": 1,
  "scope": "local 3-D cutout diagnostic; not by itself evidence of correct papyrus identity, winding identity, recto/verso, or readable ink",
  "status": "measured",
  "winning_scale": {
    "counts": {
      "0.800000011920929": 11566,
      "1.2000000476837158": 3703,
      "1.7999999523162842": 8491
    },
    "output_path": "/home/runner/work/scrollq/scrollq/artifacts/2026-10-03-pherc0139-sheetness-run/groups/surface-0002/sheetness.scale.npy",
    "output_sha256": "df8ff05d2e3e3e695594a3dd09c9685deaff97a1a3b6aaa5f8e85f0888b2ff63"
  }
}
$ scroliq-sheetness-campaign seal-group --plan /home/runner/work/scrollq/scrollq/artifacts/2026-10-03-pherc0139-sheetness-campaign/campaign-plan.json --group-id surface-0002 --cutout-manifest /home/runner/work/scrollq/scrollq/artifacts/2026-10-03-pherc0139-sheetness-run/groups/surface-0002/cutout.json --sheetness-report /home/runner/work/scrollq/scrollq/artifacts/2026-10-03-pherc0139-sheetness-run/groups/surface-0002/sheetness.sheetness.json --out /home/runner/work/scrollq/scrollq/artifacts/2026-10-03-pherc0139-sheetness-run/specs/surface-0002.json
{
  "campaign_decision_rule": {
    "min_median_abs_cosine": 0.7,
    "min_median_normal_offset_margin": 0.0,
    "min_normal_completeness": 1.0,
    "min_normal_offset_win_fraction": 0.75,
    "min_score_completeness": 1.0
  },
  "campaign_group_id": "surface-0002",
  "campaign_plan_canonical_sha256": "f2f9817b2f5b71878ff8b82b481d8f17db601cd864c595a563633fcc9aea1439",
  "campaign_plan_sha256": "76c58373d2acd5513c505824832b3628b2edaf695072cfb48560fb8646a45a2e",
  "campaign_schema": "scroliq-sheetness-campaign/1",
  "claim_boundary": "This v3 spec materializes one already-frozen campaign group against the exact deterministic sheetness report/cutout bytes. Its local decision rule checks measurement completeness only; the scientific pass/fail rule is applied across all frozen groups by scroliq-sheetness-campaign aggregate.",
  "cutout_manifest_sha256": "7ec9bf115fa00317f4cb9173a9ae1cf934aaf2df31a78ebe932c6bf839fcd4dd",
  "decision_rule": {
    "min_median_abs_cosine": 0.0,
    "min_median_normal_offset_margin": -1.0,
    "min_normal_completeness": 1.0,
    "min_normal_offset_win_fraction": 0.0,
    "min_score_completeness": 1.0
  },
  "frozen_engine": {
    "code_revision": "65bb493b87795011e1bed1ed0b2e0272e0f5a733",
    "max_voxels": 2500000,
    "method": "itk-hessian-objectness-m2-n3-compatible",
    "normalization": {
      "enabled": true,
      "lower_percentile": 1.0,
      "upper_percentile": 99.0
    },
    "parameters": {
      "beta": 0.5,
      "bright_object": true,
      "gamma": 0.1,
      "scale_objectness": false,
      "sigmas": [
        0.8,
        1.2,
        1.8
      ]
    },
    "seed": null,
    "sheetness_benchmark_py_sha256": "0c0b3b5c4eeedfc8a5002b356439c874849301588c5a1c2ee53e9cf43eb88e79",
    "sheetness_campaign_py_sha256": "6ba6a78cb5ab45c8ddb462df59f99034ce0697617d3e3502e61b5f57b411a243",
    "sheetness_py_sha256": "d04c84aaadad5d3b42f372b9702c3980ae4dad8cc895fa0b02c9264d44473a51",
    "stochastic": false,
    "write_normal": true
  },
  "groups": [
    {
      "controls": [
        {
          "id": "surface-0002-offset-01",
          "role": "normal-offset",
          "zyx": [
            8.771821195022767,
            8.380192023684685,
            8.597272524651089
          ]
        },
        {
          "id": "surface-0002-offset-02",
          "role": "normal-offset",
          "zyx": [
            9.236130324073656,
            12.253450504029843,
            9.481741731075545
          ]
        },
        {
          "id": "surface-0002-offset-03",
          "role": "normal-offset",
          "zyx": [
            10.164748582176344,
            19.999967464720157,
            11.250680143924455
          ]
        },
        {
          "id": "surface-0002-offset-04",
          "role": "normal-offset",
          "zyx": [
            10.629057711227233,
            23.873225945065315,
            12.135149350348911
          ]
        },
        {
          "id": "surface-0002-wrong-wrap",
          "role": "wrong-wrap",
          "zyx": [
            12.080023739512399,
            35.97715869614467,
            14.899115620425619
          ]
        }
      ],
      "id": "surface-0002",
      "surface": {
        "reference_normal_zyx": [
          0.11607728226278914,
          0.9683146200863179,
          0.22111730160612653
        ],
        "zyx": [
          9.700439453125,
          16.126708984375,
          10.3662109375
        ]
      }
    }
  ],
  "input_sha256": "188b4a4509db86454faa0fbe56da3557e916645e77da450bca644132bf04c727",
  "schema_version": 3,
  "sheetness_report_sha256": "0ac159364f03cb3e8551a2f95302817d7e1021ab7e4a17bbbc9dc335ee9c767c",
  "source_attestation": {
    "algorithm": "zpa-metadata-semantics-v1",
    "metadata_semantics_sha256": "58a956b0623bce7ba4f6fc38ec159cc4e500b2859b6619152574d5c9020c9bed",
    "state": "PRESENT"
  },
  "volume_root": "PHerc0139/volumes/20250728140407-9.362um-1.2m-113keV-masked.zarr"
}
$ scroliq-sheetness-eval --spec /home/runner/work/scrollq/scrollq/artifacts/2026-10-03-pherc0139-sheetness-run/specs/surface-0002.json --cutout-manifest /home/runner/work/scrollq/scrollq/artifacts/2026-10-03-pherc0139-sheetness-run/groups/surface-0002/cutout.json --report /home/runner/work/scrollq/scrollq/artifacts/2026-10-03-pherc0139-sheetness-run/groups/surface-0002/sheetness.sheetness.json --response /home/runner/work/scrollq/scrollq/artifacts/2026-10-03-pherc0139-sheetness-run/groups/surface-0002/sheetness.sheetness.npy --normal /home/runner/work/scrollq/scrollq/artifacts/2026-10-03-pherc0139-sheetness-run/groups/surface-0002/sheetness.normal-zyx.npy --out /home/runner/work/scrollq/scrollq/artifacts/2026-10-03-pherc0139-sheetness-run/results/surface-0002.json
{
  "claim_boundary": "This result tests whether a frozen sheetness field localizes a candidate surface relative to deliberate normal offsets on an exact audited CT volume. Wrong-wrap/competing-sheet probes are retained as mandatory descriptive controls, not a pass/fail target, because another papyrus sheet is itself sheet-like. This does not establish physical sheet identity/topology or demonstrate readable ink.",
  "decision_checks": {
    "median_abs_cosine": true,
    "median_normal_offset_margin": true,
    "normal_completeness": true,
    "normal_offset_win_fraction": true,
    "score_completeness": true
  },
  "engine": {
    "method": "itk-hessian-objectness-m2-n3-compatible",
    "normalization": {
      "enabled": true,
      "lower_percentile": 1.0,
      "lower_value": 13.0,
      "upper_percentile": 99.0,
      "upper_value": 178.0
    },
    "parameters": {
      "beta": 0.5,
      "bright_object": true,
      "gamma": 0.1,
      "scale_objectness": false,
      "sigmas": [
        0.8,
        1.2,
        1.8
      ]
    },
    "report_sha256": "0ac159364f03cb3e8551a2f95302817d7e1021ab7e4a17bbbc9dc335ee9c767c",
    "seed": null,
    "stochastic": false
  },
  "groups": [
    {
      "controls": [
        {
          "failure": null,
          "global_zyx": [
            3258.7718211950228,
            3671.3801920236847,
            3697.597272524651
          ],
          "id": "surface-0002-offset-01",
          "role": "normal-offset",
          "score": 0.1305829034470781,
          "zyx": [
            8.771821195022767,
            8.380192023684685,
            8.597272524651089
          ]
        },
        {
          "failure": null,
          "global_zyx": [
            3259.2361303240737,
            3675.25345050403,
            3698.4817417310755
          ],
          "id": "surface-0002-offset-02",
          "role": "normal-offset",
          "score": 0.08469954283104841,
          "zyx": [
            9.236130324073656,
            12.253450504029843,
            9.481741731075545
          ]
        },
        {
          "failure": null,
          "global_zyx": [
            3260.1647485821763,
            3682.99996746472,
            3700.2506801439245
          ],
          "id": "surface-0002-offset-03",
          "role": "normal-offset",
          "score": 0.0,
          "zyx": [
            10.164748582176344,
            19.999967464720157,
            11.250680143924455
          ]
        },
        {
          "failure": null,
          "global_zyx": [
            3260.6290577112272,
            3686.8732259450653,
            3701.135149350349
          ],
          "id": "surface-0002-offset-04",
          "role": "normal-offset",
          "score": 0.08094165984866789,
          "zyx": [
            10.629057711227233,
            23.873225945065315,
            12.135149350348911
          ]
        },
        {
          "failure": null,
          "global_zyx": [
            3262.0800237395124,
            3698.9771586961447,
            3703.8991156204256
          ],
          "id": "surface-0002-wrong-wrap",
          "role": "wrong-wrap",
          "score": 0.011422206021005816,
          "zyx": [
            12.080023739512399,
            35.97715869614467,
            14.899115620425619
          ]
        }
      ],
      "id": "surface-0002",
      "score_complete": true,
      "surface": {
        "global_zyx": [
          3259.700439453125,
          3679.126708984375,
          3699.3662109375
        ],
        "normal_failure": null,
        "predicted_normal_abs_cosine": 0.7481589591433674,
        "reference_normal_zyx": [
          0.11607728226278914,
          0.9683146200863179,
          0.22111730160612653
        ],
        "score": 0.720769956888835,
        "score_failure": null,
        "zyx": [
          9.700439453125,
          16.126708984375,
          10.3662109375
        ]
      },
      "surface_beats_all_normal_offsets": true,
      "surface_beats_all_wrong_wraps": true,
      "surface_minus_best_normal_offset": 0.5901870534417569,
      "surface_minus_best_wrong_wrap": 0.7093477508678292
    }
  ],
  "inputs": {
    "cutout_manifest_sha256": "7ec9bf115fa00317f4cb9173a9ae1cf934aaf2df31a78ebe932c6bf839fcd4dd",
    "cutout_sha256": "188b4a4509db86454faa0fbe56da3557e916645e77da450bca644132bf04c727",
    "global_bbox_zyx_half_open": {
      "start": [
        3250,
        3663,
        3689
      ],
      "stop": [
        3272,
        3708,
        3713
      ]
    },
    "normal_sha256": "cd8149211a9357f08266a7992fd18ec1a3fe98f473c6d6e9ca39934d2545f310",
    "response_sha256": "61981823cbc9c475fb9b1787e54048f8b13272e1d9e9593eb42e15491de44528",
    "shape_zyx": [
      22,
      45,
      24
    ],
    "zpa_report_sha256": "9a659bd974478032e1c4115c4e349ea4cd2711e090852500b7396bf480d92bdc"
  },
  "metrics": {
    "group_count": 1,
    "median_abs_cosine": 0.7481589591433674,
    "median_surface_minus_best_normal_offset": 0.5901870534417569,
    "median_surface_minus_best_wrong_wrap_descriptive": 0.7093477508678292,
    "normal_complete_count": 1,
    "normal_completeness": 1.0,
    "normal_offset_win_count": 1,
    "normal_offset_win_fraction": 1.0,
    "score_complete_count": 1,
    "score_completeness": 1.0,
    "wrong_wrap_win_count_descriptive": 1,
    "wrong_wrap_win_fraction_descriptive": 1.0
  },
  "schema": "scroliq-sheetness-benchmark/3",
  "source_attestation": {
    "algorithm": "zpa-metadata-semantics-v1",
    "metadata_semantics_sha256": "58a956b0623bce7ba4f6fc38ec159cc4e500b2859b6619152574d5c9020c9bed",
    "state": "PRESENT"
  },
  "spec": {
    "canonical_sha256": "dcaad2b34a3a4a5f3ff661f0d85e1b0db39de06c51ff6d073f745d4926e52cda",
    "decision_rule": {
      "min_median_abs_cosine": 0.0,
      "min_median_normal_offset_margin": -1.0,
      "min_normal_completeness": 1.0,
      "min_normal_offset_win_fraction": 0.0,
      "min_score_completeness": 1.0
    },
    "file_sha256": "5f7da5e25ae0cd288db426b90e99e018edcf0e3fdc736ecea23d584a234f787d"
  },
  "status": "pass",
  "volume_root": "PHerc0139/volumes/20250728140407-9.362um-1.2m-113keV-masked.zarr",
  "wrong_wrap_interpretation": "descriptive-only: a genuine competing papyrus sheet is also expected to be sheet-like, so wrong-wrap response measures the method's sheet-identity limitation and is not a pass/fail criterion"
}
$ scroliq-ct-cutout --ct-url https://vesuvius-challenge-open-data.s3.amazonaws.com/PHerc0139/volumes/20250728140407-9.362um-1.2m-113keV-masked.zarr --volume-root PHerc0139/volumes/20250728140407-9.362um-1.2m-113keV-masked.zarr --zpa-report /home/runner/work/scrollq/scrollq/artifacts/2026-10-03-pherc0139-sheetness-prereg/zpa.json --start 3417,3916,3045 --stop 3436,3952,3078 --out /home/runner/work/scrollq/scrollq/artifacts/2026-10-03-pherc0139-sheetness-run/groups/surface-0003/cutout.npy --manifest /home/runner/work/scrollq/scrollq/artifacts/2026-10-03-pherc0139-sheetness-run/groups/surface-0003/cutout.json
{
  "bbox_zyx_half_open": {
    "start": [
      3417,
      3916,
      3045
    ],
    "stop": [
      3436,
      3952,
      3078
    ]
  },
  "claim_boundary": "This manifest binds one local NumPy cutout to an exact audited level-0 ZYX box and records every touched source chunk. It does not establish papyrus sheet identity, topology, ink, or readability.",
  "coordinate_space": "level0-voxel-index",
  "ct_url": "https://vesuvius-challenge-open-data.s3.amazonaws.com/PHerc0139/volumes/20250728140407-9.362um-1.2m-113keV-masked.zarr",
  "cutout": {
    "dtype": "uint8",
    "path": "/home/runner/work/scrollq/scrollq/artifacts/2026-10-03-pherc0139-sheetness-run/groups/surface-0003/cutout.npy",
    "sha256": "e4e897a5ed953beb93f03a6bc265fd763bcf01aaf4bf5e7a69adc15f6ad72d17",
    "shape_zyx": [
      19,
      36,
      33
    ]
  },
  "level": 0,
  "local_to_global": {
    "definition": "global_zyx = local_zyx + start_zyx",
    "kind": "integer-translation",
    "start_zyx": [
      3417,
      3916,
      3045
    ]
  },
  "schema": "scroliq-ct-cutout/1",
  "source_array": {
    "chunks_zyx": [
      128,
      128,
      128
    ],
    "dtype": "|u1",
    "path": "0",
    "shape_zyx": [
      20974,
      6621,
      6621
    ]
  },
  "source_attestation": {
    "absolute_scale_state": "unspecified",
    "algorithm": "zpa-metadata-semantics-v1",
    "axes": [
      "z",
      "y",
      "x"
    ],
    "base_declared_scale": [
      1.0,
      1.0,
      1.0
    ],
    "metadata_semantics_sha256": "58a956b0623bce7ba4f6fc38ec159cc4e500b2859b6619152574d5c9020c9bed",
    "spatial_axes": [
      {
        "index": 0,
        "name": "z",
        "unit": null
      },
      {
        "index": 1,
        "name": "y",
        "unit": null
      },
      {
        "index": 2,
        "name": "x",
        "unit": null
      }
    ],
    "state": "PRESENT"
  },
  "source_chunks": {
    "count": 2,
    "missing_count": 0,
    "touched_zyx": [
      [
        26,
        30,
        23
      ],
      [
        26,
        30,
        24
      ]
    ]
  },
  "status": "measured",
  "volume_root": "PHerc0139/volumes/20250728140407-9.362um-1.2m-113keV-masked.zarr",
  "zpa_report": {
    "integrity": "PASS",
    "path": "/home/runner/work/scrollq/scrollq/artifacts/2026-10-03-pherc0139-sheetness-prereg/zpa.json",
    "schema_version": "1.3.0",
    "sha256": "9a659bd974478032e1c4115c4e349ea4cd2711e090852500b7396bf480d92bdc"
  }
}
$ scroliq-sheetness /home/runner/work/scrollq/scrollq/artifacts/2026-10-03-pherc0139-sheetness-run/groups/surface-0003/cutout.npy --out-prefix /home/runner/work/scrollq/scrollq/artifacts/2026-10-03-pherc0139-sheetness-run/groups/surface-0003/sheetness --sigmas 0.8,1.2,1.8 --beta 0.5 --gamma 0.1 --bright-object --normalize-low 1.0 --normalize-high 99.0 --write-normal --max-voxels 2500000
{
  "input": {
    "dtype": "uint8",
    "path": "/home/runner/work/scrollq/scrollq/artifacts/2026-10-03-pherc0139-sheetness-run/groups/surface-0003/cutout.npy",
    "sha256": "e4e897a5ed953beb93f03a6bc265fd763bcf01aaf4bf5e7a69adc15f6ad72d17",
    "shape_zyx": [
      19,
      36,
      33
    ],
    "voxels": 22572
  },
  "kind": "sheetness",
  "method": "itk-hessian-objectness-m2-n3-compatible",
  "normal": {
    "basis": "ZYX voxel axes",
    "interpretation": "unit eigenvector of the largest-absolute Hessian eigenvalue at the winning scale; sign is arbitrary",
    "output_path": "/home/runner/work/scrollq/scrollq/artifacts/2026-10-03-pherc0139-sheetness-run/groups/surface-0003/sheetness.normal-zyx.npy",
    "output_sha256": "98ffa2ead0c7fbecf0a851661d3d166cdceb2a9740ed2204cbd27f0a823ce7e8"
  },
  "normalization": {
    "enabled": true,
    "lower_percentile": 1.0,
    "lower_value": 16.0,
    "upper_percentile": 99.0,
    "upper_value": 177.0
  },
  "parameters": {
    "beta": 0.5,
    "bright_object": true,
    "gamma": 0.1,
    "scale_objectness": false,
    "sigmas": [
      0.8,
      1.2,
      1.8
    ]
  },
  "per_scale": [
    {
      "response_max": 0.7308614253997803,
      "response_mean": 0.07621387392282486,
      "response_p99": 0.5393040180206299,
      "sigma": 0.8
    },
    {
      "response_max": 0.9113362431526184,
      "response_mean": 0.12095573544502258,
      "response_p99": 0.7426712512969971,
      "sigma": 1.2
    },
    {
      "response_max": 0.8991803526878357,
      "response_mean": 0.13036882877349854,
      "response_p99": 0.7482904195785522,
      "sigma": 1.8
    }
  ],
  "response": {
    "nonzero_fraction": 0.62745879851143,
    "output_path": "/home/runner/work/scrollq/scrollq/artifacts/2026-10-03-pherc0139-sheetness-run/groups/surface-0003/sheetness.sheetness.npy",
    "output_sha256": "28acd9c3a210c7af5313d98ff17423681274fb48748c406f08cbf05d5e7ec4e7",
    "summary": {
      "max": 0.9113362431526184,
      "mean": 0.15899761021137238,
      "min": 0.0,
      "p50": 0.07510032504796982,
      "p90": 0.47210079431533813,
      "p99": 0.7800068259239197
    }
  },
  "schema_version": 1,
  "scope": "local 3-D cutout diagnostic; not by itself evidence of correct papyrus identity, winding identity, recto/verso, or readable ink",
  "status": "measured",
  "winning_scale": {
    "counts": {
      "0.800000011920929": 10765,
      "1.2000000476837158": 4496,
      "1.7999999523162842": 7311
    },
    "output_path": "/home/runner/work/scrollq/scrollq/artifacts/2026-10-03-pherc0139-sheetness-run/groups/surface-0003/sheetness.scale.npy",
    "output_sha256": "c051521b4ee1c67454bf44b0c2819d35993b90ceec8439426ab539662d79b0ae"
  }
}
$ scroliq-sheetness-campaign seal-group --plan /home/runner/work/scrollq/scrollq/artifacts/2026-10-03-pherc0139-sheetness-campaign/campaign-plan.json --group-id surface-0003 --cutout-manifest /home/runner/work/scrollq/scrollq/artifacts/2026-10-03-pherc0139-sheetness-run/groups/surface-0003/cutout.json --sheetness-report /home/runner/work/scrollq/scrollq/artifacts/2026-10-03-pherc0139-sheetness-run/groups/surface-0003/sheetness.sheetness.json --out /home/runner/work/scrollq/scrollq/artifacts/2026-10-03-pherc0139-sheetness-run/specs/surface-0003.json
{
  "campaign_decision_rule": {
    "min_median_abs_cosine": 0.7,
    "min_median_normal_offset_margin": 0.0,
    "min_normal_completeness": 1.0,
    "min_normal_offset_win_fraction": 0.75,
    "min_score_completeness": 1.0
  },
  "campaign_group_id": "surface-0003",
  "campaign_plan_canonical_sha256": "f2f9817b2f5b71878ff8b82b481d8f17db601cd864c595a563633fcc9aea1439",
  "campaign_plan_sha256": "76c58373d2acd5513c505824832b3628b2edaf695072cfb48560fb8646a45a2e",
  "campaign_schema": "scroliq-sheetness-campaign/1",
  "claim_boundary": "This v3 spec materializes one already-frozen campaign group against the exact deterministic sheetness report/cutout bytes. Its local decision rule checks measurement completeness only; the scientific pass/fail rule is applied across all frozen groups by scroliq-sheetness-campaign aggregate.",
  "cutout_manifest_sha256": "05d49356ffc049cd6e15d4cea0353ab43746d63830f9fd6f9e24197e36ad2c46",
  "decision_rule": {
    "min_median_abs_cosine": 0.0,
    "min_median_normal_offset_margin": -1.0,
    "min_normal_completeness": 1.0,
    "min_normal_offset_win_fraction": 0.0,
    "min_score_completeness": 1.0
  },
  "frozen_engine": {
    "code_revision": "65bb493b87795011e1bed1ed0b2e0272e0f5a733",
    "max_voxels": 2500000,
    "method": "itk-hessian-objectness-m2-n3-compatible",
    "normalization": {
      "enabled": true,
      "lower_percentile": 1.0,
      "upper_percentile": 99.0
    },
    "parameters": {
      "beta": 0.5,
      "bright_object": true,
      "gamma": 0.1,
      "scale_objectness": false,
      "sigmas": [
        0.8,
        1.2,
        1.8
      ]
    },
    "seed": null,
    "sheetness_benchmark_py_sha256": "0c0b3b5c4eeedfc8a5002b356439c874849301588c5a1c2ee53e9cf43eb88e79",
    "sheetness_campaign_py_sha256": "6ba6a78cb5ab45c8ddb462df59f99034ce0697617d3e3502e61b5f57b411a243",
    "sheetness_py_sha256": "d04c84aaadad5d3b42f372b9702c3980ae4dad8cc895fa0b02c9264d44473a51",
    "stochastic": false,
    "write_normal": true
  },
  "groups": [
    {
      "controls": [
        {
          "id": "surface-0003-offset-01",
          "role": "normal-offset",
          "zyx": [
            9.350708308611956,
            8.621477589102597,
            8.462673981105127
          ]
        },
        {
          "id": "surface-0003-offset-02",
          "role": "normal-offset",
          "zyx": [
            9.11663833399325,
            11.677315942989026,
            11.03309480305279
          ]
        },
        {
          "id": "surface-0003-offset-03",
          "role": "normal-offset",
          "zyx": [
            8.64849838475675,
            17.788992650760974,
            16.17393644694721
          ]
        },
        {
          "id": "surface-0003-offset-04",
          "role": "normal-offset",
          "zyx": [
            8.414428410138044,
            20.844831004647403,
            18.744357268894873
          ]
        },
        {
          "id": "surface-0003-wrong-wrap",
          "role": "wrong-wrap",
          "zyx": [
            8.00480595455565,
            26.1925481239482,
            23.242593707302603
          ]
        }
      ],
      "id": "surface-0003",
      "surface": {
        "reference_normal_zyx": [
          -0.05851749365461274,
          0.7639595884715362,
          0.6426052054868396
        ],
        "zyx": [
          8.882568359375,
          14.733154296875,
          13.603515625
        ]
      }
    }
  ],
  "input_sha256": "e4e897a5ed953beb93f03a6bc265fd763bcf01aaf4bf5e7a69adc15f6ad72d17",
  "schema_version": 3,
  "sheetness_report_sha256": "36af4f4f03c5ac667d1be2945d132165c664f5dbf88bd6fcbfd401f000287150",
  "source_attestation": {
    "algorithm": "zpa-metadata-semantics-v1",
    "metadata_semantics_sha256": "58a956b0623bce7ba4f6fc38ec159cc4e500b2859b6619152574d5c9020c9bed",
    "state": "PRESENT"
  },
  "volume_root": "PHerc0139/volumes/20250728140407-9.362um-1.2m-113keV-masked.zarr"
}
$ scroliq-sheetness-eval --spec /home/runner/work/scrollq/scrollq/artifacts/2026-10-03-pherc0139-sheetness-run/specs/surface-0003.json --cutout-manifest /home/runner/work/scrollq/scrollq/artifacts/2026-10-03-pherc0139-sheetness-run/groups/surface-0003/cutout.json --report /home/runner/work/scrollq/scrollq/artifacts/2026-10-03-pherc0139-sheetness-run/groups/surface-0003/sheetness.sheetness.json --response /home/runner/work/scrollq/scrollq/artifacts/2026-10-03-pherc0139-sheetness-run/groups/surface-0003/sheetness.sheetness.npy --normal /home/runner/work/scrollq/scrollq/artifacts/2026-10-03-pherc0139-sheetness-run/groups/surface-0003/sheetness.normal-zyx.npy --out /home/runner/work/scrollq/scrollq/artifacts/2026-10-03-pherc0139-sheetness-run/results/surface-0003.json
{
  "claim_boundary": "This result tests whether a frozen sheetness field localizes a candidate surface relative to deliberate normal offsets on an exact audited CT volume. Wrong-wrap/competing-sheet probes are retained as mandatory descriptive controls, not a pass/fail target, because another papyrus sheet is itself sheet-like. This does not establish physical sheet identity/topology or demonstrate readable ink.",
  "decision_checks": {
    "median_abs_cosine": true,
    "median_normal_offset_margin": true,
    "normal_completeness": true,
    "normal_offset_win_fraction": true,
    "score_completeness": true
  },
  "engine": {
    "method": "itk-hessian-objectness-m2-n3-compatible",
    "normalization": {
      "enabled": true,
      "lower_percentile": 1.0,
      "lower_value": 16.0,
      "upper_percentile": 99.0,
      "upper_value": 177.0
    },
    "parameters": {
      "beta": 0.5,
      "bright_object": true,
      "gamma": 0.1,
      "scale_objectness": false,
      "sigmas": [
        0.8,
        1.2,
        1.8
      ]
    },
    "report_sha256": "36af4f4f03c5ac667d1be2945d132165c664f5dbf88bd6fcbfd401f000287150",
    "seed": null,
    "stochastic": false
  },
  "groups": [
    {
      "controls": [
        {
          "failure": null,
          "global_zyx": [
            3426.350708308612,
            3924.6214775891026,
            3053.462673981105
          ],
          "id": "surface-0003-offset-01",
          "role": "normal-offset",
          "score": 0.1522526956865491,
          "zyx": [
            9.350708308611956,
            8.621477589102597,
            8.462673981105127
          ]
        },
        {
          "failure": null,
          "global_zyx": [
            3426.1166383339933,
            3927.677315942989,
            3056.033094803053
          ],
          "id": "surface-0003-offset-02",
          "role": "normal-offset",
          "score": 0.1447996702933254,
          "zyx": [
            9.11663833399325,
            11.677315942989026,
            11.03309480305279
          ]
        },
        {
          "failure": null,
          "global_zyx": [
            3425.6484983847567,
            3933.788992650761,
            3061.173936446947
          ],
          "id": "surface-0003-offset-03",
          "role": "normal-offset",
          "score": 0.02445666778971132,
          "zyx": [
            8.64849838475675,
            17.788992650760974,
            16.17393644694721
          ]
        },
        {
          "failure": null,
          "global_zyx": [
            3425.414428410138,
            3936.8448310046474,
            3063.744357268895
          ],
          "id": "surface-0003-offset-04",
          "role": "normal-offset",
          "score": 0.02186331382349381,
          "zyx": [
            8.414428410138044,
            20.844831004647403,
            18.744357268894873
          ]
        },
        {
          "failure": null,
          "global_zyx": [
            3425.0048059545556,
            3942.192548123948,
            3068.2425937073026
          ],
          "id": "surface-0003-wrong-wrap",
          "role": "wrong-wrap",
          "score": 0.26088634416377227,
          "zyx": [
            8.00480595455565,
            26.1925481239482,
            23.242593707302603
          ]
        }
      ],
      "id": "surface-0003",
      "score_complete": true,
      "surface": {
        "global_zyx": [
          3425.882568359375,
          3930.733154296875,
          3058.603515625
        ],
        "normal_failure": null,
        "predicted_normal_abs_cosine": 0.8372447925848274,
        "reference_normal_zyx": [
          -0.05851749365461274,
          0.7639595884715362,
          0.6426052054868396
        ],
        "score": 0.10941446679742803,
        "score_failure": null,
        "zyx": [
          8.882568359375,
          14.733154296875,
          13.603515625
        ]
      },
      "surface_beats_all_normal_offsets": false,
      "surface_beats_all_wrong_wraps": false,
      "surface_minus_best_normal_offset": -0.04283822888912106,
      "surface_minus_best_wrong_wrap": -0.15147187736634424
    }
  ],
  "inputs": {
    "cutout_manifest_sha256": "05d49356ffc049cd6e15d4cea0353ab43746d63830f9fd6f9e24197e36ad2c46",
    "cutout_sha256": "e4e897a5ed953beb93f03a6bc265fd763bcf01aaf4bf5e7a69adc15f6ad72d17",
    "global_bbox_zyx_half_open": {
      "start": [
        3417,
        3916,
        3045
      ],
      "stop": [
        3436,
        3952,
        3078
      ]
    },
    "normal_sha256": "98ffa2ead0c7fbecf0a851661d3d166cdceb2a9740ed2204cbd27f0a823ce7e8",
    "response_sha256": "28acd9c3a210c7af5313d98ff17423681274fb48748c406f08cbf05d5e7ec4e7",
    "shape_zyx": [
      19,
      36,
      33
    ],
    "zpa_report_sha256": "9a659bd974478032e1c4115c4e349ea4cd2711e090852500b7396bf480d92bdc"
  },
  "metrics": {
    "group_count": 1,
    "median_abs_cosine": 0.8372447925848274,
    "median_surface_minus_best_normal_offset": -0.04283822888912106,
    "median_surface_minus_best_wrong_wrap_descriptive": -0.15147187736634424,
    "normal_complete_count": 1,
    "normal_completeness": 1.0,
    "normal_offset_win_count": 0,
    "normal_offset_win_fraction": 0.0,
    "score_complete_count": 1,
    "score_completeness": 1.0,
    "wrong_wrap_win_count_descriptive": 0,
    "wrong_wrap_win_fraction_descriptive": 0.0
  },
  "schema": "scroliq-sheetness-benchmark/3",
  "source_attestation": {
    "algorithm": "zpa-metadata-semantics-v1",
    "metadata_semantics_sha256": "58a956b0623bce7ba4f6fc38ec159cc4e500b2859b6619152574d5c9020c9bed",
    "state": "PRESENT"
  },
  "spec": {
    "canonical_sha256": "f4a6d4d2d0e2a9156f8b278ad069654f5fc7043737ddb4bc904184c9a1849b7f",
    "decision_rule": {
      "min_median_abs_cosine": 0.0,
      "min_median_normal_offset_margin": -1.0,
      "min_normal_completeness": 1.0,
      "min_normal_offset_win_fraction": 0.0,
      "min_score_completeness": 1.0
    },
    "file_sha256": "c52a5bcdc3eaeb9c836191329134e382114493883aeb73589ce0d8aa1197c529"
  },
  "status": "pass",
  "volume_root": "PHerc0139/volumes/20250728140407-9.362um-1.2m-113keV-masked.zarr",
  "wrong_wrap_interpretation": "descriptive-only: a genuine competing papyrus sheet is also expected to be sheet-like, so wrong-wrap response measures the method's sheet-identity limitation and is not a pass/fail criterion"
}
$ scroliq-ct-cutout --ct-url https://vesuvius-challenge-open-data.s3.amazonaws.com/PHerc0139/volumes/20250728140407-9.362um-1.2m-113keV-masked.zarr --volume-root PHerc0139/volumes/20250728140407-9.362um-1.2m-113keV-masked.zarr --zpa-report /home/runner/work/scrollq/scrollq/artifacts/2026-10-03-pherc0139-sheetness-prereg/zpa.json --start 3591,4026,2440 --stop 3620,4074,2467 --out /home/runner/work/scrollq/scrollq/artifacts/2026-10-03-pherc0139-sheetness-run/groups/surface-0004/cutout.npy --manifest /home/runner/work/scrollq/scrollq/artifacts/2026-10-03-pherc0139-sheetness-run/groups/surface-0004/cutout.json
{
  "bbox_zyx_half_open": {
    "start": [
      3591,
      4026,
      2440
    ],
    "stop": [
      3620,
      4074,
      2467
    ]
  },
  "claim_boundary": "This manifest binds one local NumPy cutout to an exact audited level-0 ZYX box and records every touched source chunk. It does not establish papyrus sheet identity, topology, ink, or readability.",
  "coordinate_space": "level0-voxel-index",
  "ct_url": "https://vesuvius-challenge-open-data.s3.amazonaws.com/PHerc0139/volumes/20250728140407-9.362um-1.2m-113keV-masked.zarr",
  "cutout": {
    "dtype": "uint8",
    "path": "/home/runner/work/scrollq/scrollq/artifacts/2026-10-03-pherc0139-sheetness-run/groups/surface-0004/cutout.npy",
    "sha256": "ca76759fa5c8495081f24be042e3284a90ebbdf1efb07150222885afc824968f",
    "shape_zyx": [
      29,
      48,
      27
    ]
  },
  "level": 0,
  "local_to_global": {
    "definition": "global_zyx = local_zyx + start_zyx",
    "kind": "integer-translation",
    "start_zyx": [
      3591,
      4026,
      2440
    ]
  },
  "schema": "scroliq-ct-cutout/1",
  "source_array": {
    "chunks_zyx": [
      128,
      128,
      128
    ],
    "dtype": "|u1",
    "path": "0",
    "shape_zyx": [
      20974,
      6621,
      6621
    ]
  },
  "source_attestation": {
    "absolute_scale_state": "unspecified",
    "algorithm": "zpa-metadata-semantics-v1",
    "axes": [
      "z",
      "y",
      "x"
    ],
    "base_declared_scale": [
      1.0,
      1.0,
      1.0
    ],
    "metadata_semantics_sha256": "58a956b0623bce7ba4f6fc38ec159cc4e500b2859b6619152574d5c9020c9bed",
    "spatial_axes": [
      {
        "index": 0,
        "name": "z",
        "unit": null
      },
      {
        "index": 1,
        "name": "y",
        "unit": null
      },
      {
        "index": 2,
        "name": "x",
        "unit": null
      }
    ],
    "state": "PRESENT"
  },
  "source_chunks": {
    "count": 1,
    "missing_count": 0,
    "touched_zyx": [
      [
        28,
        31,
        19
      ]
    ]
  },
  "status": "measured",
  "volume_root": "PHerc0139/volumes/20250728140407-9.362um-1.2m-113keV-masked.zarr",
  "zpa_report": {
    "integrity": "PASS",
    "path": "/home/runner/work/scrollq/scrollq/artifacts/2026-10-03-pherc0139-sheetness-prereg/zpa.json",
    "schema_version": "1.3.0",
    "sha256": "9a659bd974478032e1c4115c4e349ea4cd2711e090852500b7396bf480d92bdc"
  }
}
$ scroliq-sheetness /home/runner/work/scrollq/scrollq/artifacts/2026-10-03-pherc0139-sheetness-run/groups/surface-0004/cutout.npy --out-prefix /home/runner/work/scrollq/scrollq/artifacts/2026-10-03-pherc0139-sheetness-run/groups/surface-0004/sheetness --sigmas 0.8,1.2,1.8 --beta 0.5 --gamma 0.1 --bright-object --normalize-low 1.0 --normalize-high 99.0 --write-normal --max-voxels 2500000
{
  "input": {
    "dtype": "uint8",
    "path": "/home/runner/work/scrollq/scrollq/artifacts/2026-10-03-pherc0139-sheetness-run/groups/surface-0004/cutout.npy",
    "sha256": "ca76759fa5c8495081f24be042e3284a90ebbdf1efb07150222885afc824968f",
    "shape_zyx": [
      29,
      48,
      27
    ],
    "voxels": 37584
  },
  "kind": "sheetness",
  "method": "itk-hessian-objectness-m2-n3-compatible",
  "normal": {
    "basis": "ZYX voxel axes",
    "interpretation": "unit eigenvector of the largest-absolute Hessian eigenvalue at the winning scale; sign is arbitrary",
    "output_path": "/home/runner/work/scrollq/scrollq/artifacts/2026-10-03-pherc0139-sheetness-run/groups/surface-0004/sheetness.normal-zyx.npy",
    "output_sha256": "68b19067961bfed181495d5cfc58cbe65d964c75ec6791f74fdbe62101337c0c"
  },
  "normalization": {
    "enabled": true,
    "lower_percentile": 1.0,
    "lower_value": 18.0,
    "upper_percentile": 99.0,
    "upper_value": 169.0
  },
  "parameters": {
    "beta": 0.5,
    "bright_object": true,
    "gamma": 0.1,
    "scale_objectness": false,
    "sigmas": [
      0.8,
      1.2,
      1.8
    ]
  },
  "per_scale": [
    {
      "response_max": 0.8086453080177307,
      "response_mean": 0.08350146561861038,
      "response_p99": 0.6035006046295166,
      "sigma": 0.8
    },
    {
      "response_max": 0.9735309481620789,
      "response_mean": 0.14802663028240204,
      "response_p99": 0.878635585308075,
      "sigma": 1.2
    },
    {
      "response_max": 0.9922789931297302,
      "response_mean": 0.18765342235565186,
      "response_p99": 0.9581700563430786,
      "sigma": 1.8
    }
  ],
  "response": {
    "nonzero_fraction": 0.5935770540655598,
    "output_path": "/home/runner/work/scrollq/scrollq/artifacts/2026-10-03-pherc0139-sheetness-run/groups/surface-0004/sheetness.sheetness.npy",
    "output_sha256": "295bb7f92fb7b040def2eb7f6ff60278d7985179742b63ec3331d5760d51fe95",
    "summary": {
      "max": 0.9922789931297302,
      "mean": 0.203360915184021,
      "min": 0.0,
      "p50": 0.0557723343372345,
      "p90": 0.6713678240776062,
      "p99": 0.958269476890564
    }
  },
  "schema_version": 1,
  "scope": "local 3-D cutout diagnostic; not by itself evidence of correct papyrus identity, winding identity, recto/verso, or readable ink",
  "status": "measured",
  "winning_scale": {
    "counts": {
      "0.800000011920929": 17689,
      "1.2000000476837158": 5422,
      "1.7999999523162842": 14473
    },
    "output_path": "/home/runner/work/scrollq/scrollq/artifacts/2026-10-03-pherc0139-sheetness-run/groups/surface-0004/sheetness.scale.npy",
    "output_sha256": "f02eb780c2a06f1cb3c6d4616c7d30a2fdf053bab9e93f8ee5409af5786f41b8"
  }
}
$ scroliq-sheetness-campaign seal-group --plan /home/runner/work/scrollq/scrollq/artifacts/2026-10-03-pherc0139-sheetness-campaign/campaign-plan.json --group-id surface-0004 --cutout-manifest /home/runner/work/scrollq/scrollq/artifacts/2026-10-03-pherc0139-sheetness-run/groups/surface-0004/cutout.json --sheetness-report /home/runner/work/scrollq/scrollq/artifacts/2026-10-03-pherc0139-sheetness-run/groups/surface-0004/sheetness.sheetness.json --out /home/runner/work/scrollq/scrollq/artifacts/2026-10-03-pherc0139-sheetness-run/specs/surface-0004.json
{
  "campaign_decision_rule": {
    "min_median_abs_cosine": 0.7,
    "min_median_normal_offset_margin": 0.0,
    "min_normal_completeness": 1.0,
    "min_normal_offset_win_fraction": 0.75,
    "min_score_completeness": 1.0
  },
  "campaign_group_id": "surface-0004",
  "campaign_plan_canonical_sha256": "f2f9817b2f5b71878ff8b82b481d8f17db601cd864c595a563633fcc9aea1439",
  "campaign_plan_sha256": "76c58373d2acd5513c505824832b3628b2edaf695072cfb48560fb8646a45a2e",
  "campaign_schema": "scroliq-sheetness-campaign/1",
  "claim_boundary": "This v3 spec materializes one already-frozen campaign group against the exact deterministic sheetness report/cutout bytes. Its local decision rule checks measurement completeness only; the scientific pass/fail rule is applied across all frozen groups by scroliq-sheetness-campaign aggregate.",
  "cutout_manifest_sha256": "110ef609fb68a0861510e1039ff0ada05cd332962a62cc814822f6fabb631031",
  "decision_rule": {
    "min_median_abs_cosine": 0.0,
    "min_median_normal_offset_margin": -1.0,
    "min_normal_completeness": 1.0,
    "min_normal_offset_win_fraction": 0.0,
    "min_score_completeness": 1.0
  },
  "frozen_engine": {
    "code_revision": "65bb493b87795011e1bed1ed0b2e0272e0f5a733",
    "max_voxels": 2500000,
    "method": "itk-hessian-objectness-m2-n3-compatible",
    "normalization": {
      "enabled": true,
      "lower_percentile": 1.0,
      "upper_percentile": 99.0
    },
    "parameters": {
      "beta": 0.5,
      "bright_object": true,
      "gamma": 0.1,
      "scale_objectness": false,
      "sigmas": [
        0.8,
        1.2,
        1.8
      ]
    },
    "seed": null,
    "sheetness_benchmark_py_sha256": "0c0b3b5c4eeedfc8a5002b356439c874849301588c5a1c2ee53e9cf43eb88e79",
    "sheetness_campaign_py_sha256": "6ba6a78cb5ab45c8ddb462df59f99034ce0697617d3e3502e61b5f57b411a243",
    "sheetness_py_sha256": "d04c84aaadad5d3b42f372b9702c3980ae4dad8cc895fa0b02c9264d44473a51",
    "stochastic": false,
    "write_normal": true
  },
  "groups": [
    {
      "controls": [
        {
          "id": "surface-0004-offset-01",
          "role": "normal-offset",
          "zyx": [
            8.909675132531447,
            8.252134283527084,
            17.85800442909749
          ]
        },
        {
          "id": "surface-0004-offset-02",
          "role": "normal-offset",
          "zyx": [
            10.197879558453224,
            11.868498782388542,
            16.734422136423746
          ]
        },
        {
          "id": "surface-0004-offset-03",
          "role": "normal-offset",
          "zyx": [
            12.774288410296776,
            19.101227780111458,
            14.487257551076254
          ]
        },
        {
          "id": "surface-0004-offset-04",
          "role": "normal-offset",
          "zyx": [
            14.062492836218553,
            22.717592278972916,
            13.363675258402509
          ]
        },
        {
          "id": "surface-0004-wrong-wrap",
          "role": "wrong-wrap",
          "zyx": [
            19.537361646385307,
            38.08714139913445,
            8.58845051453909
          ]
        }
      ],
      "id": "surface-0004",
      "surface": {
        "reference_normal_zyx": [
          0.3220511064804167,
          0.9040911247153793,
          -0.2808955731684284
        ],
        "zyx": [
          11.486083984375,
          15.48486328125,
          15.61083984375
        ]
      }
    }
  ],
  "input_sha256": "ca76759fa5c8495081f24be042e3284a90ebbdf1efb07150222885afc824968f",
  "schema_version": 3,
  "sheetness_report_sha256": "bc8260f58e2bac07364d6d7cd269c54c16b844c22596903fb91a5de6243b29fd",
  "source_attestation": {
    "algorithm": "zpa-metadata-semantics-v1",
    "metadata_semantics_sha256": "58a956b0623bce7ba4f6fc38ec159cc4e500b2859b6619152574d5c9020c9bed",
    "state": "PRESENT"
  },
  "volume_root": "PHerc0139/volumes/20250728140407-9.362um-1.2m-113keV-masked.zarr"
}
$ scroliq-sheetness-eval --spec /home/runner/work/scrollq/scrollq/artifacts/2026-10-03-pherc0139-sheetness-run/specs/surface-0004.json --cutout-manifest /home/runner/work/scrollq/scrollq/artifacts/2026-10-03-pherc0139-sheetness-run/groups/surface-0004/cutout.json --report /home/runner/work/scrollq/scrollq/artifacts/2026-10-03-pherc0139-sheetness-run/groups/surface-0004/sheetness.sheetness.json --response /home/runner/work/scrollq/scrollq/artifacts/2026-10-03-pherc0139-sheetness-run/groups/surface-0004/sheetness.sheetness.npy --normal /home/runner/work/scrollq/scrollq/artifacts/2026-10-03-pherc0139-sheetness-run/groups/surface-0004/sheetness.normal-zyx.npy --out /home/runner/work/scrollq/scrollq/artifacts/2026-10-03-pherc0139-sheetness-run/results/surface-0004.json
{
  "claim_boundary": "This result tests whether a frozen sheetness field localizes a candidate surface relative to deliberate normal offsets on an exact audited CT volume. Wrong-wrap/competing-sheet probes are retained as mandatory descriptive controls, not a pass/fail target, because another papyrus sheet is itself sheet-like. This does not establish physical sheet identity/topology or demonstrate readable ink.",
  "decision_checks": {
    "median_abs_cosine": true,
    "median_normal_offset_margin": true,
    "normal_completeness": true,
    "normal_offset_win_fraction": true,
    "score_completeness": true
  },
  "engine": {
    "method": "itk-hessian-objectness-m2-n3-compatible",
    "normalization": {
      "enabled": true,
      "lower_percentile": 1.0,
      "lower_value": 18.0,
      "upper_percentile": 99.0,
      "upper_value": 169.0
    },
    "parameters": {
      "beta": 0.5,
      "bright_object": true,
      "gamma": 0.1,
      "scale_objectness": false,
      "sigmas": [
        0.8,
        1.2,
        1.8
      ]
    },
    "report_sha256": "bc8260f58e2bac07364d6d7cd269c54c16b844c22596903fb91a5de6243b29fd",
    "seed": null,
    "stochastic": false
  },
  "groups": [
    {
      "controls": [
        {
          "failure": null,
          "global_zyx": [
            3599.9096751325314,
            4034.252134283527,
            2457.8580044290975
          ],
          "id": "surface-0004-offset-01",
          "role": "normal-offset",
          "score": 0.0,
          "zyx": [
            8.909675132531447,
            8.252134283527084,
            17.85800442909749
          ]
        },
        {
          "failure": null,
          "global_zyx": [
            3601.197879558453,
            4037.8684987823885,
            2456.7344221364237
          ],
          "id": "surface-0004-offset-02",
          "role": "normal-offset",
          "score": 0.05520538055920766,
          "zyx": [
            10.197879558453224,
            11.868498782388542,
            16.734422136423746
          ]
        },
        {
          "failure": null,
          "global_zyx": [
            3603.774288410297,
            4045.1012277801115,
            2454.4872575510763
          ],
          "id": "surface-0004-offset-03",
          "role": "normal-offset",
          "score": 0.36791267627005375,
          "zyx": [
            12.774288410296776,
            19.101227780111458,
            14.487257551076254
          ]
        },
        {
          "failure": null,
          "global_zyx": [
            3605.0624928362186,
            4048.717592278973,
            2453.3636752584025
          ],
          "id": "surface-0004-offset-04",
          "role": "normal-offset",
          "score": 0.0,
          "zyx": [
            14.062492836218553,
            22.717592278972916,
            13.363675258402509
          ]
        },
        {
          "failure": null,
          "global_zyx": [
            3610.5373616463853,
            4064.0871413991345,
            2448.588450514539
          ],
          "id": "surface-0004-wrong-wrap",
          "role": "wrong-wrap",
          "score": 0.4073174474046215,
          "zyx": [
            19.537361646385307,
            38.08714139913445,
            8.58845051453909
          ]
        }
      ],
      "id": "surface-0004",
      "score_complete": true,
      "surface": {
        "global_zyx": [
          3602.486083984375,
          4041.48486328125,
          2455.61083984375
        ],
        "normal_failure": null,
        "predicted_normal_abs_cosine": 0.8871539031931819,
        "reference_normal_zyx": [
          0.3220511064804167,
          0.9040911247153793,
          -0.2808955731684284
        ],
        "score": 0.17289284265019073,
        "score_failure": null,
        "zyx": [
          11.486083984375,
          15.48486328125,
          15.61083984375
        ]
      },
      "surface_beats_all_normal_offsets": false,
      "surface_beats_all_wrong_wraps": false,
      "surface_minus_best_normal_offset": -0.19501983361986303,
      "surface_minus_best_wrong_wrap": -0.23442460475443078
    }
  ],
  "inputs": {
    "cutout_manifest_sha256": "110ef609fb68a0861510e1039ff0ada05cd332962a62cc814822f6fabb631031",
    "cutout_sha256": "ca76759fa5c8495081f24be042e3284a90ebbdf1efb07150222885afc824968f",
    "global_bbox_zyx_half_open": {
      "start": [
        3591,
        4026,
        2440
      ],
      "stop": [
        3620,
        4074,
        2467
      ]
    },
    "normal_sha256": "68b19067961bfed181495d5cfc58cbe65d964c75ec6791f74fdbe62101337c0c",
    "response_sha256": "295bb7f92fb7b040def2eb7f6ff60278d7985179742b63ec3331d5760d51fe95",
    "shape_zyx": [
      29,
      48,
      27
    ],
    "zpa_report_sha256": "9a659bd974478032e1c4115c4e349ea4cd2711e090852500b7396bf480d92bdc"
  },
  "metrics": {
    "group_count": 1,
    "median_abs_cosine": 0.8871539031931819,
    "median_surface_minus_best_normal_offset": -0.19501983361986303,
    "median_surface_minus_best_wrong_wrap_descriptive": -0.23442460475443078,
    "normal_complete_count": 1,
    "normal_completeness": 1.0,
    "normal_offset_win_count": 0,
    "normal_offset_win_fraction": 0.0,
    "score_complete_count": 1,
    "score_completeness": 1.0,
    "wrong_wrap_win_count_descriptive": 0,
    "wrong_wrap_win_fraction_descriptive": 0.0
  },
  "schema": "scroliq-sheetness-benchmark/3",
  "source_attestation": {
    "algorithm": "zpa-metadata-semantics-v1",
    "metadata_semantics_sha256": "58a956b0623bce7ba4f6fc38ec159cc4e500b2859b6619152574d5c9020c9bed",
    "state": "PRESENT"
  },
  "spec": {
    "canonical_sha256": "565d28a7fc7578da634d076449d9c291c30aca0493cc3d1b3f34956734a0c5be",
    "decision_rule": {
      "min_median_abs_cosine": 0.0,
      "min_median_normal_offset_margin": -1.0,
      "min_normal_completeness": 1.0,
      "min_normal_offset_win_fraction": 0.0,
      "min_score_completeness": 1.0
    },
    "file_sha256": "c840684c5a82fe24dcdf5a89a58dd4e252a4468f307e95db04e43f4983fdb5c0"
  },
  "status": "pass",
  "volume_root": "PHerc0139/volumes/20250728140407-9.362um-1.2m-113keV-masked.zarr",
  "wrong_wrap_interpretation": "descriptive-only: a genuine competing papyrus sheet is also expected to be sheet-like, so wrong-wrap response measures the method's sheet-identity limitation and is not a pass/fail criterion"
}
$ scroliq-ct-cutout --ct-url https://vesuvius-challenge-open-data.s3.amazonaws.com/PHerc0139/volumes/20250728140407-9.362um-1.2m-113keV-masked.zarr --volume-root PHerc0139/volumes/20250728140407-9.362um-1.2m-113keV-masked.zarr --zpa-report /home/runner/work/scrollq/scrollq/artifacts/2026-10-03-pherc0139-sheetness-prereg/zpa.json --start 3791,3902,1939 --stop 3812,3941,1958 --out /home/runner/work/scrollq/scrollq/artifacts/2026-10-03-pherc0139-sheetness-run/groups/surface-0005/cutout.npy --manifest /home/runner/work/scrollq/scrollq/artifacts/2026-10-03-pherc0139-sheetness-run/groups/surface-0005/cutout.json
{
  "bbox_zyx_half_open": {
    "start": [
      3791,
      3902,
      1939
    ],
    "stop": [
      3812,
      3941,
      1958
    ]
  },
  "claim_boundary": "This manifest binds one local NumPy cutout to an exact audited level-0 ZYX box and records every touched source chunk. It does not establish papyrus sheet identity, topology, ink, or readability.",
  "coordinate_space": "level0-voxel-index",
  "ct_url": "https://vesuvius-challenge-open-data.s3.amazonaws.com/PHerc0139/volumes/20250728140407-9.362um-1.2m-113keV-masked.zarr",
  "cutout": {
    "dtype": "uint8",
    "path": "/home/runner/work/scrollq/scrollq/artifacts/2026-10-03-pherc0139-sheetness-run/groups/surface-0005/cutout.npy",
    "sha256": "95f85c57222217a07a6d3d17276f3abe764c389150badc86c403662a7d893582",
    "shape_zyx": [
      21,
      39,
      19
    ]
  },
  "level": 0,
  "local_to_global": {
    "definition": "global_zyx = local_zyx + start_zyx",
    "kind": "integer-translation",
    "start_zyx": [
      3791,
      3902,
      1939
    ]
  },
  "schema": "scroliq-ct-cutout/1",
  "source_array": {
    "chunks_zyx": [
      128,
      128,
      128
    ],
    "dtype": "|u1",
    "path": "0",
    "shape_zyx": [
      20974,
      6621,
      6621
    ]
  },
  "source_attestation": {
    "absolute_scale_state": "unspecified",
    "algorithm": "zpa-metadata-semantics-v1",
    "axes": [
      "z",
      "y",
      "x"
    ],
    "base_declared_scale": [
      1.0,
      1.0,
      1.0
    ],
    "metadata_semantics_sha256": "58a956b0623bce7ba4f6fc38ec159cc4e500b2859b6619152574d5c9020c9bed",
    "spatial_axes": [
      {
        "index": 0,
        "name": "z",
        "unit": null
      },
      {
        "index": 1,
        "name": "y",
        "unit": null
      },
      {
        "index": 2,
        "name": "x",
        "unit": null
      }
    ],
    "state": "PRESENT"
  },
  "source_chunks": {
    "count": 1,
    "missing_count": 0,
    "touched_zyx": [
      [
        29,
        30,
        15
      ]
    ]
  },
  "status": "measured",
  "volume_root": "PHerc0139/volumes/20250728140407-9.362um-1.2m-113keV-masked.zarr",
  "zpa_report": {
    "integrity": "PASS",
    "path": "/home/runner/work/scrollq/scrollq/artifacts/2026-10-03-pherc0139-sheetness-prereg/zpa.json",
    "schema_version": "1.3.0",
    "sha256": "9a659bd974478032e1c4115c4e349ea4cd2711e090852500b7396bf480d92bdc"
  }
}
$ scroliq-sheetness /home/runner/work/scrollq/scrollq/artifacts/2026-10-03-pherc0139-sheetness-run/groups/surface-0005/cutout.npy --out-prefix /home/runner/work/scrollq/scrollq/artifacts/2026-10-03-pherc0139-sheetness-run/groups/surface-0005/sheetness --sigmas 0.8,1.2,1.8 --beta 0.5 --gamma 0.1 --bright-object --normalize-low 1.0 --normalize-high 99.0 --write-normal --max-voxels 2500000
{
  "input": {
    "dtype": "uint8",
    "path": "/home/runner/work/scrollq/scrollq/artifacts/2026-10-03-pherc0139-sheetness-run/groups/surface-0005/cutout.npy",
    "sha256": "95f85c57222217a07a6d3d17276f3abe764c389150badc86c403662a7d893582",
    "shape_zyx": [
      21,
      39,
      19
    ],
    "voxels": 15561
  },
  "kind": "sheetness",
  "method": "itk-hessian-objectness-m2-n3-compatible",
  "normal": {
    "basis": "ZYX voxel axes",
    "interpretation": "unit eigenvector of the largest-absolute Hessian eigenvalue at the winning scale; sign is arbitrary",
    "output_path": "/home/runner/work/scrollq/scrollq/artifacts/2026-10-03-pherc0139-sheetness-run/groups/surface-0005/sheetness.normal-zyx.npy",
    "output_sha256": "b592e7b60ca857e04b736ccaf47eac1449b41e5fe158158e027de02d1627802c"
  },
  "normalization": {
    "enabled": true,
    "lower_percentile": 1.0,
    "lower_value": 15.0,
    "upper_percentile": 99.0,
    "upper_value": 169.0
  },
  "parameters": {
    "beta": 0.5,
    "bright_object": true,
    "gamma": 0.1,
    "scale_objectness": false,
    "sigmas": [
      0.8,
      1.2,
      1.8
    ]
  },
  "per_scale": [
    {
      "response_max": 0.7594121098518372,
      "response_mean": 0.0576687715947628,
      "response_p99": 0.4642718732357025,
      "sigma": 0.8
    },
    {
      "response_max": 0.8986466526985168,
      "response_mean": 0.1108744665980339,
      "response_p99": 0.7228071093559265,
      "sigma": 1.2
    },
    {
      "response_max": 0.9254556894302368,
      "response_mean": 0.14885380864143372,
      "response_p99": 0.8077707886695862,
      "sigma": 1.8
    }
  ],
  "response": {
    "nonzero_fraction": 0.6024677077308657,
    "output_path": "/home/runner/work/scrollq/scrollq/artifacts/2026-10-03-pherc0139-sheetness-run/groups/surface-0005/sheetness.sheetness.npy",
    "output_sha256": "edfa9d2e1b49ec55ffcbe633df2fef0206758de1ee448705f9bc21e6dfb52f2d",
    "summary": {
      "max": 0.9254556894302368,
      "mean": 0.16305525600910187,
      "min": 0.0,
      "p50": 0.039239510893821716,
      "p90": 0.5505242347717285,
      "p99": 0.8129380941390991
    }
  },
  "schema_version": 1,
  "scope": "local 3-D cutout diagnostic; not by itself evidence of correct papyrus identity, winding identity, recto/verso, or readable ink",
  "status": "measured",
  "winning_scale": {
    "counts": {
      "0.800000011920929": 7368,
      "1.2000000476837158": 2219,
      "1.7999999523162842": 5974
    },
    "output_path": "/home/runner/work/scrollq/scrollq/artifacts/2026-10-03-pherc0139-sheetness-run/groups/surface-0005/sheetness.scale.npy",
    "output_sha256": "4a7514ca1478f61d23cdb41919f3a013580c18e53cdf9a57104bd28b4ce06bbf"
  }
}
$ scroliq-sheetness-campaign seal-group --plan /home/runner/work/scrollq/scrollq/artifacts/2026-10-03-pherc0139-sheetness-campaign/campaign-plan.json --group-id surface-0005 --cutout-manifest /home/runner/work/scrollq/scrollq/artifacts/2026-10-03-pherc0139-sheetness-run/groups/surface-0005/cutout.json --sheetness-report /home/runner/work/scrollq/scrollq/artifacts/2026-10-03-pherc0139-sheetness-run/groups/surface-0005/sheetness.sheetness.json --out /home/runner/work/scrollq/scrollq/artifacts/2026-10-03-pherc0139-sheetness-run/specs/surface-0005.json
{
  "campaign_decision_rule": {
    "min_median_abs_cosine": 0.7,
    "min_median_normal_offset_margin": 0.0,
    "min_normal_completeness": 1.0,
    "min_normal_offset_win_fraction": 0.75,
    "min_score_completeness": 1.0
  },
  "campaign_group_id": "surface-0005",
  "campaign_plan_canonical_sha256": "f2f9817b2f5b71878ff8b82b481d8f17db601cd864c595a563633fcc9aea1439",
  "campaign_plan_sha256": "76c58373d2acd5513c505824832b3628b2edaf695072cfb48560fb8646a45a2e",
  "campaign_schema": "scroliq-sheetness-campaign/1",
  "claim_boundary": "This v3 spec materializes one already-frozen campaign group against the exact deterministic sheetness report/cutout bytes. Its local decision rule checks measurement completeness only; the scientific pass/fail rule is applied across all frozen groups by scroliq-sheetness-campaign aggregate.",
  "cutout_manifest_sha256": "009d7d49b0e4d378faf02243eef332da27b56b5c0b1527d1a1ab9abf591a651d",
  "decision_rule": {
    "min_median_abs_cosine": 0.0,
    "min_median_normal_offset_margin": -1.0,
    "min_normal_completeness": 1.0,
    "min_normal_offset_win_fraction": 0.0,
    "min_score_completeness": 1.0
  },
  "frozen_engine": {
    "code_revision": "65bb493b87795011e1bed1ed0b2e0272e0f5a733",
    "max_voxels": 2500000,
    "method": "itk-hessian-objectness-m2-n3-compatible",
    "normalization": {
      "enabled": true,
      "lower_percentile": 1.0,
      "upper_percentile": 99.0
    },
    "parameters": {
      "beta": 0.5,
      "bright_object": true,
      "gamma": 0.1,
      "scale_objectness": false,
      "sigmas": [
        0.8,
        1.2,
        1.8
      ]
    },
    "seed": null,
    "sheetness_benchmark_py_sha256": "0c0b3b5c4eeedfc8a5002b356439c874849301588c5a1c2ee53e9cf43eb88e79",
    "sheetness_campaign_py_sha256": "6ba6a78cb5ab45c8ddb462df59f99034ce0697617d3e3502e61b5f57b411a243",
    "sheetness_py_sha256": "d04c84aaadad5d3b42f372b9702c3980ae4dad8cc895fa0b02c9264d44473a51",
    "stochastic": false,
    "write_normal": true
  },
  "groups": [
    {
      "controls": [
        {
          "id": "surface-0005-offset-01",
          "role": "normal-offset",
          "zyx": [
            10.702644675546253,
            13.872987904760976,
            8.958760642315383
          ]
        },
        {
          "id": "surface-0005-offset-02",
          "role": "normal-offset",
          "zyx": [
            10.235355540898126,
            17.84335430394276,
            9.092295360220305
          ]
        },
        {
          "id": "surface-0005-offset-03",
          "role": "normal-offset",
          "zyx": [
            9.300777271601874,
            25.78408710230724,
            9.359364796029695
          ]
        },
        {
          "id": "surface-0005-offset-04",
          "role": "normal-offset",
          "zyx": [
            8.833488136953747,
            29.754453501489024,
            9.492899513934617
          ]
        },
        {
          "id": "surface-0005-wrong-wrap",
          "role": "wrong-wrap",
          "zyx": [
            11.345167235687768,
            8.413734105885396,
            8.775150405196428
          ]
        }
      ],
      "id": "surface-0005",
      "surface": {
        "reference_normal_zyx": [
          -0.11682228366204776,
          0.9925915997955125,
          0.03338367947619455
        ],
        "zyx": [
          9.76806640625,
          21.813720703125,
          9.225830078125
        ]
      }
    }
  ],
  "input_sha256": "95f85c57222217a07a6d3d17276f3abe764c389150badc86c403662a7d893582",
  "schema_version": 3,
  "sheetness_report_sha256": "eb624fab9acdd5f0c913de84f97dd07cfd1f15f323adfbaae484699bd4cea483",
  "source_attestation": {
    "algorithm": "zpa-metadata-semantics-v1",
    "metadata_semantics_sha256": "58a956b0623bce7ba4f6fc38ec159cc4e500b2859b6619152574d5c9020c9bed",
    "state": "PRESENT"
  },
  "volume_root": "PHerc0139/volumes/20250728140407-9.362um-1.2m-113keV-masked.zarr"
}
$ scroliq-sheetness-eval --spec /home/runner/work/scrollq/scrollq/artifacts/2026-10-03-pherc0139-sheetness-run/specs/surface-0005.json --cutout-manifest /home/runner/work/scrollq/scrollq/artifacts/2026-10-03-pherc0139-sheetness-run/groups/surface-0005/cutout.json --report /home/runner/work/scrollq/scrollq/artifacts/2026-10-03-pherc0139-sheetness-run/groups/surface-0005/sheetness.sheetness.json --response /home/runner/work/scrollq/scrollq/artifacts/2026-10-03-pherc0139-sheetness-run/groups/surface-0005/sheetness.sheetness.npy --normal /home/runner/work/scrollq/scrollq/artifacts/2026-10-03-pherc0139-sheetness-run/groups/surface-0005/sheetness.normal-zyx.npy --out /home/runner/work/scrollq/scrollq/artifacts/2026-10-03-pherc0139-sheetness-run/results/surface-0005.json
{
  "claim_boundary": "This result tests whether a frozen sheetness field localizes a candidate surface relative to deliberate normal offsets on an exact audited CT volume. Wrong-wrap/competing-sheet probes are retained as mandatory descriptive controls, not a pass/fail target, because another papyrus sheet is itself sheet-like. This does not establish physical sheet identity/topology or demonstrate readable ink.",
  "decision_checks": {
    "median_abs_cosine": true,
    "median_normal_offset_margin": true,
    "normal_completeness": true,
    "normal_offset_win_fraction": true,
    "score_completeness": true
  },
  "engine": {
    "method": "itk-hessian-objectness-m2-n3-compatible",
    "normalization": {
      "enabled": true,
      "lower_percentile": 1.0,
      "lower_value": 15.0,
      "upper_percentile": 99.0,
      "upper_value": 169.0
    },
    "parameters": {
      "beta": 0.5,
      "bright_object": true,
      "gamma": 0.1,
      "scale_objectness": false,
      "sigmas": [
        0.8,
        1.2,
        1.8
      ]
    },
    "report_sha256": "eb624fab9acdd5f0c913de84f97dd07cfd1f15f323adfbaae484699bd4cea483",
    "seed": null,
    "stochastic": false
  },
  "groups": [
    {
      "controls": [
        {
          "failure": null,
          "global_zyx": [
            3801.7026446755463,
            3915.872987904761,
            1947.9587606423154
          ],
          "id": "surface-0005-offset-01",
          "role": "normal-offset",
          "score": 0.039568432166669595,
          "zyx": [
            10.702644675546253,
            13.872987904760976,
            8.958760642315383
          ]
        },
        {
          "failure": null,
          "global_zyx": [
            3801.235355540898,
            3919.8433543039428,
            1948.0922953602203
          ],
          "id": "surface-0005-offset-02",
          "role": "normal-offset",
          "score": 0.4131276855108377,
          "zyx": [
            10.235355540898126,
            17.84335430394276,
            9.092295360220305
          ]
        },
        {
          "failure": null,
          "global_zyx": [
            3800.300777271602,
            3927.7840871023072,
            1948.3593647960297
          ],
          "id": "surface-0005-offset-03",
          "role": "normal-offset",
          "score": 0.08064705432933297,
          "zyx": [
            9.300777271601874,
            25.78408710230724,
            9.359364796029695
          ]
        },
        {
          "failure": null,
          "global_zyx": [
            3799.8334881369537,
            3931.754453501489,
            1948.4928995139346
          ],
          "id": "surface-0005-offset-04",
          "role": "normal-offset",
          "score": 0.19276659945167018,
          "zyx": [
            8.833488136953747,
            29.754453501489024,
            9.492899513934617
          ]
        },
        {
          "failure": null,
          "global_zyx": [
            3802.3451672356878,
            3910.4137341058854,
            1947.7751504051964
          ],
          "id": "surface-0005-wrong-wrap",
          "role": "wrong-wrap",
          "score": 0.1768164315142701,
          "zyx": [
            11.345167235687768,
            8.413734105885396,
            8.775150405196428
          ]
        }
      ],
      "id": "surface-0005",
      "score_complete": true,
      "surface": {
        "global_zyx": [
          3800.76806640625,
          3923.813720703125,
          1948.225830078125
        ],
        "normal_failure": null,
        "predicted_normal_abs_cosine": 0.8953765769735875,
        "reference_normal_zyx": [
          -0.11682228366204776,
          0.9925915997955125,
          0.03338367947619455
        ],
        "score": 0.0,
        "score_failure": null,
        "zyx": [
          9.76806640625,
          21.813720703125,
          9.225830078125
        ]
      },
      "surface_beats_all_normal_offsets": false,
      "surface_beats_all_wrong_wraps": false,
      "surface_minus_best_normal_offset": -0.4131276855108377,
      "surface_minus_best_wrong_wrap": -0.1768164315142701
    }
  ],
  "inputs": {
    "cutout_manifest_sha256": "009d7d49b0e4d378faf02243eef332da27b56b5c0b1527d1a1ab9abf591a651d",
    "cutout_sha256": "95f85c57222217a07a6d3d17276f3abe764c389150badc86c403662a7d893582",
    "global_bbox_zyx_half_open": {
      "start": [
        3791,
        3902,
        1939
      ],
      "stop": [
        3812,
        3941,
        1958
      ]
    },
    "normal_sha256": "b592e7b60ca857e04b736ccaf47eac1449b41e5fe158158e027de02d1627802c",
    "response_sha256": "edfa9d2e1b49ec55ffcbe633df2fef0206758de1ee448705f9bc21e6dfb52f2d",
    "shape_zyx": [
      21,
      39,
      19
    ],
    "zpa_report_sha256": "9a659bd974478032e1c4115c4e349ea4cd2711e090852500b7396bf480d92bdc"
  },
  "metrics": {
    "group_count": 1,
    "median_abs_cosine": 0.8953765769735875,
    "median_surface_minus_best_normal_offset": -0.4131276855108377,
    "median_surface_minus_best_wrong_wrap_descriptive": -0.1768164315142701,
    "normal_complete_count": 1,
    "normal_completeness": 1.0,
    "normal_offset_win_count": 0,
    "normal_offset_win_fraction": 0.0,
    "score_complete_count": 1,
    "score_completeness": 1.0,
    "wrong_wrap_win_count_descriptive": 0,
    "wrong_wrap_win_fraction_descriptive": 0.0
  },
  "schema": "scroliq-sheetness-benchmark/3",
  "source_attestation": {
    "algorithm": "zpa-metadata-semantics-v1",
    "metadata_semantics_sha256": "58a956b0623bce7ba4f6fc38ec159cc4e500b2859b6619152574d5c9020c9bed",
    "state": "PRESENT"
  },
  "spec": {
    "canonical_sha256": "7fd793f8a84b239f20acadcc2c758cd3ea929e738fc0a8116805b8a5b95c4e26",
    "decision_rule": {
      "min_median_abs_cosine": 0.0,
      "min_median_normal_offset_margin": -1.0,
      "min_normal_completeness": 1.0,
      "min_normal_offset_win_fraction": 0.0,
      "min_score_completeness": 1.0
    },
    "file_sha256": "7ddf1215bebc1089648b7cdc865b2e729baefafe00d460a0d78a5d8cace6908a"
  },
  "status": "pass",
  "volume_root": "PHerc0139/volumes/20250728140407-9.362um-1.2m-113keV-masked.zarr",
  "wrong_wrap_interpretation": "descriptive-only: a genuine competing papyrus sheet is also expected to be sheet-like, so wrong-wrap response measures the method's sheet-identity limitation and is not a pass/fail criterion"
}
$ scroliq-ct-cutout --ct-url https://vesuvius-challenge-open-data.s3.amazonaws.com/PHerc0139/volumes/20250728140407-9.362um-1.2m-113keV-masked.zarr --volume-root PHerc0139/volumes/20250728140407-9.362um-1.2m-113keV-masked.zarr --zpa-report /home/runner/work/scrollq/scrollq/artifacts/2026-10-03-pherc0139-sheetness-prereg/zpa.json --start 3941,2462,3163 --stop 3963,2500,3186 --out /home/runner/work/scrollq/scrollq/artifacts/2026-10-03-pherc0139-sheetness-run/groups/surface-0006/cutout.npy --manifest /home/runner/work/scrollq/scrollq/artifacts/2026-10-03-pherc0139-sheetness-run/groups/surface-0006/cutout.json
{
  "bbox_zyx_half_open": {
    "start": [
      3941,
      2462,
      3163
    ],
    "stop": [
      3963,
      2500,
      3186
    ]
  },
  "claim_boundary": "This manifest binds one local NumPy cutout to an exact audited level-0 ZYX box and records every touched source chunk. It does not establish papyrus sheet identity, topology, ink, or readability.",
  "coordinate_space": "level0-voxel-index",
  "ct_url": "https://vesuvius-challenge-open-data.s3.amazonaws.com/PHerc0139/volumes/20250728140407-9.362um-1.2m-113keV-masked.zarr",
  "cutout": {
    "dtype": "uint8",
    "path": "/home/runner/work/scrollq/scrollq/artifacts/2026-10-03-pherc0139-sheetness-run/groups/surface-0006/cutout.npy",
    "sha256": "e7d238cef37988f32d6f9ef56bbe26691c97363a4aa306e1ece7ac8d040652c5",
    "shape_zyx": [
      22,
      38,
      23
    ]
  },
  "level": 0,
  "local_to_global": {
    "definition": "global_zyx = local_zyx + start_zyx",
    "kind": "integer-translation",
    "start_zyx": [
      3941,
      2462,
      3163
    ]
  },
  "schema": "scroliq-ct-cutout/1",
  "source_array": {
    "chunks_zyx": [
      128,
      128,
      128
    ],
    "dtype": "|u1",
    "path": "0",
    "shape_zyx": [
      20974,
      6621,
      6621
    ]
  },
  "source_attestation": {
    "absolute_scale_state": "unspecified",
    "algorithm": "zpa-metadata-semantics-v1",
    "axes": [
      "z",
      "y",
      "x"
    ],
    "base_declared_scale": [
      1.0,
      1.0,
      1.0
    ],
    "metadata_semantics_sha256": "58a956b0623bce7ba4f6fc38ec159cc4e500b2859b6619152574d5c9020c9bed",
    "spatial_axes": [
      {
        "index": 0,
        "name": "z",
        "unit": null
      },
      {
        "index": 1,
        "name": "y",
        "unit": null
      },
      {
        "index": 2,
        "name": "x",
        "unit": null
      }
    ],
    "state": "PRESENT"
  },
  "source_chunks": {
    "count": 1,
    "missing_count": 0,
    "touched_zyx": [
      [
        30,
        19,
        24
      ]
    ]
  },
  "status": "measured",
  "volume_root": "PHerc0139/volumes/20250728140407-9.362um-1.2m-113keV-masked.zarr",
  "zpa_report": {
    "integrity": "PASS",
    "path": "/home/runner/work/scrollq/scrollq/artifacts/2026-10-03-pherc0139-sheetness-prereg/zpa.json",
    "schema_version": "1.3.0",
    "sha256": "9a659bd974478032e1c4115c4e349ea4cd2711e090852500b7396bf480d92bdc"
  }
}
$ scroliq-sheetness /home/runner/work/scrollq/scrollq/artifacts/2026-10-03-pherc0139-sheetness-run/groups/surface-0006/cutout.npy --out-prefix /home/runner/work/scrollq/scrollq/artifacts/2026-10-03-pherc0139-sheetness-run/groups/surface-0006/sheetness --sigmas 0.8,1.2,1.8 --beta 0.5 --gamma 0.1 --bright-object --normalize-low 1.0 --normalize-high 99.0 --write-normal --max-voxels 2500000
{
  "input": {
    "dtype": "uint8",
    "path": "/home/runner/work/scrollq/scrollq/artifacts/2026-10-03-pherc0139-sheetness-run/groups/surface-0006/cutout.npy",
    "sha256": "e7d238cef37988f32d6f9ef56bbe26691c97363a4aa306e1ece7ac8d040652c5",
    "shape_zyx": [
      22,
      38,
      23
    ],
    "voxels": 19228
  },
  "kind": "sheetness",
  "method": "itk-hessian-objectness-m2-n3-compatible",
  "normal": {
    "basis": "ZYX voxel axes",
    "interpretation": "unit eigenvector of the largest-absolute Hessian eigenvalue at the winning scale; sign is arbitrary",
    "output_path": "/home/runner/work/scrollq/scrollq/artifacts/2026-10-03-pherc0139-sheetness-run/groups/surface-0006/sheetness.normal-zyx.npy",
    "output_sha256": "1528238be8b4535b859ae4360c8822f3e2bf8d9bf89876b00ff0d04fa4268e93"
  },
  "normalization": {
    "enabled": true,
    "lower_percentile": 1.0,
    "lower_value": 8.0,
    "upper_percentile": 99.0,
    "upper_value": 185.0
  },
  "parameters": {
    "beta": 0.5,
    "bright_object": true,
    "gamma": 0.1,
    "scale_objectness": false,
    "sigmas": [
      0.8,
      1.2,
      1.8
    ]
  },
  "per_scale": [
    {
      "response_max": 0.7130337357521057,
      "response_mean": 0.08046306669712067,
      "response_p99": 0.5813164710998535,
      "sigma": 0.8
    },
    {
      "response_max": 0.9580436944961548,
      "response_mean": 0.1389869600534439,
      "response_p99": 0.8581655621528625,
      "sigma": 1.2
    },
    {
      "response_max": 0.9853166937828064,
      "response_mean": 0.17891544103622437,
      "response_p99": 0.9397740364074707,
      "sigma": 1.8
    }
  ],
  "response": {
    "nonzero_fraction": 0.5924693155814438,
    "output_path": "/home/runner/work/scrollq/scrollq/artifacts/2026-10-03-pherc0139-sheetness-run/groups/surface-0006/sheetness.sheetness.npy",
    "output_sha256": "50888f123a6d494aac330591b323b683930be256dbcf06a722be4b66c0223956",
    "summary": {
      "max": 0.9853166937828064,
      "mean": 0.19716569781303406,
      "min": 0.0,
      "p50": 0.06281788647174835,
      "p90": 0.6165319085121155,
      "p99": 0.9397740364074707
    }
  },
  "schema_version": 1,
  "scope": "local 3-D cutout diagnostic; not by itself evidence of correct papyrus identity, winding identity, recto/verso, or readable ink",
  "status": "measured",
  "winning_scale": {
    "counts": {
      "0.800000011920929": 9322,
      "1.2000000476837158": 2929,
      "1.7999999523162842": 6977
    },
    "output_path": "/home/runner/work/scrollq/scrollq/artifacts/2026-10-03-pherc0139-sheetness-run/groups/surface-0006/sheetness.scale.npy",
    "output_sha256": "20048700b91a1963cadc2f3a5aaf174ea22b7bad770c38db0754b3daccd5324f"
  }
}
$ scroliq-sheetness-campaign seal-group --plan /home/runner/work/scrollq/scrollq/artifacts/2026-10-03-pherc0139-sheetness-campaign/campaign-plan.json --group-id surface-0006 --cutout-manifest /home/runner/work/scrollq/scrollq/artifacts/2026-10-03-pherc0139-sheetness-run/groups/surface-0006/cutout.json --sheetness-report /home/runner/work/scrollq/scrollq/artifacts/2026-10-03-pherc0139-sheetness-run/groups/surface-0006/sheetness.sheetness.json --out /home/runner/work/scrollq/scrollq/artifacts/2026-10-03-pherc0139-sheetness-run/specs/surface-0006.json
{
  "campaign_decision_rule": {
    "min_median_abs_cosine": 0.7,
    "min_median_normal_offset_margin": 0.0,
    "min_normal_completeness": 1.0,
    "min_normal_offset_win_fraction": 0.75,
    "min_score_completeness": 1.0
  },
  "campaign_group_id": "surface-0006",
  "campaign_plan_canonical_sha256": "f2f9817b2f5b71878ff8b82b481d8f17db601cd864c595a563633fcc9aea1439",
  "campaign_plan_sha256": "76c58373d2acd5513c505824832b3628b2edaf695072cfb48560fb8646a45a2e",
  "campaign_schema": "scroliq-sheetness-campaign/1",
  "claim_boundary": "This v3 spec materializes one already-frozen campaign group against the exact deterministic sheetness report/cutout bytes. Its local decision rule checks measurement completeness only; the scientific pass/fail rule is applied across all frozen groups by scroliq-sheetness-campaign aggregate.",
  "cutout_manifest_sha256": "1e6aba89586319c7d551e89d474f069d15ceabaf0ebb3eee1ca9a68c6567783d",
  "decision_rule": {
    "min_median_abs_cosine": 0.0,
    "min_median_normal_offset_margin": -1.0,
    "min_normal_completeness": 1.0,
    "min_normal_offset_win_fraction": 0.0,
    "min_score_completeness": 1.0
  },
  "frozen_engine": {
    "code_revision": "65bb493b87795011e1bed1ed0b2e0272e0f5a733",
    "max_voxels": 2500000,
    "method": "itk-hessian-objectness-m2-n3-compatible",
    "normalization": {
      "enabled": true,
      "lower_percentile": 1.0,
      "upper_percentile": 99.0
    },
    "parameters": {
      "beta": 0.5,
      "bright_object": true,
      "gamma": 0.1,
      "scale_objectness": false,
      "sigmas": [
        0.8,
        1.2,
        1.8
      ]
    },
    "seed": null,
    "sheetness_benchmark_py_sha256": "0c0b3b5c4eeedfc8a5002b356439c874849301588c5a1c2ee53e9cf43eb88e79",
    "sheetness_campaign_py_sha256": "6ba6a78cb5ab45c8ddb462df59f99034ce0697617d3e3502e61b5f57b411a243",
    "sheetness_py_sha256": "d04c84aaadad5d3b42f372b9702c3980ae4dad8cc895fa0b02c9264d44473a51",
    "stochastic": false,
    "write_normal": true
  },
  "groups": [
    {
      "controls": [
        {
          "id": "surface-0006-offset-01",
          "role": "normal-offset",
          "zyx": [
            8.005042131201208,
            28.260538458040628,
            13.002980866032885
          ]
        },
        {
          "id": "surface-0006-offset-02",
          "role": "normal-offset",
          "zyx": [
            8.815143135913331,
            24.423482119645087,
            12.215113479891443
          ]
        },
        {
          "id": "surface-0006-offset-03",
          "role": "normal-offset",
          "zyx": [
            10.435345145336669,
            16.749369442854913,
            10.639378707608557
          ]
        },
        {
          "id": "surface-0006-offset-04",
          "role": "normal-offset",
          "zyx": [
            11.245446150048792,
            12.912313104459372,
            9.851511321467115
          ]
        },
        {
          "id": "surface-0006-wrong-wrap",
          "role": "wrong-wrap",
          "zyx": [
            12.258072405938492,
            8.115992681465286,
            8.866677088790311
          ]
        }
      ],
      "id": "surface-0006",
      "surface": {
        "reference_normal_zyx": [
          0.2025252511779593,
          -0.9592640845988216,
          -0.19696684653537333
        ],
        "zyx": [
          9.625244140625,
          20.58642578125,
          11.42724609375
        ]
      }
    }
  ],
  "input_sha256": "e7d238cef37988f32d6f9ef56bbe26691c97363a4aa306e1ece7ac8d040652c5",
  "schema_version": 3,
  "sheetness_report_sha256": "789c6baf55519017a931cb78c0922a2e48593ecd6ef4572429c9fc21ac188ede",
  "source_attestation": {
    "algorithm": "zpa-metadata-semantics-v1",
    "metadata_semantics_sha256": "58a956b0623bce7ba4f6fc38ec159cc4e500b2859b6619152574d5c9020c9bed",
    "state": "PRESENT"
  },
  "volume_root": "PHerc0139/volumes/20250728140407-9.362um-1.2m-113keV-masked.zarr"
}
$ scroliq-sheetness-eval --spec /home/runner/work/scrollq/scrollq/artifacts/2026-10-03-pherc0139-sheetness-run/specs/surface-0006.json --cutout-manifest /home/runner/work/scrollq/scrollq/artifacts/2026-10-03-pherc0139-sheetness-run/groups/surface-0006/cutout.json --report /home/runner/work/scrollq/scrollq/artifacts/2026-10-03-pherc0139-sheetness-run/groups/surface-0006/sheetness.sheetness.json --response /home/runner/work/scrollq/scrollq/artifacts/2026-10-03-pherc0139-sheetness-run/groups/surface-0006/sheetness.sheetness.npy --normal /home/runner/work/scrollq/scrollq/artifacts/2026-10-03-pherc0139-sheetness-run/groups/surface-0006/sheetness.normal-zyx.npy --out /home/runner/work/scrollq/scrollq/artifacts/2026-10-03-pherc0139-sheetness-run/results/surface-0006.json
{
  "claim_boundary": "This result tests whether a frozen sheetness field localizes a candidate surface relative to deliberate normal offsets on an exact audited CT volume. Wrong-wrap/competing-sheet probes are retained as mandatory descriptive controls, not a pass/fail target, because another papyrus sheet is itself sheet-like. This does not establish physical sheet identity/topology or demonstrate readable ink.",
  "decision_checks": {
    "median_abs_cosine": true,
    "median_normal_offset_margin": true,
    "normal_completeness": true,
    "normal_offset_win_fraction": true,
    "score_completeness": true
  },
  "engine": {
    "method": "itk-hessian-objectness-m2-n3-compatible",
    "normalization": {
      "enabled": true,
      "lower_percentile": 1.0,
      "lower_value": 8.0,
      "upper_percentile": 99.0,
      "upper_value": 185.0
    },
    "parameters": {
      "beta": 0.5,
      "bright_object": true,
      "gamma": 0.1,
      "scale_objectness": false,
      "sigmas": [
        0.8,
        1.2,
        1.8
      ]
    },
    "report_sha256": "789c6baf55519017a931cb78c0922a2e48593ecd6ef4572429c9fc21ac188ede",
    "seed": null,
    "stochastic": false
  },
  "groups": [
    {
      "controls": [
        {
          "failure": null,
          "global_zyx": [
            3949.005042131201,
            2490.2605384580406,
            3176.002980866033
          ],
          "id": "surface-0006-offset-01",
          "role": "normal-offset",
          "score": 0.0,
          "zyx": [
            8.005042131201208,
            28.260538458040628,
            13.002980866032885
          ]
        },
        {
          "failure": null,
          "global_zyx": [
            3949.8151431359133,
            2486.423482119645,
            3175.2151134798914
          ],
          "id": "surface-0006-offset-02",
          "role": "normal-offset",
          "score": 0.1726749514260598,
          "zyx": [
            8.815143135913331,
            24.423482119645087,
            12.215113479891443
          ]
        },
        {
          "failure": null,
          "global_zyx": [
            3951.4353451453367,
            2478.749369442855,
            3173.6393787076086
          ],
          "id": "surface-0006-offset-03",
          "role": "normal-offset",
          "score": 0.051956083396805235,
          "zyx": [
            10.435345145336669,
            16.749369442854913,
            10.639378707608557
          ]
        },
        {
          "failure": null,
          "global_zyx": [
            3952.245446150049,
            2474.9123131044594,
            3172.851511321467
          ],
          "id": "surface-0006-offset-04",
          "role": "normal-offset",
          "score": 0.6037751401793384,
          "zyx": [
            11.245446150048792,
            12.912313104459372,
            9.851511321467115
          ]
        },
        {
          "failure": null,
          "global_zyx": [
            3953.2580724059385,
            2470.1159926814653,
            3171.8666770887903
          ],
          "id": "surface-0006-wrong-wrap",
          "role": "wrong-wrap",
          "score": 0.0,
          "zyx": [
            12.258072405938492,
            8.115992681465286,
            8.866677088790311
          ]
        }
      ],
      "id": "surface-0006",
      "score_complete": true,
      "surface": {
        "global_zyx": [
          3950.625244140625,
          2482.58642578125,
          3174.42724609375
        ],
        "normal_failure": null,
        "predicted_normal_abs_cosine": 0.9895485416236729,
        "reference_normal_zyx": [
          0.2025252511779593,
          -0.9592640845988216,
          -0.19696684653537333
        ],
        "score": 0.10058276868006986,
        "score_failure": null,
        "zyx": [
          9.625244140625,
          20.58642578125,
          11.42724609375
        ]
      },
      "surface_beats_all_normal_offsets": false,
      "surface_beats_all_wrong_wraps": true,
      "surface_minus_best_normal_offset": -0.5031923714992685,
      "surface_minus_best_wrong_wrap": 0.10058276868006986
    }
  ],
  "inputs": {
    "cutout_manifest_sha256": "1e6aba89586319c7d551e89d474f069d15ceabaf0ebb3eee1ca9a68c6567783d",
    "cutout_sha256": "e7d238cef37988f32d6f9ef56bbe26691c97363a4aa306e1ece7ac8d040652c5",
    "global_bbox_zyx_half_open": {
      "start": [
        3941,
        2462,
        3163
      ],
      "stop": [
        3963,
        2500,
        3186
      ]
    },
    "normal_sha256": "1528238be8b4535b859ae4360c8822f3e2bf8d9bf89876b00ff0d04fa4268e93",
    "response_sha256": "50888f123a6d494aac330591b323b683930be256dbcf06a722be4b66c0223956",
    "shape_zyx": [
      22,
      38,
      23
    ],
    "zpa_report_sha256": "9a659bd974478032e1c4115c4e349ea4cd2711e090852500b7396bf480d92bdc"
  },
  "metrics": {
    "group_count": 1,
    "median_abs_cosine": 0.9895485416236729,
    "median_surface_minus_best_normal_offset": -0.5031923714992685,
    "median_surface_minus_best_wrong_wrap_descriptive": 0.10058276868006986,
    "normal_complete_count": 1,
    "normal_completeness": 1.0,
    "normal_offset_win_count": 0,
    "normal_offset_win_fraction": 0.0,
    "score_complete_count": 1,
    "score_completeness": 1.0,
    "wrong_wrap_win_count_descriptive": 1,
    "wrong_wrap_win_fraction_descriptive": 1.0
  },
  "schema": "scroliq-sheetness-benchmark/3",
  "source_attestation": {
    "algorithm": "zpa-metadata-semantics-v1",
    "metadata_semantics_sha256": "58a956b0623bce7ba4f6fc38ec159cc4e500b2859b6619152574d5c9020c9bed",
    "state": "PRESENT"
  },
  "spec": {
    "canonical_sha256": "5edc338fc20864481073d4537bfaceff709664b31ab9acd0666be552344db2a7",
    "decision_rule": {
      "min_median_abs_cosine": 0.0,
      "min_median_normal_offset_margin": -1.0,
      "min_normal_completeness": 1.0,
      "min_normal_offset_win_fraction": 0.0,
      "min_score_completeness": 1.0
    },
    "file_sha256": "b984e07a208e7b5e9a3b6a584363e8334e923ca40b1a85fe7d55217dd2b91eee"
  },
  "status": "pass",
  "volume_root": "PHerc0139/volumes/20250728140407-9.362um-1.2m-113keV-masked.zarr",
  "wrong_wrap_interpretation": "descriptive-only: a genuine competing papyrus sheet is also expected to be sheet-like, so wrong-wrap response measures the method's sheet-identity limitation and is not a pass/fail criterion"
}
$ scroliq-ct-cutout --ct-url https://vesuvius-challenge-open-data.s3.amazonaws.com/PHerc0139/volumes/20250728140407-9.362um-1.2m-113keV-masked.zarr --volume-root PHerc0139/volumes/20250728140407-9.362um-1.2m-113keV-masked.zarr --zpa-report /home/runner/work/scrollq/scrollq/artifacts/2026-10-03-pherc0139-sheetness-prereg/zpa.json --start 4042,2733,4081 --stop 4062,2779,4120 --out /home/runner/work/scrollq/scrollq/artifacts/2026-10-03-pherc0139-sheetness-run/groups/surface-0007/cutout.npy --manifest /home/runner/work/scrollq/scrollq/artifacts/2026-10-03-pherc0139-sheetness-run/groups/surface-0007/cutout.json
{
  "bbox_zyx_half_open": {
    "start": [
      4042,
      2733,
      4081
    ],
    "stop": [
      4062,
      2779,
      4120
    ]
  },
  "claim_boundary": "This manifest binds one local NumPy cutout to an exact audited level-0 ZYX box and records every touched source chunk. It does not establish papyrus sheet identity, topology, ink, or readability.",
  "coordinate_space": "level0-voxel-index",
  "ct_url": "https://vesuvius-challenge-open-data.s3.amazonaws.com/PHerc0139/volumes/20250728140407-9.362um-1.2m-113keV-masked.zarr",
  "cutout": {
    "dtype": "uint8",
    "path": "/home/runner/work/scrollq/scrollq/artifacts/2026-10-03-pherc0139-sheetness-run/groups/surface-0007/cutout.npy",
    "sha256": "d25f353c8b4b77c262fa592bc6b7f32a79c461db265fe513cfbf2fa6d71dbe0a",
    "shape_zyx": [
      20,
      46,
      39
    ]
  },
  "level": 0,
  "local_to_global": {
    "definition": "global_zyx = local_zyx + start_zyx",
    "kind": "integer-translation",
    "start_zyx": [
      4042,
      2733,
      4081
    ]
  },
  "schema": "scroliq-ct-cutout/1",
  "source_array": {
    "chunks_zyx": [
      128,
      128,
      128
    ],
    "dtype": "|u1",
    "path": "0",
    "shape_zyx": [
      20974,
      6621,
      6621
    ]
  },
  "source_attestation": {
    "absolute_scale_state": "unspecified",
    "algorithm": "zpa-metadata-semantics-v1",
    "axes": [
      "z",
      "y",
      "x"
    ],
    "base_declared_scale": [
      1.0,
      1.0,
      1.0
    ],
    "metadata_semantics_sha256": "58a956b0623bce7ba4f6fc38ec159cc4e500b2859b6619152574d5c9020c9bed",
    "spatial_axes": [
      {
        "index": 0,
        "name": "z",
        "unit": null
      },
      {
        "index": 1,
        "name": "y",
        "unit": null
      },
      {
        "index": 2,
        "name": "x",
        "unit": null
      }
    ],
    "state": "PRESENT"
  },
  "source_chunks": {
    "count": 2,
    "missing_count": 0,
    "touched_zyx": [
      [
        31,
        21,
        31
      ],
      [
        31,
        21,
        32
      ]
    ]
  },
  "status": "measured",
  "volume_root": "PHerc0139/volumes/20250728140407-9.362um-1.2m-113keV-masked.zarr",
  "zpa_report": {
    "integrity": "PASS",
    "path": "/home/runner/work/scrollq/scrollq/artifacts/2026-10-03-pherc0139-sheetness-prereg/zpa.json",
    "schema_version": "1.3.0",
    "sha256": "9a659bd974478032e1c4115c4e349ea4cd2711e090852500b7396bf480d92bdc"
  }
}
$ scroliq-sheetness /home/runner/work/scrollq/scrollq/artifacts/2026-10-03-pherc0139-sheetness-run/groups/surface-0007/cutout.npy --out-prefix /home/runner/work/scrollq/scrollq/artifacts/2026-10-03-pherc0139-sheetness-run/groups/surface-0007/sheetness --sigmas 0.8,1.2,1.8 --beta 0.5 --gamma 0.1 --bright-object --normalize-low 1.0 --normalize-high 99.0 --write-normal --max-voxels 2500000
{
  "input": {
    "dtype": "uint8",
    "path": "/home/runner/work/scrollq/scrollq/artifacts/2026-10-03-pherc0139-sheetness-run/groups/surface-0007/cutout.npy",
    "sha256": "d25f353c8b4b77c262fa592bc6b7f32a79c461db265fe513cfbf2fa6d71dbe0a",
    "shape_zyx": [
      20,
      46,
      39
    ],
    "voxels": 35880
  },
  "kind": "sheetness",
  "method": "itk-hessian-objectness-m2-n3-compatible",
  "normal": {
    "basis": "ZYX voxel axes",
    "interpretation": "unit eigenvector of the largest-absolute Hessian eigenvalue at the winning scale; sign is arbitrary",
    "output_path": "/home/runner/work/scrollq/scrollq/artifacts/2026-10-03-pherc0139-sheetness-run/groups/surface-0007/sheetness.normal-zyx.npy",
    "output_sha256": "e4b2a228e37067722c371649037e69a684d62052629b50c3a924fcd0153e42a3"
  },
  "normalization": {
    "enabled": true,
    "lower_percentile": 1.0,
    "lower_value": 18.0,
    "upper_percentile": 99.0,
    "upper_value": 183.0
  },
  "parameters": {
    "beta": 0.5,
    "bright_object": true,
    "gamma": 0.1,
    "scale_objectness": false,
    "sigmas": [
      0.8,
      1.2,
      1.8
    ]
  },
  "per_scale": [
    {
      "response_max": 0.8511466979980469,
      "response_mean": 0.05989859625697136,
      "response_p99": 0.6113861203193665,
      "sigma": 0.8
    },
    {
      "response_max": 0.9653638005256653,
      "response_mean": 0.10474510490894318,
      "response_p99": 0.8567052483558655,
      "sigma": 1.2
    },
    {
      "response_max": 0.9905661940574646,
      "response_mean": 0.1428678333759308,
      "response_p99": 0.9252482056617737,
      "sigma": 1.8
    }
  ],
  "response": {
    "nonzero_fraction": 0.6369007803790413,
    "output_path": "/home/runner/work/scrollq/scrollq/artifacts/2026-10-03-pherc0139-sheetness-run/groups/surface-0007/sheetness.sheetness.npy",
    "output_sha256": "cdcf3154d2c4eb743ab6725874a06e053926a7ba8e461eb1682be466378b6512",
    "summary": {
      "max": 0.9905661940574646,
      "mean": 0.15085497498512268,
      "min": 0.0,
      "p50": 0.004621746018528938,
      "p90": 0.6439142823219299,
      "p99": 0.9252482056617737
    }
  },
  "schema_version": 1,
  "scope": "local 3-D cutout diagnostic; not by itself evidence of correct papyrus identity, winding identity, recto/verso, or readable ink",
  "status": "measured",
  "winning_scale": {
    "counts": {
      "0.800000011920929": 16737,
      "1.2000000476837158": 5644,
      "1.7999999523162842": 13499
    },
    "output_path": "/home/runner/work/scrollq/scrollq/artifacts/2026-10-03-pherc0139-sheetness-run/groups/surface-0007/sheetness.scale.npy",
    "output_sha256": "8f4e65d066dff09908dc0271ccd3cfe4a6c502c7fc2294a62338461e53ca225e"
  }
}
$ scroliq-sheetness-campaign seal-group --plan /home/runner/work/scrollq/scrollq/artifacts/2026-10-03-pherc0139-sheetness-campaign/campaign-plan.json --group-id surface-0007 --cutout-manifest /home/runner/work/scrollq/scrollq/artifacts/2026-10-03-pherc0139-sheetness-run/groups/surface-0007/cutout.json --sheetness-report /home/runner/work/scrollq/scrollq/artifacts/2026-10-03-pherc0139-sheetness-run/groups/surface-0007/sheetness.sheetness.json --out /home/runner/work/scrollq/scrollq/artifacts/2026-10-03-pherc0139-sheetness-run/specs/surface-0007.json
{
  "campaign_decision_rule": {
    "min_median_abs_cosine": 0.7,
    "min_median_normal_offset_margin": 0.0,
    "min_normal_completeness": 1.0,
    "min_normal_offset_win_fraction": 0.75,
    "min_score_completeness": 1.0
  },
  "campaign_group_id": "surface-0007",
  "campaign_plan_canonical_sha256": "f2f9817b2f5b71878ff8b82b481d8f17db601cd864c595a563633fcc9aea1439",
  "campaign_plan_sha256": "76c58373d2acd5513c505824832b3628b2edaf695072cfb48560fb8646a45a2e",
  "campaign_schema": "scroliq-sheetness-campaign/1",
  "claim_boundary": "This v3 spec materializes one already-frozen campaign group against the exact deterministic sheetness report/cutout bytes. Its local decision rule checks measurement completeness only; the scientific pass/fail rule is applied across all frozen groups by scroliq-sheetness-campaign aggregate.",
  "cutout_manifest_sha256": "99fcfbc8c080292d98d597670a030074ea49090b6b78ec5b86cd220ef4ce964d",
  "decision_rule": {
    "min_median_abs_cosine": 0.0,
    "min_median_normal_offset_margin": -1.0,
    "min_normal_completeness": 1.0,
    "min_normal_offset_win_fraction": 0.0,
    "min_score_completeness": 1.0
  },
  "frozen_engine": {
    "code_revision": "65bb493b87795011e1bed1ed0b2e0272e0f5a733",
    "max_voxels": 2500000,
    "method": "itk-hessian-objectness-m2-n3-compatible",
    "normalization": {
      "enabled": true,
      "lower_percentile": 1.0,
      "upper_percentile": 99.0
    },
    "parameters": {
      "beta": 0.5,
      "bright_object": true,
      "gamma": 0.1,
      "scale_objectness": false,
      "sigmas": [
        0.8,
        1.2,
        1.8
      ]
    },
    "seed": null,
    "sheetness_benchmark_py_sha256": "0c0b3b5c4eeedfc8a5002b356439c874849301588c5a1c2ee53e9cf43eb88e79",
    "sheetness_campaign_py_sha256": "6ba6a78cb5ab45c8ddb462df59f99034ce0697617d3e3502e61b5f57b411a243",
    "sheetness_py_sha256": "d04c84aaadad5d3b42f372b9702c3980ae4dad8cc895fa0b02c9264d44473a51",
    "stochastic": false,
    "write_normal": true
  },
  "groups": [
    {
      "controls": [
        {
          "id": "surface-0007-offset-01",
          "role": "normal-offset",
          "zyx": [
            8.55999172923157,
            36.95711441019148,
            8.451859608788254
          ]
        },
        {
          "id": "surface-0007-offset-02",
          "role": "normal-offset",
          "zyx": [
            8.783047622428512,
            33.72977790822097,
            10.804421015331627
          ]
        },
        {
          "id": "surface-0007-offset-03",
          "role": "normal-offset",
          "zyx": [
            9.229159408821488,
            27.275104904279033,
            15.509543828418828
          ]
        },
        {
          "id": "surface-0007-offset-04",
          "role": "normal-offset",
          "zyx": [
            9.45221530201843,
            24.04776840230852,
            17.862105234961746
          ]
        },
        {
          "id": "surface-0007-wrong-wrap",
          "role": "wrong-wrap",
          "zyx": [
            10.539612781351934,
            8.314502955201078,
            29.330842091861086
          ]
        }
      ],
      "id": "surface-0007",
      "surface": {
        "reference_normal_zyx": [
          0.055763973299158276,
          -0.8068341254926874,
          0.58814035163585
        ],
        "zyx": [
          9.006103515625,
          30.50244140625,
          13.156982421875
        ]
      }
    }
  ],
  "input_sha256": "d25f353c8b4b77c262fa592bc6b7f32a79c461db265fe513cfbf2fa6d71dbe0a",
  "schema_version": 3,
  "sheetness_report_sha256": "41977ef37e64097e0e03b4944d1d59bcdb986f3533e16a3fb032d985a6ee3205",
  "source_attestation": {
    "algorithm": "zpa-metadata-semantics-v1",
    "metadata_semantics_sha256": "58a956b0623bce7ba4f6fc38ec159cc4e500b2859b6619152574d5c9020c9bed",
    "state": "PRESENT"
  },
  "volume_root": "PHerc0139/volumes/20250728140407-9.362um-1.2m-113keV-masked.zarr"
}
$ scroliq-sheetness-eval --spec /home/runner/work/scrollq/scrollq/artifacts/2026-10-03-pherc0139-sheetness-run/specs/surface-0007.json --cutout-manifest /home/runner/work/scrollq/scrollq/artifacts/2026-10-03-pherc0139-sheetness-run/groups/surface-0007/cutout.json --report /home/runner/work/scrollq/scrollq/artifacts/2026-10-03-pherc0139-sheetness-run/groups/surface-0007/sheetness.sheetness.json --response /home/runner/work/scrollq/scrollq/artifacts/2026-10-03-pherc0139-sheetness-run/groups/surface-0007/sheetness.sheetness.npy --normal /home/runner/work/scrollq/scrollq/artifacts/2026-10-03-pherc0139-sheetness-run/groups/surface-0007/sheetness.normal-zyx.npy --out /home/runner/work/scrollq/scrollq/artifacts/2026-10-03-pherc0139-sheetness-run/results/surface-0007.json
{
  "claim_boundary": "This result tests whether a frozen sheetness field localizes a candidate surface relative to deliberate normal offsets on an exact audited CT volume. Wrong-wrap/competing-sheet probes are retained as mandatory descriptive controls, not a pass/fail target, because another papyrus sheet is itself sheet-like. This does not establish physical sheet identity/topology or demonstrate readable ink.",
  "decision_checks": {
    "median_abs_cosine": true,
    "median_normal_offset_margin": true,
    "normal_completeness": true,
    "normal_offset_win_fraction": true,
    "score_completeness": true
  },
  "engine": {
    "method": "itk-hessian-objectness-m2-n3-compatible",
    "normalization": {
      "enabled": true,
      "lower_percentile": 1.0,
      "lower_value": 18.0,
      "upper_percentile": 99.0,
      "upper_value": 183.0
    },
    "parameters": {
      "beta": 0.5,
      "bright_object": true,
      "gamma": 0.1,
      "scale_objectness": false,
      "sigmas": [
        0.8,
        1.2,
        1.8
      ]
    },
    "report_sha256": "41977ef37e64097e0e03b4944d1d59bcdb986f3533e16a3fb032d985a6ee3205",
    "seed": null,
    "stochastic": false
  },
  "groups": [
    {
      "controls": [
        {
          "failure": null,
          "global_zyx": [
            4050.5599917292316,
            2769.9571144101915,
            4089.4518596087883
          ],
          "id": "surface-0007-offset-01",
          "role": "normal-offset",
          "score": 0.0008133955766935895,
          "zyx": [
            8.55999172923157,
            36.95711441019148,
            8.451859608788254
          ]
        },
        {
          "failure": null,
          "global_zyx": [
            4050.7830476224285,
            2766.729777908221,
            4091.8044210153316
          ],
          "id": "surface-0007-offset-02",
          "role": "normal-offset",
          "score": 0.005847630577718578,
          "zyx": [
            8.783047622428512,
            33.72977790822097,
            10.804421015331627
          ]
        },
        {
          "failure": null,
          "global_zyx": [
            4051.2291594088215,
            2760.275104904279,
            4096.509543828419
          ],
          "id": "surface-0007-offset-03",
          "role": "normal-offset",
          "score": 0.037851622716186334,
          "zyx": [
            9.229159408821488,
            27.275104904279033,
            15.509543828418828
          ]
        },
        {
          "failure": null,
          "global_zyx": [
            4051.4522153020184,
            2757.0477684023085,
            4098.862105234962
          ],
          "id": "surface-0007-offset-04",
          "role": "normal-offset",
          "score": 0.26375604391218954,
          "zyx": [
            9.45221530201843,
            24.04776840230852,
            17.862105234961746
          ]
        },
        {
          "failure": null,
          "global_zyx": [
            4052.539612781352,
            2741.314502955201,
            4110.330842091861
          ],
          "id": "surface-0007-wrong-wrap",
          "role": "wrong-wrap",
          "score": 0.8247826849712973,
          "zyx": [
            10.539612781351934,
            8.314502955201078,
            29.330842091861086
          ]
        }
      ],
      "id": "surface-0007",
      "score_complete": true,
      "surface": {
        "global_zyx": [
          4051.006103515625,
          2763.50244140625,
          4094.156982421875
        ],
        "normal_failure": null,
        "predicted_normal_abs_cosine": 0.8742252617273454,
        "reference_normal_zyx": [
          0.055763973299158276,
          -0.8068341254926874,
          0.58814035163585
        ],
        "score": 0.047711302680731316,
        "score_failure": null,
        "zyx": [
          9.006103515625,
          30.50244140625,
          13.156982421875
        ]
      },
      "surface_beats_all_normal_offsets": false,
      "surface_beats_all_wrong_wraps": false,
      "surface_minus_best_normal_offset": -0.21604474123145823,
      "surface_minus_best_wrong_wrap": -0.7770713822905659
    }
  ],
  "inputs": {
    "cutout_manifest_sha256": "99fcfbc8c080292d98d597670a030074ea49090b6b78ec5b86cd220ef4ce964d",
    "cutout_sha256": "d25f353c8b4b77c262fa592bc6b7f32a79c461db265fe513cfbf2fa6d71dbe0a",
    "global_bbox_zyx_half_open": {
      "start": [
        4042,
        2733,
        4081
      ],
      "stop": [
        4062,
        2779,
        4120
      ]
    },
    "normal_sha256": "e4b2a228e37067722c371649037e69a684d62052629b50c3a924fcd0153e42a3",
    "response_sha256": "cdcf3154d2c4eb743ab6725874a06e053926a7ba8e461eb1682be466378b6512",
    "shape_zyx": [
      20,
      46,
      39
    ],
    "zpa_report_sha256": "9a659bd974478032e1c4115c4e349ea4cd2711e090852500b7396bf480d92bdc"
  },
  "metrics": {
    "group_count": 1,
    "median_abs_cosine": 0.8742252617273454,
    "median_surface_minus_best_normal_offset": -0.21604474123145823,
    "median_surface_minus_best_wrong_wrap_descriptive": -0.7770713822905659,
    "normal_complete_count": 1,
    "normal_completeness": 1.0,
    "normal_offset_win_count": 0,
    "normal_offset_win_fraction": 0.0,
    "score_complete_count": 1,
    "score_completeness": 1.0,
    "wrong_wrap_win_count_descriptive": 0,
    "wrong_wrap_win_fraction_descriptive": 0.0
  },
  "schema": "scroliq-sheetness-benchmark/3",
  "source_attestation": {
    "algorithm": "zpa-metadata-semantics-v1",
    "metadata_semantics_sha256": "58a956b0623bce7ba4f6fc38ec159cc4e500b2859b6619152574d5c9020c9bed",
    "state": "PRESENT"
  },
  "spec": {
    "canonical_sha256": "3af38a474ac0428e3a267e8f52bc2aa179f681870fdeff0c5cd1670db46dcb98",
    "decision_rule": {
      "min_median_abs_cosine": 0.0,
      "min_median_normal_offset_margin": -1.0,
      "min_normal_completeness": 1.0,
      "min_normal_offset_win_fraction": 0.0,
      "min_score_completeness": 1.0
    },
    "file_sha256": "e0bbbb65ebcc0cf4984329332f2c238696fa30be4ef20348c8206c8359f67e05"
  },
  "status": "pass",
  "volume_root": "PHerc0139/volumes/20250728140407-9.362um-1.2m-113keV-masked.zarr",
  "wrong_wrap_interpretation": "descriptive-only: a genuine competing papyrus sheet is also expected to be sheet-like, so wrong-wrap response measures the method's sheet-identity limitation and is not a pass/fail criterion"
}
$ scroliq-ct-cutout --ct-url https://vesuvius-challenge-open-data.s3.amazonaws.com/PHerc0139/volumes/20250728140407-9.362um-1.2m-113keV-masked.zarr --volume-root PHerc0139/volumes/20250728140407-9.362um-1.2m-113keV-masked.zarr --zpa-report /home/runner/work/scrollq/scrollq/artifacts/2026-10-03-pherc0139-sheetness-prereg/zpa.json --start 4118,3526,4042 --stop 4139,3564,4085 --out /home/runner/work/scrollq/scrollq/artifacts/2026-10-03-pherc0139-sheetness-run/groups/surface-0008/cutout.npy --manifest /home/runner/work/scrollq/scrollq/artifacts/2026-10-03-pherc0139-sheetness-run/groups/surface-0008/cutout.json
{
  "bbox_zyx_half_open": {
    "start": [
      4118,
      3526,
      4042
    ],
    "stop": [
      4139,
      3564,
      4085
    ]
  },
  "claim_boundary": "This manifest binds one local NumPy cutout to an exact audited level-0 ZYX box and records every touched source chunk. It does not establish papyrus sheet identity, topology, ink, or readability.",
  "coordinate_space": "level0-voxel-index",
  "ct_url": "https://vesuvius-challenge-open-data.s3.amazonaws.com/PHerc0139/volumes/20250728140407-9.362um-1.2m-113keV-masked.zarr",
  "cutout": {
    "dtype": "uint8",
    "path": "/home/runner/work/scrollq/scrollq/artifacts/2026-10-03-pherc0139-sheetness-run/groups/surface-0008/cutout.npy",
    "sha256": "e42421a405aa57b320ccbbaf95bf5e7665e4f7309b490e0833b4d687e2196c3d",
    "shape_zyx": [
      21,
      38,
      43
    ]
  },
  "level": 0,
  "local_to_global": {
    "definition": "global_zyx = local_zyx + start_zyx",
    "kind": "integer-translation",
    "start_zyx": [
      4118,
      3526,
      4042
    ]
  },
  "schema": "scroliq-ct-cutout/1",
  "source_array": {
    "chunks_zyx": [
      128,
      128,
      128
    ],
    "dtype": "|u1",
    "path": "0",
    "shape_zyx": [
      20974,
      6621,
      6621
    ]
  },
  "source_attestation": {
    "absolute_scale_state": "unspecified",
    "algorithm": "zpa-metadata-semantics-v1",
    "axes": [
      "z",
      "y",
      "x"
    ],
    "base_declared_scale": [
      1.0,
      1.0,
      1.0
    ],
    "metadata_semantics_sha256": "58a956b0623bce7ba4f6fc38ec159cc4e500b2859b6619152574d5c9020c9bed",
    "spatial_axes": [
      {
        "index": 0,
        "name": "z",
        "unit": null
      },
      {
        "index": 1,
        "name": "y",
        "unit": null
      },
      {
        "index": 2,
        "name": "x",
        "unit": null
      }
    ],
    "state": "PRESENT"
  },
  "source_chunks": {
    "count": 1,
    "missing_count": 0,
    "touched_zyx": [
      [
        32,
        27,
        31
      ]
    ]
  },
  "status": "measured",
  "volume_root": "PHerc0139/volumes/20250728140407-9.362um-1.2m-113keV-masked.zarr",
  "zpa_report": {
    "integrity": "PASS",
    "path": "/home/runner/work/scrollq/scrollq/artifacts/2026-10-03-pherc0139-sheetness-prereg/zpa.json",
    "schema_version": "1.3.0",
    "sha256": "9a659bd974478032e1c4115c4e349ea4cd2711e090852500b7396bf480d92bdc"
  }
}
$ scroliq-sheetness /home/runner/work/scrollq/scrollq/artifacts/2026-10-03-pherc0139-sheetness-run/groups/surface-0008/cutout.npy --out-prefix /home/runner/work/scrollq/scrollq/artifacts/2026-10-03-pherc0139-sheetness-run/groups/surface-0008/sheetness --sigmas 0.8,1.2,1.8 --beta 0.5 --gamma 0.1 --bright-object --normalize-low 1.0 --normalize-high 99.0 --write-normal --max-voxels 2500000
{
  "input": {
    "dtype": "uint8",
    "path": "/home/runner/work/scrollq/scrollq/artifacts/2026-10-03-pherc0139-sheetness-run/groups/surface-0008/cutout.npy",
    "sha256": "e42421a405aa57b320ccbbaf95bf5e7665e4f7309b490e0833b4d687e2196c3d",
    "shape_zyx": [
      21,
      38,
      43
    ],
    "voxels": 34314
  },
  "kind": "sheetness",
  "method": "itk-hessian-objectness-m2-n3-compatible",
  "normal": {
    "basis": "ZYX voxel axes",
    "interpretation": "unit eigenvector of the largest-absolute Hessian eigenvalue at the winning scale; sign is arbitrary",
    "output_path": "/home/runner/work/scrollq/scrollq/artifacts/2026-10-03-pherc0139-sheetness-run/groups/surface-0008/sheetness.normal-zyx.npy",
    "output_sha256": "8294b1ab385b45ece9ca91f9655d2f55e718301b7a8f6301f3430c16863a94db"
  },
  "normalization": {
    "enabled": true,
    "lower_percentile": 1.0,
    "lower_value": 21.0,
    "upper_percentile": 99.0,
    "upper_value": 170.0
  },
  "parameters": {
    "beta": 0.5,
    "bright_object": true,
    "gamma": 0.1,
    "scale_objectness": false,
    "sigmas": [
      0.8,
      1.2,
      1.8
    ]
  },
  "per_scale": [
    {
      "response_max": 0.8673301935195923,
      "response_mean": 0.056302689015865326,
      "response_p99": 0.6319320797920227,
      "sigma": 0.8
    },
    {
      "response_max": 0.9845950603485107,
      "response_mean": 0.10120600461959839,
      "response_p99": 0.8685140609741211,
      "sigma": 1.2
    },
    {
      "response_max": 0.9923001527786255,
      "response_mean": 0.14511530101299286,
      "response_p99": 0.9474167227745056,
      "sigma": 1.8
    }
  ],
  "response": {
    "nonzero_fraction": 0.6086437022789531,
    "output_path": "/home/runner/work/scrollq/scrollq/artifacts/2026-10-03-pherc0139-sheetness-run/groups/surface-0008/sheetness.sheetness.npy",
    "output_sha256": "1f105423415541923c680a2bb8065cb23e1c325ec18d5a37be48348fb1dbd404",
    "summary": {
      "max": 0.9923001527786255,
      "mean": 0.15100686252117157,
      "min": 0.0,
      "p50": 0.0031990022398531437,
      "p90": 0.681851327419281,
      "p99": 0.9474167227745056
    }
  },
  "schema_version": 1,
  "scope": "local 3-D cutout diagnostic; not by itself evidence of correct papyrus identity, winding identity, recto/verso, or readable ink",
  "status": "measured",
  "winning_scale": {
    "counts": {
      "0.800000011920929": 16781,
      "1.2000000476837158": 4950,
      "1.7999999523162842": 12583
    },
    "output_path": "/home/runner/work/scrollq/scrollq/artifacts/2026-10-03-pherc0139-sheetness-run/groups/surface-0008/sheetness.scale.npy",
    "output_sha256": "02b23cfb935438669a858f949eeef9a6e7937ff2acd7b3a64380a331b164e99f"
  }
}
$ scroliq-sheetness-campaign seal-group --plan /home/runner/work/scrollq/scrollq/artifacts/2026-10-03-pherc0139-sheetness-campaign/campaign-plan.json --group-id surface-0008 --cutout-manifest /home/runner/work/scrollq/scrollq/artifacts/2026-10-03-pherc0139-sheetness-run/groups/surface-0008/cutout.json --sheetness-report /home/runner/work/scrollq/scrollq/artifacts/2026-10-03-pherc0139-sheetness-run/groups/surface-0008/sheetness.sheetness.json --out /home/runner/work/scrollq/scrollq/artifacts/2026-10-03-pherc0139-sheetness-run/specs/surface-0008.json
{
  "campaign_decision_rule": {
    "min_median_abs_cosine": 0.7,
    "min_median_normal_offset_margin": 0.0,
    "min_normal_completeness": 1.0,
    "min_normal_offset_win_fraction": 0.75,
    "min_score_completeness": 1.0
  },
  "campaign_group_id": "surface-0008",
  "campaign_plan_canonical_sha256": "f2f9817b2f5b71878ff8b82b481d8f17db601cd864c595a563633fcc9aea1439",
  "campaign_plan_sha256": "76c58373d2acd5513c505824832b3628b2edaf695072cfb48560fb8646a45a2e",
  "campaign_schema": "scroliq-sheetness-campaign/1",
  "claim_boundary": "This v3 spec materializes one already-frozen campaign group against the exact deterministic sheetness report/cutout bytes. Its local decision rule checks measurement completeness only; the scientific pass/fail rule is applied across all frozen groups by scroliq-sheetness-campaign aggregate.",
  "cutout_manifest_sha256": "a75d3ccdae5713a5cfc287703faf0295ddd0e10482c7319a4097d89254c34e5f",
  "decision_rule": {
    "min_median_abs_cosine": 0.0,
    "min_median_normal_offset_margin": -1.0,
    "min_normal_completeness": 1.0,
    "min_normal_offset_win_fraction": 0.0,
    "min_score_completeness": 1.0
  },
  "frozen_engine": {
    "code_revision": "65bb493b87795011e1bed1ed0b2e0272e0f5a733",
    "max_voxels": 2500000,
    "method": "itk-hessian-objectness-m2-n3-compatible",
    "normalization": {
      "enabled": true,
      "lower_percentile": 1.0,
      "upper_percentile": 99.0
    },
    "parameters": {
      "beta": 0.5,
      "bright_object": true,
      "gamma": 0.1,
      "scale_objectness": false,
      "sigmas": [
        0.8,
        1.2,
        1.8
      ]
    },
    "seed": null,
    "sheetness_benchmark_py_sha256": "0c0b3b5c4eeedfc8a5002b356439c874849301588c5a1c2ee53e9cf43eb88e79",
    "sheetness_campaign_py_sha256": "6ba6a78cb5ab45c8ddb462df59f99034ce0697617d3e3502e61b5f57b411a243",
    "sheetness_py_sha256": "d04c84aaadad5d3b42f372b9702c3980ae4dad8cc895fa0b02c9264d44473a51",
    "stochastic": false,
    "write_normal": true
  },
  "groups": [
    {
      "controls": [
        {
          "id": "surface-0008-offset-01",
          "role": "normal-offset",
          "zyx": [
            9.743570694229675,
            18.823401524667588,
            21.394330503931997
          ]
        },
        {
          "id": "surface-0008-offset-02",
          "role": "normal-offset",
          "zyx": [
            9.370320503364383,
            21.35029939514652,
            24.472555876966
          ]
        },
        {
          "id": "surface-0008-offset-03",
          "role": "normal-offset",
          "zyx": [
            8.623820121635617,
            26.40409513610348,
            30.629006623034
          ]
        },
        {
          "id": "surface-0008-offset-04",
          "role": "normal-offset",
          "zyx": [
            8.250569930770325,
            28.930993006582412,
            33.707231996068
          ]
        },
        {
          "id": "surface-0008-wrong-wrap",
          "role": "wrong-wrap",
          "zyx": [
            11.329884005404892,
            8.084085575133486,
            8.311872668537944
          ]
        }
      ],
      "id": "surface-0008",
      "surface": {
        "reference_normal_zyx": [
          -0.09331254771620094,
          0.6317244676196566,
          0.7695563432584862
        ],
        "zyx": [
          8.9970703125,
          23.877197265625,
          27.55078125
        ]
      }
    }
  ],
  "input_sha256": "e42421a405aa57b320ccbbaf95bf5e7665e4f7309b490e0833b4d687e2196c3d",
  "schema_version": 3,
  "sheetness_report_sha256": "7cfd5188aab15f21bce3c564416261c2694e0d17dfac591ff9cb9c578bb25d6c",
  "source_attestation": {
    "algorithm": "zpa-metadata-semantics-v1",
    "metadata_semantics_sha256": "58a956b0623bce7ba4f6fc38ec159cc4e500b2859b6619152574d5c9020c9bed",
    "state": "PRESENT"
  },
  "volume_root": "PHerc0139/volumes/20250728140407-9.362um-1.2m-113keV-masked.zarr"
}
$ scroliq-sheetness-eval --spec /home/runner/work/scrollq/scrollq/artifacts/2026-10-03-pherc0139-sheetness-run/specs/surface-0008.json --cutout-manifest /home/runner/work/scrollq/scrollq/artifacts/2026-10-03-pherc0139-sheetness-run/groups/surface-0008/cutout.json --report /home/runner/work/scrollq/scrollq/artifacts/2026-10-03-pherc0139-sheetness-run/groups/surface-0008/sheetness.sheetness.json --response /home/runner/work/scrollq/scrollq/artifacts/2026-10-03-pherc0139-sheetness-run/groups/surface-0008/sheetness.sheetness.npy --normal /home/runner/work/scrollq/scrollq/artifacts/2026-10-03-pherc0139-sheetness-run/groups/surface-0008/sheetness.normal-zyx.npy --out /home/runner/work/scrollq/scrollq/artifacts/2026-10-03-pherc0139-sheetness-run/results/surface-0008.json
{
  "claim_boundary": "This result tests whether a frozen sheetness field localizes a candidate surface relative to deliberate normal offsets on an exact audited CT volume. Wrong-wrap/competing-sheet probes are retained as mandatory descriptive controls, not a pass/fail target, because another papyrus sheet is itself sheet-like. This does not establish physical sheet identity/topology or demonstrate readable ink.",
  "decision_checks": {
    "median_abs_cosine": true,
    "median_normal_offset_margin": true,
    "normal_completeness": true,
    "normal_offset_win_fraction": true,
    "score_completeness": true
  },
  "engine": {
    "method": "itk-hessian-objectness-m2-n3-compatible",
    "normalization": {
      "enabled": true,
      "lower_percentile": 1.0,
      "lower_value": 21.0,
      "upper_percentile": 99.0,
      "upper_value": 170.0
    },
    "parameters": {
      "beta": 0.5,
      "bright_object": true,
      "gamma": 0.1,
      "scale_objectness": false,
      "sigmas": [
        0.8,
        1.2,
        1.8
      ]
    },
    "report_sha256": "7cfd5188aab15f21bce3c564416261c2694e0d17dfac591ff9cb9c578bb25d6c",
    "seed": null,
    "stochastic": false
  },
  "groups": [
    {
      "controls": [
        {
          "failure": null,
          "global_zyx": [
            4127.74357069423,
            3544.8234015246676,
            4063.394330503932
          ],
          "id": "surface-0008-offset-01",
          "role": "normal-offset",
          "score": 0.0004484847372335821,
          "zyx": [
            9.743570694229675,
            18.823401524667588,
            21.394330503931997
          ]
        },
        {
          "failure": null,
          "global_zyx": [
            4127.370320503364,
            3547.3502993951465,
            4066.472555876966
          ],
          "id": "surface-0008-offset-02",
          "role": "normal-offset",
          "score": 0.01086224488968561,
          "zyx": [
            9.370320503364383,
            21.35029939514652,
            24.472555876966
          ]
        },
        {
          "failure": null,
          "global_zyx": [
            4126.623820121636,
            3552.4040951361035,
            4072.629006623034
          ],
          "id": "surface-0008-offset-03",
          "role": "normal-offset",
          "score": 0.01350826479092245,
          "zyx": [
            8.623820121635617,
            26.40409513610348,
            30.629006623034
          ]
        },
        {
          "failure": null,
          "global_zyx": [
            4126.25056993077,
            3554.9309930065824,
            4075.707231996068
          ],
          "id": "surface-0008-offset-04",
          "role": "normal-offset",
          "score": 0.0027693212857663237,
          "zyx": [
            8.250569930770325,
            28.930993006582412,
            33.707231996068
          ]
        },
        {
          "failure": null,
          "global_zyx": [
            4129.329884005405,
            3534.0840855751335,
            4050.311872668538
          ],
          "id": "surface-0008-wrong-wrap",
          "role": "wrong-wrap",
          "score": 0.4018177354487374,
          "zyx": [
            11.329884005404892,
            8.084085575133486,
            8.311872668537944
          ]
        }
      ],
      "id": "surface-0008",
      "score_complete": true,
      "surface": {
        "global_zyx": [
          4126.9970703125,
          3549.877197265625,
          4069.55078125
        ],
        "normal_failure": null,
        "predicted_normal_abs_cosine": 0.937577420380254,
        "reference_normal_zyx": [
          -0.09331254771620094,
          0.6317244676196566,
          0.7695563432584862
        ],
        "score": 0.782758388953245,
        "score_failure": null,
        "zyx": [
          8.9970703125,
          23.877197265625,
          27.55078125
        ]
      },
      "surface_beats_all_normal_offsets": true,
      "surface_beats_all_wrong_wraps": true,
      "surface_minus_best_normal_offset": 0.7692501241623225,
      "surface_minus_best_wrong_wrap": 0.3809406535045076
    }
  ],
  "inputs": {
    "cutout_manifest_sha256": "a75d3ccdae5713a5cfc287703faf0295ddd0e10482c7319a4097d89254c34e5f",
    "cutout_sha256": "e42421a405aa57b320ccbbaf95bf5e7665e4f7309b490e0833b4d687e2196c3d",
    "global_bbox_zyx_half_open": {
      "start": [
        4118,
        3526,
        4042
      ],
      "stop": [
        4139,
        3564,
        4085
      ]
    },
    "normal_sha256": "8294b1ab385b45ece9ca91f9655d2f55e718301b7a8f6301f3430c16863a94db",
    "response_sha256": "1f105423415541923c680a2bb8065cb23e1c325ec18d5a37be48348fb1dbd404",
    "shape_zyx": [
      21,
      38,
      43
    ],
    "zpa_report_sha256": "9a659bd974478032e1c4115c4e349ea4cd2711e090852500b7396bf480d92bdc"
  },
  "metrics": {
    "group_count": 1,
    "median_abs_cosine": 0.937577420380254,
    "median_surface_minus_best_normal_offset": 0.7692501241623225,
    "median_surface_minus_best_wrong_wrap_descriptive": 0.3809406535045076,
    "normal_complete_count": 1,
    "normal_completeness": 1.0,
    "normal_offset_win_count": 1,
    "normal_offset_win_fraction": 1.0,
    "score_complete_count": 1,
    "score_completeness": 1.0,
    "wrong_wrap_win_count_descriptive": 1,
    "wrong_wrap_win_fraction_descriptive": 1.0
  },
  "schema": "scroliq-sheetness-benchmark/3",
  "source_attestation": {
    "algorithm": "zpa-metadata-semantics-v1",
    "metadata_semantics_sha256": "58a956b0623bce7ba4f6fc38ec159cc4e500b2859b6619152574d5c9020c9bed",
    "state": "PRESENT"
  },
  "spec": {
    "canonical_sha256": "f0b3ec7594ff5bc958cf0e77b5889ecfe2664f377e34d46aa3de29ba4c32d46d",
    "decision_rule": {
      "min_median_abs_cosine": 0.0,
      "min_median_normal_offset_margin": -1.0,
      "min_normal_completeness": 1.0,
      "min_normal_offset_win_fraction": 0.0,
      "min_score_completeness": 1.0
    },
    "file_sha256": "4032d200aa7d92e958764ec5a2f8fa2a9b43e72fbb1ba4567aab9c9a79b4c612"
  },
  "status": "pass",
  "volume_root": "PHerc0139/volumes/20250728140407-9.362um-1.2m-113keV-masked.zarr",
  "wrong_wrap_interpretation": "descriptive-only: a genuine competing papyrus sheet is also expected to be sheet-like, so wrong-wrap response measures the method's sheet-identity limitation and is not a pass/fail criterion"
}
$ scroliq-ct-cutout --ct-url https://vesuvius-challenge-open-data.s3.amazonaws.com/PHerc0139/volumes/20250728140407-9.362um-1.2m-113keV-masked.zarr --volume-root PHerc0139/volumes/20250728140407-9.362um-1.2m-113keV-masked.zarr --zpa-report /home/runner/work/scrollq/scrollq/artifacts/2026-10-03-pherc0139-sheetness-prereg/zpa.json --start 4274,4050,3433 --stop 4298,4091,3458 --out /home/runner/work/scrollq/scrollq/artifacts/2026-10-03-pherc0139-sheetness-run/groups/surface-0009/cutout.npy --manifest /home/runner/work/scrollq/scrollq/artifacts/2026-10-03-pherc0139-sheetness-run/groups/surface-0009/cutout.json
{
  "bbox_zyx_half_open": {
    "start": [
      4274,
      4050,
      3433
    ],
    "stop": [
      4298,
      4091,
      3458
    ]
  },
  "claim_boundary": "This manifest binds one local NumPy cutout to an exact audited level-0 ZYX box and records every touched source chunk. It does not establish papyrus sheet identity, topology, ink, or readability.",
  "coordinate_space": "level0-voxel-index",
  "ct_url": "https://vesuvius-challenge-open-data.s3.amazonaws.com/PHerc0139/volumes/20250728140407-9.362um-1.2m-113keV-masked.zarr",
  "cutout": {
    "dtype": "uint8",
    "path": "/home/runner/work/scrollq/scrollq/artifacts/2026-10-03-pherc0139-sheetness-run/groups/surface-0009/cutout.npy",
    "sha256": "dd7075300c2845e7061ee3573d208764b3de633aea971c40211c0bfa3bc92d6d",
    "shape_zyx": [
      24,
      41,
      25
    ]
  },
  "level": 0,
  "local_to_global": {
    "definition": "global_zyx = local_zyx + start_zyx",
    "kind": "integer-translation",
    "start_zyx": [
      4274,
      4050,
      3433
    ]
  },
  "schema": "scroliq-ct-cutout/1",
  "source_array": {
    "chunks_zyx": [
      128,
      128,
      128
    ],
    "dtype": "|u1",
    "path": "0",
    "shape_zyx": [
      20974,
      6621,
      6621
    ]
  },
  "source_attestation": {
    "absolute_scale_state": "unspecified",
    "algorithm": "zpa-metadata-semantics-v1",
    "axes": [
      "z",
      "y",
      "x"
    ],
    "base_declared_scale": [
      1.0,
      1.0,
      1.0
    ],
    "metadata_semantics_sha256": "58a956b0623bce7ba4f6fc38ec159cc4e500b2859b6619152574d5c9020c9bed",
    "spatial_axes": [
      {
        "index": 0,
        "name": "z",
        "unit": null
      },
      {
        "index": 1,
        "name": "y",
        "unit": null
      },
      {
        "index": 2,
        "name": "x",
        "unit": null
      }
    ],
    "state": "PRESENT"
  },
  "source_chunks": {
    "count": 2,
    "missing_count": 0,
    "touched_zyx": [
      [
        33,
        31,
        26
      ],
      [
        33,
        31,
        27
      ]
    ]
  },
  "status": "measured",
  "volume_root": "PHerc0139/volumes/20250728140407-9.362um-1.2m-113keV-masked.zarr",
  "zpa_report": {
    "integrity": "PASS",
    "path": "/home/runner/work/scrollq/scrollq/artifacts/2026-10-03-pherc0139-sheetness-prereg/zpa.json",
    "schema_version": "1.3.0",
    "sha256": "9a659bd974478032e1c4115c4e349ea4cd2711e090852500b7396bf480d92bdc"
  }
}
$ scroliq-sheetness /home/runner/work/scrollq/scrollq/artifacts/2026-10-03-pherc0139-sheetness-run/groups/surface-0009/cutout.npy --out-prefix /home/runner/work/scrollq/scrollq/artifacts/2026-10-03-pherc0139-sheetness-run/groups/surface-0009/sheetness --sigmas 0.8,1.2,1.8 --beta 0.5 --gamma 0.1 --bright-object --normalize-low 1.0 --normalize-high 99.0 --write-normal --max-voxels 2500000
{
  "input": {
    "dtype": "uint8",
    "path": "/home/runner/work/scrollq/scrollq/artifacts/2026-10-03-pherc0139-sheetness-run/groups/surface-0009/cutout.npy",
    "sha256": "dd7075300c2845e7061ee3573d208764b3de633aea971c40211c0bfa3bc92d6d",
    "shape_zyx": [
      24,
      41,
      25
    ],
    "voxels": 24600
  },
  "kind": "sheetness",
  "method": "itk-hessian-objectness-m2-n3-compatible",
  "normal": {
    "basis": "ZYX voxel axes",
    "interpretation": "unit eigenvector of the largest-absolute Hessian eigenvalue at the winning scale; sign is arbitrary",
    "output_path": "/home/runner/work/scrollq/scrollq/artifacts/2026-10-03-pherc0139-sheetness-run/groups/surface-0009/sheetness.normal-zyx.npy",
    "output_sha256": "b792dbb5845941d34c10536aea4d1d363213bf62e7302a7c8efa64e466def69d"
  },
  "normalization": {
    "enabled": true,
    "lower_percentile": 1.0,
    "lower_value": 13.0,
    "upper_percentile": 99.0,
    "upper_value": 189.0
  },
  "parameters": {
    "beta": 0.5,
    "bright_object": true,
    "gamma": 0.1,
    "scale_objectness": false,
    "sigmas": [
      0.8,
      1.2,
      1.8
    ]
  },
  "per_scale": [
    {
      "response_max": 0.8583096861839294,
      "response_mean": 0.08030185848474503,
      "response_p99": 0.5859154462814331,
      "sigma": 0.8
    },
    {
      "response_max": 0.9447000026702881,
      "response_mean": 0.133380725979805,
      "response_p99": 0.8179503083229065,
      "sigma": 1.2
    },
    {
      "response_max": 0.9773898720741272,
      "response_mean": 0.16701048612594604,
      "response_p99": 0.84532630443573,
      "sigma": 1.8
    }
  ],
  "response": {
    "nonzero_fraction": 0.5839837398373984,
    "output_path": "/home/runner/work/scrollq/scrollq/artifacts/2026-10-03-pherc0139-sheetness-run/groups/surface-0009/sheetness.sheetness.npy",
    "output_sha256": "ffd1c34d7e746a1d68d4859762dde90b82e3d19755c3665ab5d6e7583c38a40f",
    "summary": {
      "max": 0.9773898720741272,
      "mean": 0.18356779217720032,
      "min": 0.0,
      "p50": 0.05170397460460663,
      "p90": 0.5887203216552734,
      "p99": 0.8635623455047607
    }
  },
  "schema_version": 1,
  "scope": "local 3-D cutout diagnostic; not by itself evidence of correct papyrus identity, winding identity, recto/verso, or readable ink",
  "status": "measured",
  "winning_scale": {
    "counts": {
      "0.800000011920929": 12064,
      "1.2000000476837158": 3870,
      "1.7999999523162842": 8666
    },
    "output_path": "/home/runner/work/scrollq/scrollq/artifacts/2026-10-03-pherc0139-sheetness-run/groups/surface-0009/sheetness.scale.npy",
    "output_sha256": "56c1e53a2b03739cd147d490bce56bc546d4ba687bc813d33dc00349dd7551a5"
  }
}
$ scroliq-sheetness-campaign seal-group --plan /home/runner/work/scrollq/scrollq/artifacts/2026-10-03-pherc0139-sheetness-campaign/campaign-plan.json --group-id surface-0009 --cutout-manifest /home/runner/work/scrollq/scrollq/artifacts/2026-10-03-pherc0139-sheetness-run/groups/surface-0009/cutout.json --sheetness-report /home/runner/work/scrollq/scrollq/artifacts/2026-10-03-pherc0139-sheetness-run/groups/surface-0009/sheetness.sheetness.json --out /home/runner/work/scrollq/scrollq/artifacts/2026-10-03-pherc0139-sheetness-run/specs/surface-0009.json
{
  "campaign_decision_rule": {
    "min_median_abs_cosine": 0.7,
    "min_median_normal_offset_margin": 0.0,
    "min_normal_completeness": 1.0,
    "min_normal_offset_win_fraction": 0.75,
    "min_score_completeness": 1.0
  },
  "campaign_group_id": "surface-0009",
  "campaign_plan_canonical_sha256": "f2f9817b2f5b71878ff8b82b481d8f17db601cd864c595a563633fcc9aea1439",
  "campaign_plan_sha256": "76c58373d2acd5513c505824832b3628b2edaf695072cfb48560fb8646a45a2e",
  "campaign_schema": "scroliq-sheetness-campaign/1",
  "claim_boundary": "This v3 spec materializes one already-frozen campaign group against the exact deterministic sheetness report/cutout bytes. Its local decision rule checks measurement completeness only; the scientific pass/fail rule is applied across all frozen groups by scroliq-sheetness-campaign aggregate.",
  "cutout_manifest_sha256": "925eb3dfeecabe5c6ace602cbbfc8beba3a1dd8061b83c6cb48aec4394d4f5fe",
  "decision_rule": {
    "min_median_abs_cosine": 0.0,
    "min_median_normal_offset_margin": -1.0,
    "min_normal_completeness": 1.0,
    "min_normal_offset_win_fraction": 0.0,
    "min_score_completeness": 1.0
  },
  "frozen_engine": {
    "code_revision": "65bb493b87795011e1bed1ed0b2e0272e0f5a733",
    "max_voxels": 2500000,
    "method": "itk-hessian-objectness-m2-n3-compatible",
    "normalization": {
      "enabled": true,
      "lower_percentile": 1.0,
      "upper_percentile": 99.0
    },
    "parameters": {
      "beta": 0.5,
      "bright_object": true,
      "gamma": 0.1,
      "scale_objectness": false,
      "sigmas": [
        0.8,
        1.2,
        1.8
      ]
    },
    "seed": null,
    "sheetness_benchmark_py_sha256": "0c0b3b5c4eeedfc8a5002b356439c874849301588c5a1c2ee53e9cf43eb88e79",
    "sheetness_campaign_py_sha256": "6ba6a78cb5ab45c8ddb462df59f99034ce0697617d3e3502e61b5f57b411a243",
    "sheetness_py_sha256": "d04c84aaadad5d3b42f372b9702c3980ae4dad8cc895fa0b02c9264d44473a51",
    "stochastic": false,
    "write_normal": true
  },
  "groups": [
    {
      "controls": [
        {
          "id": "surface-0009-offset-01",
          "role": "normal-offset",
          "zyx": [
            12.174652609826808,
            16.64851120690446,
            11.19122635187432
          ]
        },
        {
          "id": "surface-0009-offset-02",
          "role": "normal-offset",
          "zyx": [
            11.257248179913404,
            20.354773181577002,
            12.38369911343716
          ]
        },
        {
          "id": "surface-0009-offset-03",
          "role": "normal-offset",
          "zyx": [
            9.422439320086596,
            27.767297130922998,
            14.76864463656284
          ]
        },
        {
          "id": "surface-0009-offset-04",
          "role": "normal-offset",
          "zyx": [
            8.505034890173192,
            31.47355910559554,
            15.96111739812568
          ]
        },
        {
          "id": "surface-0009-wrong-wrap",
          "role": "wrong-wrap",
          "zyx": [
            14.238812577133103,
            8.309421763890441,
            8.508162638358044
          ]
        }
      ],
      "id": "surface-0009",
      "surface": {
        "reference_normal_zyx": [
          -0.22935110747840692,
          0.9265654936682025,
          0.29811819039070475
        ],
        "zyx": [
          10.33984375,
          24.06103515625,
          13.576171875
        ]
      }
    }
  ],
  "input_sha256": "dd7075300c2845e7061ee3573d208764b3de633aea971c40211c0bfa3bc92d6d",
  "schema_version": 3,
  "sheetness_report_sha256": "6d7d08b9e864fdfce2815db8ab2ce5d948d81ed1de1c36a28fe4b34f99df5e8a",
  "source_attestation": {
    "algorithm": "zpa-metadata-semantics-v1",
    "metadata_semantics_sha256": "58a956b0623bce7ba4f6fc38ec159cc4e500b2859b6619152574d5c9020c9bed",
    "state": "PRESENT"
  },
  "volume_root": "PHerc0139/volumes/20250728140407-9.362um-1.2m-113keV-masked.zarr"
}
$ scroliq-sheetness-eval --spec /home/runner/work/scrollq/scrollq/artifacts/2026-10-03-pherc0139-sheetness-run/specs/surface-0009.json --cutout-manifest /home/runner/work/scrollq/scrollq/artifacts/2026-10-03-pherc0139-sheetness-run/groups/surface-0009/cutout.json --report /home/runner/work/scrollq/scrollq/artifacts/2026-10-03-pherc0139-sheetness-run/groups/surface-0009/sheetness.sheetness.json --response /home/runner/work/scrollq/scrollq/artifacts/2026-10-03-pherc0139-sheetness-run/groups/surface-0009/sheetness.sheetness.npy --normal /home/runner/work/scrollq/scrollq/artifacts/2026-10-03-pherc0139-sheetness-run/groups/surface-0009/sheetness.normal-zyx.npy --out /home/runner/work/scrollq/scrollq/artifacts/2026-10-03-pherc0139-sheetness-run/results/surface-0009.json
{
  "claim_boundary": "This result tests whether a frozen sheetness field localizes a candidate surface relative to deliberate normal offsets on an exact audited CT volume. Wrong-wrap/competing-sheet probes are retained as mandatory descriptive controls, not a pass/fail target, because another papyrus sheet is itself sheet-like. This does not establish physical sheet identity/topology or demonstrate readable ink.",
  "decision_checks": {
    "median_abs_cosine": true,
    "median_normal_offset_margin": true,
    "normal_completeness": true,
    "normal_offset_win_fraction": true,
    "score_completeness": true
  },
  "engine": {
    "method": "itk-hessian-objectness-m2-n3-compatible",
    "normalization": {
      "enabled": true,
      "lower_percentile": 1.0,
      "lower_value": 13.0,
      "upper_percentile": 99.0,
      "upper_value": 189.0
    },
    "parameters": {
      "beta": 0.5,
      "bright_object": true,
      "gamma": 0.1,
      "scale_objectness": false,
      "sigmas": [
        0.8,
        1.2,
        1.8
      ]
    },
    "report_sha256": "6d7d08b9e864fdfce2815db8ab2ce5d948d81ed1de1c36a28fe4b34f99df5e8a",
    "seed": null,
    "stochastic": false
  },
  "groups": [
    {
      "controls": [
        {
          "failure": null,
          "global_zyx": [
            4286.174652609827,
            4066.6485112069045,
            3444.1912263518743
          ],
          "id": "surface-0009-offset-01",
          "role": "normal-offset",
          "score": 0.0004045253859860016,
          "zyx": [
            12.174652609826808,
            16.64851120690446,
            11.19122635187432
          ]
        },
        {
          "failure": null,
          "global_zyx": [
            4285.257248179913,
            4070.354773181577,
            3445.383699113437
          ],
          "id": "surface-0009-offset-02",
          "role": "normal-offset",
          "score": 0.8492349248568252,
          "zyx": [
            11.257248179913404,
            20.354773181577002,
            12.38369911343716
          ]
        },
        {
          "failure": null,
          "global_zyx": [
            4283.422439320087,
            4077.767297130923,
            3447.768644636563
          ],
          "id": "surface-0009-offset-03",
          "role": "normal-offset",
          "score": 0.028023312727740786,
          "zyx": [
            9.422439320086596,
            27.767297130922998,
            14.76864463656284
          ]
        },
        {
          "failure": null,
          "global_zyx": [
            4282.505034890173,
            4081.4735591055955,
            3448.9611173981257
          ],
          "id": "surface-0009-offset-04",
          "role": "normal-offset",
          "score": 0.0,
          "zyx": [
            8.505034890173192,
            31.47355910559554,
            15.96111739812568
          ]
        },
        {
          "failure": null,
          "global_zyx": [
            4288.238812577133,
            4058.3094217638904,
            3441.508162638358
          ],
          "id": "surface-0009-wrong-wrap",
          "role": "wrong-wrap",
          "score": 0.11099163939273032,
          "zyx": [
            14.238812577133103,
            8.309421763890441,
            8.508162638358044
          ]
        }
      ],
      "id": "surface-0009",
      "score_complete": true,
      "surface": {
        "global_zyx": [
          4284.33984375,
          4074.06103515625,
          3446.576171875
        ],
        "normal_failure": null,
        "predicted_normal_abs_cosine": 0.9255508615498991,
        "reference_normal_zyx": [
          -0.22935110747840692,
          0.9265654936682025,
          0.29811819039070475
        ],
        "score": 0.07728429408173546,
        "score_failure": null,
        "zyx": [
          10.33984375,
          24.06103515625,
          13.576171875
        ]
      },
      "surface_beats_all_normal_offsets": false,
      "surface_beats_all_wrong_wraps": false,
      "surface_minus_best_normal_offset": -0.7719506307750897,
      "surface_minus_best_wrong_wrap": -0.03370734531099487
    }
  ],
  "inputs": {
    "cutout_manifest_sha256": "925eb3dfeecabe5c6ace602cbbfc8beba3a1dd8061b83c6cb48aec4394d4f5fe",
    "cutout_sha256": "dd7075300c2845e7061ee3573d208764b3de633aea971c40211c0bfa3bc92d6d",
    "global_bbox_zyx_half_open": {
      "start": [
        4274,
        4050,
        3433
      ],
      "stop": [
        4298,
        4091,
        3458
      ]
    },
    "normal_sha256": "b792dbb5845941d34c10536aea4d1d363213bf62e7302a7c8efa64e466def69d",
    "response_sha256": "ffd1c34d7e746a1d68d4859762dde90b82e3d19755c3665ab5d6e7583c38a40f",
    "shape_zyx": [
      24,
      41,
      25
    ],
    "zpa_report_sha256": "9a659bd974478032e1c4115c4e349ea4cd2711e090852500b7396bf480d92bdc"
  },
  "metrics": {
    "group_count": 1,
    "median_abs_cosine": 0.9255508615498991,
    "median_surface_minus_best_normal_offset": -0.7719506307750897,
    "median_surface_minus_best_wrong_wrap_descriptive": -0.03370734531099487,
    "normal_complete_count": 1,
    "normal_completeness": 1.0,
    "normal_offset_win_count": 0,
    "normal_offset_win_fraction": 0.0,
    "score_complete_count": 1,
    "score_completeness": 1.0,
    "wrong_wrap_win_count_descriptive": 0,
    "wrong_wrap_win_fraction_descriptive": 0.0
  },
  "schema": "scroliq-sheetness-benchmark/3",
  "source_attestation": {
    "algorithm": "zpa-metadata-semantics-v1",
    "metadata_semantics_sha256": "58a956b0623bce7ba4f6fc38ec159cc4e500b2859b6619152574d5c9020c9bed",
    "state": "PRESENT"
  },
  "spec": {
    "canonical_sha256": "bf5e87b467af498d78c0dd6b5f9e2e97bea56756ef0af3cba7eafc1d321c956c",
    "decision_rule": {
      "min_median_abs_cosine": 0.0,
      "min_median_normal_offset_margin": -1.0,
      "min_normal_completeness": 1.0,
      "min_normal_offset_win_fraction": 0.0,
      "min_score_completeness": 1.0
    },
    "file_sha256": "3d8f33c225fbe70a4c88120d1ab596fe11f169a83116ed23f11916b800110069"
  },
  "status": "pass",
  "volume_root": "PHerc0139/volumes/20250728140407-9.362um-1.2m-113keV-masked.zarr",
  "wrong_wrap_interpretation": "descriptive-only: a genuine competing papyrus sheet is also expected to be sheet-like, so wrong-wrap response measures the method's sheet-identity limitation and is not a pass/fail criterion"
}
$ scroliq-ct-cutout --ct-url https://vesuvius-challenge-open-data.s3.amazonaws.com/PHerc0139/volumes/20250728140407-9.362um-1.2m-113keV-masked.zarr --volume-root PHerc0139/volumes/20250728140407-9.362um-1.2m-113keV-masked.zarr --zpa-report /home/runner/work/scrollq/scrollq/artifacts/2026-10-03-pherc0139-sheetness-prereg/zpa.json --start 4482,4076,2958 --stop 4502,4131,2980 --out /home/runner/work/scrollq/scrollq/artifacts/2026-10-03-pherc0139-sheetness-run/groups/surface-0010/cutout.npy --manifest /home/runner/work/scrollq/scrollq/artifacts/2026-10-03-pherc0139-sheetness-run/groups/surface-0010/cutout.json
{
  "bbox_zyx_half_open": {
    "start": [
      4482,
      4076,
      2958
    ],
    "stop": [
      4502,
      4131,
      2980
    ]
  },
  "claim_boundary": "This manifest binds one local NumPy cutout to an exact audited level-0 ZYX box and records every touched source chunk. It does not establish papyrus sheet identity, topology, ink, or readability.",
  "coordinate_space": "level0-voxel-index",
  "ct_url": "https://vesuvius-challenge-open-data.s3.amazonaws.com/PHerc0139/volumes/20250728140407-9.362um-1.2m-113keV-masked.zarr",
  "cutout": {
    "dtype": "uint8",
    "path": "/home/runner/work/scrollq/scrollq/artifacts/2026-10-03-pherc0139-sheetness-run/groups/surface-0010/cutout.npy",
    "sha256": "753da0236bed520beadade860756d753fe4dad8710e69bde05c470ee8e111ac2",
    "shape_zyx": [
      20,
      55,
      22
    ]
  },
  "level": 0,
  "local_to_global": {
    "definition": "global_zyx = local_zyx + start_zyx",
    "kind": "integer-translation",
    "start_zyx": [
      4482,
      4076,
      2958
    ]
  },
  "schema": "scroliq-ct-cutout/1",
  "source_array": {
    "chunks_zyx": [
      128,
      128,
      128
    ],
    "dtype": "|u1",
    "path": "0",
    "shape_zyx": [
      20974,
      6621,
      6621
    ]
  },
  "source_attestation": {
    "absolute_scale_state": "unspecified",
    "algorithm": "zpa-metadata-semantics-v1",
    "axes": [
      "z",
      "y",
      "x"
    ],
    "base_declared_scale": [
      1.0,
      1.0,
      1.0
    ],
    "metadata_semantics_sha256": "58a956b0623bce7ba4f6fc38ec159cc4e500b2859b6619152574d5c9020c9bed",
    "spatial_axes": [
      {
        "index": 0,
        "name": "z",
        "unit": null
      },
      {
        "index": 1,
        "name": "y",
        "unit": null
      },
      {
        "index": 2,
        "name": "x",
        "unit": null
      }
    ],
    "state": "PRESENT"
  },
  "source_chunks": {
    "count": 2,
    "missing_count": 0,
    "touched_zyx": [
      [
        35,
        31,
        23
      ],
      [
        35,
        32,
        23
      ]
    ]
  },
  "status": "measured",
  "volume_root": "PHerc0139/volumes/20250728140407-9.362um-1.2m-113keV-masked.zarr",
  "zpa_report": {
    "integrity": "PASS",
    "path": "/home/runner/work/scrollq/scrollq/artifacts/2026-10-03-pherc0139-sheetness-prereg/zpa.json",
    "schema_version": "1.3.0",
    "sha256": "9a659bd974478032e1c4115c4e349ea4cd2711e090852500b7396bf480d92bdc"
  }
}
$ scroliq-sheetness /home/runner/work/scrollq/scrollq/artifacts/2026-10-03-pherc0139-sheetness-run/groups/surface-0010/cutout.npy --out-prefix /home/runner/work/scrollq/scrollq/artifacts/2026-10-03-pherc0139-sheetness-run/groups/surface-0010/sheetness --sigmas 0.8,1.2,1.8 --beta 0.5 --gamma 0.1 --bright-object --normalize-low 1.0 --normalize-high 99.0 --write-normal --max-voxels 2500000
{
  "input": {
    "dtype": "uint8",
    "path": "/home/runner/work/scrollq/scrollq/artifacts/2026-10-03-pherc0139-sheetness-run/groups/surface-0010/cutout.npy",
    "sha256": "753da0236bed520beadade860756d753fe4dad8710e69bde05c470ee8e111ac2",
    "shape_zyx": [
      20,
      55,
      22
    ],
    "voxels": 24200
  },
  "kind": "sheetness",
  "method": "itk-hessian-objectness-m2-n3-compatible",
  "normal": {
    "basis": "ZYX voxel axes",
    "interpretation": "unit eigenvector of the largest-absolute Hessian eigenvalue at the winning scale; sign is arbitrary",
    "output_path": "/home/runner/work/scrollq/scrollq/artifacts/2026-10-03-pherc0139-sheetness-run/groups/surface-0010/sheetness.normal-zyx.npy",
    "output_sha256": "af46a807e6cf384e0fc9a57dcec3f93a6581a128e4a5f140e6af7b5ae20c3e8a"
  },
  "normalization": {
    "enabled": true,
    "lower_percentile": 1.0,
    "lower_value": 15.0,
    "upper_percentile": 99.0,
    "upper_value": 222.0099999999984
  },
  "parameters": {
    "beta": 0.5,
    "bright_object": true,
    "gamma": 0.1,
    "scale_objectness": false,
    "sigmas": [
      0.8,
      1.2,
      1.8
    ]
  },
  "per_scale": [
    {
      "response_max": 0.7449467182159424,
      "response_mean": 0.059462275356054306,
      "response_p99": 0.544221818447113,
      "sigma": 0.8
    },
    {
      "response_max": 0.9625111222267151,
      "response_mean": 0.1150791347026825,
      "response_p99": 0.8742648959159851,
      "sigma": 1.2
    },
    {
      "response_max": 0.9927716255187988,
      "response_mean": 0.15587720274925232,
      "response_p99": 0.9680185317993164,
      "sigma": 1.8
    }
  ],
  "response": {
    "nonzero_fraction": 0.580702479338843,
    "output_path": "/home/runner/work/scrollq/scrollq/artifacts/2026-10-03-pherc0139-sheetness-run/groups/surface-0010/sheetness.sheetness.npy",
    "output_sha256": "2a47c2f57e0eb24ac9c6c5bee877e2c594ef152f2928f6903a9e5c871cbdbbf2",
    "summary": {
      "max": 0.9927716255187988,
      "mean": 0.16489486396312714,
      "min": 0.0,
      "p50": 0.022943604737520218,
      "p90": 0.569733738899231,
      "p99": 0.9680185317993164
    }
  },
  "schema_version": 1,
  "scope": "local 3-D cutout diagnostic; not by itself evidence of correct papyrus identity, winding identity, recto/verso, or readable ink",
  "status": "measured",
  "winning_scale": {
    "counts": {
      "0.800000011920929": 11827,
      "1.2000000476837158": 3063,
      "1.7999999523162842": 9310
    },
    "output_path": "/home/runner/work/scrollq/scrollq/artifacts/2026-10-03-pherc0139-sheetness-run/groups/surface-0010/sheetness.scale.npy",
    "output_sha256": "8ca34bf24141ae954fcf17be283af5ec8d71db1be898c469d4320c7365034e62"
  }
}
$ scroliq-sheetness-campaign seal-group --plan /home/runner/work/scrollq/scrollq/artifacts/2026-10-03-pherc0139-sheetness-campaign/campaign-plan.json --group-id surface-0010 --cutout-manifest /home/runner/work/scrollq/scrollq/artifacts/2026-10-03-pherc0139-sheetness-run/groups/surface-0010/cutout.json --sheetness-report /home/runner/work/scrollq/scrollq/artifacts/2026-10-03-pherc0139-sheetness-run/groups/surface-0010/sheetness.sheetness.json --out /home/runner/work/scrollq/scrollq/artifacts/2026-10-03-pherc0139-sheetness-run/specs/surface-0010.json
{
  "campaign_decision_rule": {
    "min_median_abs_cosine": 0.7,
    "min_median_normal_offset_margin": 0.0,
    "min_normal_completeness": 1.0,
    "min_normal_offset_win_fraction": 0.75,
    "min_score_completeness": 1.0
  },
  "campaign_group_id": "surface-0010",
  "campaign_plan_canonical_sha256": "f2f9817b2f5b71878ff8b82b481d8f17db601cd864c595a563633fcc9aea1439",
  "campaign_plan_sha256": "76c58373d2acd5513c505824832b3628b2edaf695072cfb48560fb8646a45a2e",
  "campaign_schema": "scroliq-sheetness-campaign/1",
  "claim_boundary": "This v3 spec materializes one already-frozen campaign group against the exact deterministic sheetness report/cutout bytes. Its local decision rule checks measurement completeness only; the scientific pass/fail rule is applied across all frozen groups by scroliq-sheetness-campaign aggregate.",
  "cutout_manifest_sha256": "452159e9452aaa46b62e4a708b73e97f561a084694c66415234f8bb9ad8d7c82",
  "decision_rule": {
    "min_median_abs_cosine": 0.0,
    "min_median_normal_offset_margin": -1.0,
    "min_normal_completeness": 1.0,
    "min_normal_offset_win_fraction": 0.0,
    "min_score_completeness": 1.0
  },
  "frozen_engine": {
    "code_revision": "65bb493b87795011e1bed1ed0b2e0272e0f5a733",
    "max_voxels": 2500000,
    "method": "itk-hessian-objectness-m2-n3-compatible",
    "normalization": {
      "enabled": true,
      "lower_percentile": 1.0,
      "upper_percentile": 99.0
    },
    "parameters": {
      "beta": 0.5,
      "bright_object": true,
      "gamma": 0.1,
      "scale_objectness": false,
      "sigmas": [
        0.8,
        1.2,
        1.8
      ]
    },
    "seed": null,
    "sheetness_benchmark_py_sha256": "0c0b3b5c4eeedfc8a5002b356439c874849301588c5a1c2ee53e9cf43eb88e79",
    "sheetness_campaign_py_sha256": "6ba6a78cb5ab45c8ddb462df59f99034ce0697617d3e3502e61b5f57b411a243",
    "sheetness_py_sha256": "d04c84aaadad5d3b42f372b9702c3980ae4dad8cc895fa0b02c9264d44473a51",
    "stochastic": false,
    "write_normal": true
  },
  "groups": [
    {
      "controls": [
        {
          "id": "surface-0010-offset-01",
          "role": "normal-offset",
          "zyx": [
            9.944291172836529,
            29.15604070362133,
            10.810341594802594
          ]
        },
        {
          "id": "surface-0010-offset-02",
          "role": "normal-offset",
          "zyx": [
            10.135719805168264,
            33.133440273685665,
            11.189350484901297
          ]
        },
        {
          "id": "surface-0010-offset-03",
          "role": "normal-offset",
          "zyx": [
            10.518577069831736,
            41.088239413814335,
            11.947368265098703
          ]
        },
        {
          "id": "surface-0010-offset-04",
          "role": "normal-offset",
          "zyx": [
            10.710005702163471,
            45.06563898387867,
            12.326377155197406
          ]
        },
        {
          "id": "surface-0010-wrong-wrap",
          "role": "wrong-wrap",
          "zyx": [
            8.939290853094462,
            8.274692960781977,
            8.820544921783949
          ]
        }
      ],
      "id": "surface-0010",
      "surface": {
        "reference_normal_zyx": [
          0.04785715808294682,
          0.9943498925161381,
          0.09475222252469066
        ],
        "zyx": [
          10.3271484375,
          37.11083984375,
          11.568359375
        ]
      }
    }
  ],
  "input_sha256": "753da0236bed520beadade860756d753fe4dad8710e69bde05c470ee8e111ac2",
  "schema_version": 3,
  "sheetness_report_sha256": "12157d1aba97943205267dedfadad3890a0ddf6eca1f8bff2a60ade154f22c73",
  "source_attestation": {
    "algorithm": "zpa-metadata-semantics-v1",
    "metadata_semantics_sha256": "58a956b0623bce7ba4f6fc38ec159cc4e500b2859b6619152574d5c9020c9bed",
    "state": "PRESENT"
  },
  "volume_root": "PHerc0139/volumes/20250728140407-9.362um-1.2m-113keV-masked.zarr"
}
$ scroliq-sheetness-eval --spec /home/runner/work/scrollq/scrollq/artifacts/2026-10-03-pherc0139-sheetness-run/specs/surface-0010.json --cutout-manifest /home/runner/work/scrollq/scrollq/artifacts/2026-10-03-pherc0139-sheetness-run/groups/surface-0010/cutout.json --report /home/runner/work/scrollq/scrollq/artifacts/2026-10-03-pherc0139-sheetness-run/groups/surface-0010/sheetness.sheetness.json --response /home/runner/work/scrollq/scrollq/artifacts/2026-10-03-pherc0139-sheetness-run/groups/surface-0010/sheetness.sheetness.npy --normal /home/runner/work/scrollq/scrollq/artifacts/2026-10-03-pherc0139-sheetness-run/groups/surface-0010/sheetness.normal-zyx.npy --out /home/runner/work/scrollq/scrollq/artifacts/2026-10-03-pherc0139-sheetness-run/results/surface-0010.json
{
  "claim_boundary": "This result tests whether a frozen sheetness field localizes a candidate surface relative to deliberate normal offsets on an exact audited CT volume. Wrong-wrap/competing-sheet probes are retained as mandatory descriptive controls, not a pass/fail target, because another papyrus sheet is itself sheet-like. This does not establish physical sheet identity/topology or demonstrate readable ink.",
  "decision_checks": {
    "median_abs_cosine": true,
    "median_normal_offset_margin": true,
    "normal_completeness": true,
    "normal_offset_win_fraction": true,
    "score_completeness": true
  },
  "engine": {
    "method": "itk-hessian-objectness-m2-n3-compatible",
    "normalization": {
      "enabled": true,
      "lower_percentile": 1.0,
      "lower_value": 15.0,
      "upper_percentile": 99.0,
      "upper_value": 222.0099999999984
    },
    "parameters": {
      "beta": 0.5,
      "bright_object": true,
      "gamma": 0.1,
      "scale_objectness": false,
      "sigmas": [
        0.8,
        1.2,
        1.8
      ]
    },
    "report_sha256": "12157d1aba97943205267dedfadad3890a0ddf6eca1f8bff2a60ade154f22c73",
    "seed": null,
    "stochastic": false
  },
  "groups": [
    {
      "controls": [
        {
          "failure": null,
          "global_zyx": [
            4491.9442911728365,
            4105.156040703621,
            2968.8103415948026
          ],
          "id": "surface-0010-offset-01",
          "role": "normal-offset",
          "score": 0.022022946282306645,
          "zyx": [
            9.944291172836529,
            29.15604070362133,
            10.810341594802594
          ]
        },
        {
          "failure": null,
          "global_zyx": [
            4492.135719805168,
            4109.133440273686,
            2969.1893504849013
          ],
          "id": "surface-0010-offset-02",
          "role": "normal-offset",
          "score": 0.22327028708057867,
          "zyx": [
            10.135719805168264,
            33.133440273685665,
            11.189350484901297
          ]
        },
        {
          "failure": null,
          "global_zyx": [
            4492.518577069832,
            4117.088239413814,
            2969.9473682650987
          ],
          "id": "surface-0010-offset-03",
          "role": "normal-offset",
          "score": 0.16297329716632902,
          "zyx": [
            10.518577069831736,
            41.088239413814335,
            11.947368265098703
          ]
        },
        {
          "failure": null,
          "global_zyx": [
            4492.7100057021635,
            4121.065638983879,
            2970.3263771551974
          ],
          "id": "surface-0010-offset-04",
          "role": "normal-offset",
          "score": 0.2725533400925869,
          "zyx": [
            10.710005702163471,
            45.06563898387867,
            12.326377155197406
          ]
        },
        {
          "failure": null,
          "global_zyx": [
            4490.9392908530945,
            4084.274692960782,
            2966.820544921784
          ],
          "id": "surface-0010-wrong-wrap",
          "role": "wrong-wrap",
          "score": 0.42635961066302464,
          "zyx": [
            8.939290853094462,
            8.274692960781977,
            8.820544921783949
          ]
        }
      ],
      "id": "surface-0010",
      "score_complete": true,
      "surface": {
        "global_zyx": [
          4492.3271484375,
          4113.11083984375,
          2969.568359375
        ],
        "normal_failure": null,
        "predicted_normal_abs_cosine": 0.9325282544156617,
        "reference_normal_zyx": [
          0.04785715808294682,
          0.9943498925161381,
          0.09475222252469066
        ],
        "score": 0.00761146447451924,
        "score_failure": null,
        "zyx": [
          10.3271484375,
          37.11083984375,
          11.568359375
        ]
      },
      "surface_beats_all_normal_offsets": false,
      "surface_beats_all_wrong_wraps": false,
      "surface_minus_best_normal_offset": -0.2649418756180677,
      "surface_minus_best_wrong_wrap": -0.4187481461885054
    }
  ],
  "inputs": {
    "cutout_manifest_sha256": "452159e9452aaa46b62e4a708b73e97f561a084694c66415234f8bb9ad8d7c82",
    "cutout_sha256": "753da0236bed520beadade860756d753fe4dad8710e69bde05c470ee8e111ac2",
    "global_bbox_zyx_half_open": {
      "start": [
        4482,
        4076,
        2958
      ],
      "stop": [
        4502,
        4131,
        2980
      ]
    },
    "normal_sha256": "af46a807e6cf384e0fc9a57dcec3f93a6581a128e4a5f140e6af7b5ae20c3e8a",
    "response_sha256": "2a47c2f57e0eb24ac9c6c5bee877e2c594ef152f2928f6903a9e5c871cbdbbf2",
    "shape_zyx": [
      20,
      55,
      22
    ],
    "zpa_report_sha256": "9a659bd974478032e1c4115c4e349ea4cd2711e090852500b7396bf480d92bdc"
  },
  "metrics": {
    "group_count": 1,
    "median_abs_cosine": 0.9325282544156617,
    "median_surface_minus_best_normal_offset": -0.2649418756180677,
    "median_surface_minus_best_wrong_wrap_descriptive": -0.4187481461885054,
    "normal_complete_count": 1,
    "normal_completeness": 1.0,
    "normal_offset_win_count": 0,
    "normal_offset_win_fraction": 0.0,
    "score_complete_count": 1,
    "score_completeness": 1.0,
    "wrong_wrap_win_count_descriptive": 0,
    "wrong_wrap_win_fraction_descriptive": 0.0
  },
  "schema": "scroliq-sheetness-benchmark/3",
  "source_attestation": {
    "algorithm": "zpa-metadata-semantics-v1",
    "metadata_semantics_sha256": "58a956b0623bce7ba4f6fc38ec159cc4e500b2859b6619152574d5c9020c9bed",
    "state": "PRESENT"
  },
  "spec": {
    "canonical_sha256": "3b9792e534016cc08d0b882f2163b5a01ef5ad0893d0285569615498cacc0b98",
    "decision_rule": {
      "min_median_abs_cosine": 0.0,
      "min_median_normal_offset_margin": -1.0,
      "min_normal_completeness": 1.0,
      "min_normal_offset_win_fraction": 0.0,
      "min_score_completeness": 1.0
    },
    "file_sha256": "1ac73622371dedb952095786783c27f41a490ed5ea5c7c8fbaf08f5db89d80ca"
  },
  "status": "pass",
  "volume_root": "PHerc0139/volumes/20250728140407-9.362um-1.2m-113keV-masked.zarr",
  "wrong_wrap_interpretation": "descriptive-only: a genuine competing papyrus sheet is also expected to be sheet-like, so wrong-wrap response measures the method's sheet-identity limitation and is not a pass/fail criterion"
}
$ scroliq-ct-cutout --ct-url https://vesuvius-challenge-open-data.s3.amazonaws.com/PHerc0139/volumes/20250728140407-9.362um-1.2m-113keV-masked.zarr --volume-root PHerc0139/volumes/20250728140407-9.362um-1.2m-113keV-masked.zarr --zpa-report /home/runner/work/scrollq/scrollq/artifacts/2026-10-03-pherc0139-sheetness-prereg/zpa.json --start 4687,4109,2417 --stop 4719,4150,2440 --out /home/runner/work/scrollq/scrollq/artifacts/2026-10-03-pherc0139-sheetness-run/groups/surface-0011/cutout.npy --manifest /home/runner/work/scrollq/scrollq/artifacts/2026-10-03-pherc0139-sheetness-run/groups/surface-0011/cutout.json
{
  "bbox_zyx_half_open": {
    "start": [
      4687,
      4109,
      2417
    ],
    "stop": [
      4719,
      4150,
      2440
    ]
  },
  "claim_boundary": "This manifest binds one local NumPy cutout to an exact audited level-0 ZYX box and records every touched source chunk. It does not establish papyrus sheet identity, topology, ink, or readability.",
  "coordinate_space": "level0-voxel-index",
  "ct_url": "https://vesuvius-challenge-open-data.s3.amazonaws.com/PHerc0139/volumes/20250728140407-9.362um-1.2m-113keV-masked.zarr",
  "cutout": {
    "dtype": "uint8",
    "path": "/home/runner/work/scrollq/scrollq/artifacts/2026-10-03-pherc0139-sheetness-run/groups/surface-0011/cutout.npy",
    "sha256": "69a3537234ed059ae3a0b3caa60ba205d7e5c06b9ce7f01b5933cf8825d32a0d",
    "shape_zyx": [
      32,
      41,
      23
    ]
  },
  "level": 0,
  "local_to_global": {
    "definition": "global_zyx = local_zyx + start_zyx",
    "kind": "integer-translation",
    "start_zyx": [
      4687,
      4109,
      2417
    ]
  },
  "schema": "scroliq-ct-cutout/1",
  "source_array": {
    "chunks_zyx": [
      128,
      128,
      128
    ],
    "dtype": "|u1",
    "path": "0",
    "shape_zyx": [
      20974,
      6621,
      6621
    ]
  },
  "source_attestation": {
    "absolute_scale_state": "unspecified",
    "algorithm": "zpa-metadata-semantics-v1",
    "axes": [
      "z",
      "y",
      "x"
    ],
    "base_declared_scale": [
      1.0,
      1.0,
      1.0
    ],
    "metadata_semantics_sha256": "58a956b0623bce7ba4f6fc38ec159cc4e500b2859b6619152574d5c9020c9bed",
    "spatial_axes": [
      {
        "index": 0,
        "name": "z",
        "unit": null
      },
      {
        "index": 1,
        "name": "y",
        "unit": null
      },
      {
        "index": 2,
        "name": "x",
        "unit": null
      }
    ],
    "state": "PRESENT"
  },
  "source_chunks": {
    "count": 2,
    "missing_count": 0,
    "touched_zyx": [
      [
        36,
        32,
        18
      ],
      [
        36,
        32,
        19
      ]
    ]
  },
  "status": "measured",
  "volume_root": "PHerc0139/volumes/20250728140407-9.362um-1.2m-113keV-masked.zarr",
  "zpa_report": {
    "integrity": "PASS",
    "path": "/home/runner/work/scrollq/scrollq/artifacts/2026-10-03-pherc0139-sheetness-prereg/zpa.json",
    "schema_version": "1.3.0",
    "sha256": "9a659bd974478032e1c4115c4e349ea4cd2711e090852500b7396bf480d92bdc"
  }
}
$ scroliq-sheetness /home/runner/work/scrollq/scrollq/artifacts/2026-10-03-pherc0139-sheetness-run/groups/surface-0011/cutout.npy --out-prefix /home/runner/work/scrollq/scrollq/artifacts/2026-10-03-pherc0139-sheetness-run/groups/surface-0011/sheetness --sigmas 0.8,1.2,1.8 --beta 0.5 --gamma 0.1 --bright-object --normalize-low 1.0 --normalize-high 99.0 --write-normal --max-voxels 2500000
{
  "input": {
    "dtype": "uint8",
    "path": "/home/runner/work/scrollq/scrollq/artifacts/2026-10-03-pherc0139-sheetness-run/groups/surface-0011/cutout.npy",
    "sha256": "69a3537234ed059ae3a0b3caa60ba205d7e5c06b9ce7f01b5933cf8825d32a0d",
    "shape_zyx": [
      32,
      41,
      23
    ],
    "voxels": 30176
  },
  "kind": "sheetness",
  "method": "itk-hessian-objectness-m2-n3-compatible",
  "normal": {
    "basis": "ZYX voxel axes",
    "interpretation": "unit eigenvector of the largest-absolute Hessian eigenvalue at the winning scale; sign is arbitrary",
    "output_path": "/home/runner/work/scrollq/scrollq/artifacts/2026-10-03-pherc0139-sheetness-run/groups/surface-0011/sheetness.normal-zyx.npy",
    "output_sha256": "18b700c473c461abf94cc738d3462c9f3302ae073f863da1838b20be0ed23ba5"
  },
  "normalization": {
    "enabled": true,
    "lower_percentile": 1.0,
    "lower_value": 23.0,
    "upper_percentile": 99.0,
    "upper_value": 169.0
  },
  "parameters": {
    "beta": 0.5,
    "bright_object": true,
    "gamma": 0.1,
    "scale_objectness": false,
    "sigmas": [
      0.8,
      1.2,
      1.8
    ]
  },
  "per_scale": [
    {
      "response_max": 0.8133631944656372,
      "response_mean": 0.0795460045337677,
      "response_p99": 0.5778811573982239,
      "sigma": 0.8
    },
    {
      "response_max": 0.9330592155456543,
      "response_mean": 0.1360732913017273,
      "response_p99": 0.798079252243042,
      "sigma": 1.2
    },
    {
      "response_max": 0.9737503528594971,
      "response_mean": 0.17362812161445618,
      "response_p99": 0.8829414248466492,
      "sigma": 1.8
    }
  ],
  "response": {
    "nonzero_fraction": 0.5905355249204666,
    "output_path": "/home/runner/work/scrollq/scrollq/artifacts/2026-10-03-pherc0139-sheetness-run/groups/surface-0011/sheetness.sheetness.npy",
    "output_sha256": "857282392d14810d40669f0d844082e2397a7076e2f44247253e81c5d52ef677",
    "summary": {
      "max": 0.9737503528594971,
      "mean": 0.19313085079193115,
      "min": 0.0,
      "p50": 0.041601769626140594,
      "p90": 0.6154648065567017,
      "p99": 0.8854613304138184
    }
  },
  "schema_version": 1,
  "scope": "local 3-D cutout diagnostic; not by itself evidence of correct papyrus identity, winding identity, recto/verso, or readable ink",
  "status": "measured",
  "winning_scale": {
    "counts": {
      "0.800000011920929": 14446,
      "1.2000000476837158": 4866,
      "1.7999999523162842": 10864
    },
    "output_path": "/home/runner/work/scrollq/scrollq/artifacts/2026-10-03-pherc0139-sheetness-run/groups/surface-0011/sheetness.scale.npy",
    "output_sha256": "b5b47e6c5453b5d087d748990edf55e24dab610396cd23371bf7ec04f207c915"
  }
}
$ scroliq-sheetness-campaign seal-group --plan /home/runner/work/scrollq/scrollq/artifacts/2026-10-03-pherc0139-sheetness-campaign/campaign-plan.json --group-id surface-0011 --cutout-manifest /home/runner/work/scrollq/scrollq/artifacts/2026-10-03-pherc0139-sheetness-run/groups/surface-0011/cutout.json --sheetness-report /home/runner/work/scrollq/scrollq/artifacts/2026-10-03-pherc0139-sheetness-run/groups/surface-0011/sheetness.sheetness.json --out /home/runner/work/scrollq/scrollq/artifacts/2026-10-03-pherc0139-sheetness-run/specs/surface-0011.json
{
  "campaign_decision_rule": {
    "min_median_abs_cosine": 0.7,
    "min_median_normal_offset_margin": 0.0,
    "min_normal_completeness": 1.0,
    "min_normal_offset_win_fraction": 0.75,
    "min_score_completeness": 1.0
  },
  "campaign_group_id": "surface-0011",
  "campaign_plan_canonical_sha256": "f2f9817b2f5b71878ff8b82b481d8f17db601cd864c595a563633fcc9aea1439",
  "campaign_plan_sha256": "76c58373d2acd5513c505824832b3628b2edaf695072cfb48560fb8646a45a2e",
  "campaign_schema": "scroliq-sheetness-campaign/1",
  "claim_boundary": "This v3 spec materializes one already-frozen campaign group against the exact deterministic sheetness report/cutout bytes. Its local decision rule checks measurement completeness only; the scientific pass/fail rule is applied across all frozen groups by scroliq-sheetness-campaign aggregate.",
  "cutout_manifest_sha256": "9e52ccc679903b7a014bfee7555fe8a5af3df7ea135902da37d189e38fcd4767",
  "decision_rule": {
    "min_median_abs_cosine": 0.0,
    "min_median_normal_offset_margin": -1.0,
    "min_normal_completeness": 1.0,
    "min_normal_offset_win_fraction": 0.0,
    "min_score_completeness": 1.0
  },
  "frozen_engine": {
    "code_revision": "65bb493b87795011e1bed1ed0b2e0272e0f5a733",
    "max_voxels": 2500000,
    "method": "itk-hessian-objectness-m2-n3-compatible",
    "normalization": {
      "enabled": true,
      "lower_percentile": 1.0,
      "upper_percentile": 99.0
    },
    "parameters": {
      "beta": 0.5,
      "bright_object": true,
      "gamma": 0.1,
      "scale_objectness": false,
      "sigmas": [
        0.8,
        1.2,
        1.8
      ]
    },
    "seed": null,
    "sheetness_benchmark_py_sha256": "0c0b3b5c4eeedfc8a5002b356439c874849301588c5a1c2ee53e9cf43eb88e79",
    "sheetness_campaign_py_sha256": "6ba6a78cb5ab45c8ddb462df59f99034ce0697617d3e3502e61b5f57b411a243",
    "sheetness_py_sha256": "d04c84aaadad5d3b42f372b9702c3980ae4dad8cc895fa0b02c9264d44473a51",
    "stochastic": false,
    "write_normal": true
  },
  "groups": [
    {
      "controls": [
        {
          "id": "surface-0011-offset-01",
          "role": "normal-offset",
          "zyx": [
            16.806340831747548,
            18.282091570702505,
            11.172419700859336
          ]
        },
        {
          "id": "surface-0011-offset-02",
          "role": "normal-offset",
          "zyx": [
            14.66488916587332,
            21.580010629100798,
            10.43899305355444
          ]
        },
        {
          "id": "surface-0011-offset-03",
          "role": "normal-offset",
          "zyx": [
            10.38198583412668,
            28.175848745899202,
            8.97213975894556
          ]
        },
        {
          "id": "surface-0011-offset-04",
          "role": "normal-offset",
          "zyx": [
            8.240534168252452,
            31.473767804297495,
            8.238713111640664
          ]
        },
        {
          "id": "surface-0011-wrong-wrap",
          "role": "wrong-wrap",
          "zyx": [
            22.963014371133795,
            8.800574277805026,
            13.281021311859604
          ]
        }
      ],
      "id": "surface-0011",
      "surface": {
        "reference_normal_zyx": [
          -0.5353629164683948,
          0.8244797645997315,
          -0.18335666182614133
        ],
        "zyx": [
          12.5234375,
          24.8779296875,
          9.70556640625
        ]
      }
    }
  ],
  "input_sha256": "69a3537234ed059ae3a0b3caa60ba205d7e5c06b9ce7f01b5933cf8825d32a0d",
  "schema_version": 3,
  "sheetness_report_sha256": "8419fb291aedfe2120b6a82b514fcea427d69d986833ba25b1b1bc3d6619048a",
  "source_attestation": {
    "algorithm": "zpa-metadata-semantics-v1",
    "metadata_semantics_sha256": "58a956b0623bce7ba4f6fc38ec159cc4e500b2859b6619152574d5c9020c9bed",
    "state": "PRESENT"
  },
  "volume_root": "PHerc0139/volumes/20250728140407-9.362um-1.2m-113keV-masked.zarr"
}
$ scroliq-sheetness-eval --spec /home/runner/work/scrollq/scrollq/artifacts/2026-10-03-pherc0139-sheetness-run/specs/surface-0011.json --cutout-manifest /home/runner/work/scrollq/scrollq/artifacts/2026-10-03-pherc0139-sheetness-run/groups/surface-0011/cutout.json --report /home/runner/work/scrollq/scrollq/artifacts/2026-10-03-pherc0139-sheetness-run/groups/surface-0011/sheetness.sheetness.json --response /home/runner/work/scrollq/scrollq/artifacts/2026-10-03-pherc0139-sheetness-run/groups/surface-0011/sheetness.sheetness.npy --normal /home/runner/work/scrollq/scrollq/artifacts/2026-10-03-pherc0139-sheetness-run/groups/surface-0011/sheetness.normal-zyx.npy --out /home/runner/work/scrollq/scrollq/artifacts/2026-10-03-pherc0139-sheetness-run/results/surface-0011.json
{
  "claim_boundary": "This result tests whether a frozen sheetness field localizes a candidate surface relative to deliberate normal offsets on an exact audited CT volume. Wrong-wrap/competing-sheet probes are retained as mandatory descriptive controls, not a pass/fail target, because another papyrus sheet is itself sheet-like. This does not establish physical sheet identity/topology or demonstrate readable ink.",
  "decision_checks": {
    "median_abs_cosine": true,
    "median_normal_offset_margin": true,
    "normal_completeness": true,
    "normal_offset_win_fraction": true,
    "score_completeness": true
  },
  "engine": {
    "method": "itk-hessian-objectness-m2-n3-compatible",
    "normalization": {
      "enabled": true,
      "lower_percentile": 1.0,
      "lower_value": 23.0,
      "upper_percentile": 99.0,
      "upper_value": 169.0
    },
    "parameters": {
      "beta": 0.5,
      "bright_object": true,
      "gamma": 0.1,
      "scale_objectness": false,
      "sigmas": [
        0.8,
        1.2,
        1.8
      ]
    },
    "report_sha256": "8419fb291aedfe2120b6a82b514fcea427d69d986833ba25b1b1bc3d6619048a",
    "seed": null,
    "stochastic": false
  },
  "groups": [
    {
      "controls": [
        {
          "failure": null,
          "global_zyx": [
            4703.806340831748,
            4127.2820915707025,
            2428.1724197008593
          ],
          "id": "surface-0011-offset-01",
          "role": "normal-offset",
          "score": 0.5704384360006062,
          "zyx": [
            16.806340831747548,
            18.282091570702505,
            11.172419700859336
          ]
        },
        {
          "failure": null,
          "global_zyx": [
            4701.664889165873,
            4130.580010629101,
            2427.4389930535544
          ],
          "id": "surface-0011-offset-02",
          "role": "normal-offset",
          "score": 0.0,
          "zyx": [
            14.66488916587332,
            21.580010629100798,
            10.43899305355444
          ]
        },
        {
          "failure": null,
          "global_zyx": [
            4697.381985834127,
            4137.175848745899,
            2425.9721397589456
          ],
          "id": "surface-0011-offset-03",
          "role": "normal-offset",
          "score": 0.06291215469287416,
          "zyx": [
            10.38198583412668,
            28.175848745899202,
            8.97213975894556
          ]
        },
        {
          "failure": null,
          "global_zyx": [
            4695.240534168252,
            4140.4737678042975,
            2425.2387131116407
          ],
          "id": "surface-0011-offset-04",
          "role": "normal-offset",
          "score": 0.412315795374499,
          "zyx": [
            8.240534168252452,
            31.473767804297495,
            8.238713111640664
          ]
        },
        {
          "failure": null,
          "global_zyx": [
            4709.963014371134,
            4117.800574277805,
            2430.2810213118596
          ],
          "id": "surface-0011-wrong-wrap",
          "role": "wrong-wrap",
          "score": 0.0025047741128747217,
          "zyx": [
            22.963014371133795,
            8.800574277805026,
            13.281021311859604
          ]
        }
      ],
      "id": "surface-0011",
      "score_complete": true,
      "surface": {
        "global_zyx": [
          4699.5234375,
          4133.8779296875,
          2426.70556640625
        ],
        "normal_failure": null,
        "predicted_normal_abs_cosine": 0.9989091974088169,
        "reference_normal_zyx": [
          -0.5353629164683948,
          0.8244797645997315,
          -0.18335666182614133
        ],
        "score": 0.18823559427329017,
        "score_failure": null,
        "zyx": [
          12.5234375,
          24.8779296875,
          9.70556640625
        ]
      },
      "surface_beats_all_normal_offsets": false,
      "surface_beats_all_wrong_wraps": true,
      "surface_minus_best_normal_offset": -0.382202841727316,
      "surface_minus_best_wrong_wrap": 0.18573082016041545
    }
  ],
  "inputs": {
    "cutout_manifest_sha256": "9e52ccc679903b7a014bfee7555fe8a5af3df7ea135902da37d189e38fcd4767",
    "cutout_sha256": "69a3537234ed059ae3a0b3caa60ba205d7e5c06b9ce7f01b5933cf8825d32a0d",
    "global_bbox_zyx_half_open": {
      "start": [
        4687,
        4109,
        2417
      ],
      "stop": [
        4719,
        4150,
        2440
      ]
    },
    "normal_sha256": "18b700c473c461abf94cc738d3462c9f3302ae073f863da1838b20be0ed23ba5",
    "response_sha256": "857282392d14810d40669f0d844082e2397a7076e2f44247253e81c5d52ef677",
    "shape_zyx": [
      32,
      41,
      23
    ],
    "zpa_report_sha256": "9a659bd974478032e1c4115c4e349ea4cd2711e090852500b7396bf480d92bdc"
  },
  "metrics": {
    "group_count": 1,
    "median_abs_cosine": 0.9989091974088169,
    "median_surface_minus_best_normal_offset": -0.382202841727316,
    "median_surface_minus_best_wrong_wrap_descriptive": 0.18573082016041545,
    "normal_complete_count": 1,
    "normal_completeness": 1.0,
    "normal_offset_win_count": 0,
    "normal_offset_win_fraction": 0.0,
    "score_complete_count": 1,
    "score_completeness": 1.0,
    "wrong_wrap_win_count_descriptive": 1,
    "wrong_wrap_win_fraction_descriptive": 1.0
  },
  "schema": "scroliq-sheetness-benchmark/3",
  "source_attestation": {
    "algorithm": "zpa-metadata-semantics-v1",
    "metadata_semantics_sha256": "58a956b0623bce7ba4f6fc38ec159cc4e500b2859b6619152574d5c9020c9bed",
    "state": "PRESENT"
  },
  "spec": {
    "canonical_sha256": "a25368c7d2f34b5a74955cf5510ae63ad9e171ffc8c962d9182a2bc55edfacbe",
    "decision_rule": {
      "min_median_abs_cosine": 0.0,
      "min_median_normal_offset_margin": -1.0,
      "min_normal_completeness": 1.0,
      "min_normal_offset_win_fraction": 0.0,
      "min_score_completeness": 1.0
    },
    "file_sha256": "32150c5ce4339924acb0d12ed1736d0c9ccbc147269bb766fb440c8cc571aa46"
  },
  "status": "pass",
  "volume_root": "PHerc0139/volumes/20250728140407-9.362um-1.2m-113keV-masked.zarr",
  "wrong_wrap_interpretation": "descriptive-only: a genuine competing papyrus sheet is also expected to be sheet-like, so wrong-wrap response measures the method's sheet-identity limitation and is not a pass/fail criterion"
}
$ scroliq-ct-cutout --ct-url https://vesuvius-challenge-open-data.s3.amazonaws.com/PHerc0139/volumes/20250728140407-9.362um-1.2m-113keV-masked.zarr --volume-root PHerc0139/volumes/20250728140407-9.362um-1.2m-113keV-masked.zarr --zpa-report /home/runner/work/scrollq/scrollq/artifacts/2026-10-03-pherc0139-sheetness-prereg/zpa.json --start 4871,4117,2154 --stop 4895,4155,2178 --out /home/runner/work/scrollq/scrollq/artifacts/2026-10-03-pherc0139-sheetness-run/groups/surface-0012/cutout.npy --manifest /home/runner/work/scrollq/scrollq/artifacts/2026-10-03-pherc0139-sheetness-run/groups/surface-0012/cutout.json
{
  "bbox_zyx_half_open": {
    "start": [
      4871,
      4117,
      2154
    ],
    "stop": [
      4895,
      4155,
      2178
    ]
  },
  "claim_boundary": "This manifest binds one local NumPy cutout to an exact audited level-0 ZYX box and records every touched source chunk. It does not establish papyrus sheet identity, topology, ink, or readability.",
  "coordinate_space": "level0-voxel-index",
  "ct_url": "https://vesuvius-challenge-open-data.s3.amazonaws.com/PHerc0139/volumes/20250728140407-9.362um-1.2m-113keV-masked.zarr",
  "cutout": {
    "dtype": "uint8",
    "path": "/home/runner/work/scrollq/scrollq/artifacts/2026-10-03-pherc0139-sheetness-run/groups/surface-0012/cutout.npy",
    "sha256": "dff215f9f4d6d05b04af1998d1950658ac2d34cdf480f83b3a6214eb49067251",
    "shape_zyx": [
      24,
      38,
      24
    ]
  },
  "level": 0,
  "local_to_global": {
    "definition": "global_zyx = local_zyx + start_zyx",
    "kind": "integer-translation",
    "start_zyx": [
      4871,
      4117,
      2154
    ]
  },
  "schema": "scroliq-ct-cutout/1",
  "source_array": {
    "chunks_zyx": [
      128,
      128,
      128
    ],
    "dtype": "|u1",
    "path": "0",
    "shape_zyx": [
      20974,
      6621,
      6621
    ]
  },
  "source_attestation": {
    "absolute_scale_state": "unspecified",
    "algorithm": "zpa-metadata-semantics-v1",
    "axes": [
      "z",
      "y",
      "x"
    ],
    "base_declared_scale": [
      1.0,
      1.0,
      1.0
    ],
    "metadata_semantics_sha256": "58a956b0623bce7ba4f6fc38ec159cc4e500b2859b6619152574d5c9020c9bed",
    "spatial_axes": [
      {
        "index": 0,
        "name": "z",
        "unit": null
      },
      {
        "index": 1,
        "name": "y",
        "unit": null
      },
      {
        "index": 2,
        "name": "x",
        "unit": null
      }
    ],
    "state": "PRESENT"
  },
  "source_chunks": {
    "count": 2,
    "missing_count": 0,
    "touched_zyx": [
      [
        38,
        32,
        16
      ],
      [
        38,
        32,
        17
      ]
    ]
  },
  "status": "measured",
  "volume_root": "PHerc0139/volumes/20250728140407-9.362um-1.2m-113keV-masked.zarr",
  "zpa_report": {
    "integrity": "PASS",
    "path": "/home/runner/work/scrollq/scrollq/artifacts/2026-10-03-pherc0139-sheetness-prereg/zpa.json",
    "schema_version": "1.3.0",
    "sha256": "9a659bd974478032e1c4115c4e349ea4cd2711e090852500b7396bf480d92bdc"
  }
}
$ scroliq-sheetness /home/runner/work/scrollq/scrollq/artifacts/2026-10-03-pherc0139-sheetness-run/groups/surface-0012/cutout.npy --out-prefix /home/runner/work/scrollq/scrollq/artifacts/2026-10-03-pherc0139-sheetness-run/groups/surface-0012/sheetness --sigmas 0.8,1.2,1.8 --beta 0.5 --gamma 0.1 --bright-object --normalize-low 1.0 --normalize-high 99.0 --write-normal --max-voxels 2500000
{
  "input": {
    "dtype": "uint8",
    "path": "/home/runner/work/scrollq/scrollq/artifacts/2026-10-03-pherc0139-sheetness-run/groups/surface-0012/cutout.npy",
    "sha256": "dff215f9f4d6d05b04af1998d1950658ac2d34cdf480f83b3a6214eb49067251",
    "shape_zyx": [
      24,
      38,
      24
    ],
    "voxels": 21888
  },
  "kind": "sheetness",
  "method": "itk-hessian-objectness-m2-n3-compatible",
  "normal": {
    "basis": "ZYX voxel axes",
    "interpretation": "unit eigenvector of the largest-absolute Hessian eigenvalue at the winning scale; sign is arbitrary",
    "output_path": "/home/runner/work/scrollq/scrollq/artifacts/2026-10-03-pherc0139-sheetness-run/groups/surface-0012/sheetness.normal-zyx.npy",
    "output_sha256": "59a7fb0166f5d8964f5875735507fbf2ae611f4a2460648192d2ae9088d5bf91"
  },
  "normalization": {
    "enabled": true,
    "lower_percentile": 1.0,
    "lower_value": 16.0,
    "upper_percentile": 99.0,
    "upper_value": 255.0
  },
  "parameters": {
    "beta": 0.5,
    "bright_object": true,
    "gamma": 0.1,
    "scale_objectness": false,
    "sigmas": [
      0.8,
      1.2,
      1.8
    ]
  },
  "per_scale": [
    {
      "response_max": 0.4870745539665222,
      "response_mean": 0.029965154826641083,
      "response_p99": 0.2677726149559021,
      "sigma": 0.8
    },
    {
      "response_max": 0.7333909869194031,
      "response_mean": 0.06249632313847542,
      "response_p99": 0.43650931119918823,
      "sigma": 1.2
    },
    {
      "response_max": 0.7428626418113708,
      "response_mean": 0.08853857219219208,
      "response_p99": 0.5657390356063843,
      "sigma": 1.8
    }
  ],
  "response": {
    "nonzero_fraction": 0.56734283625731,
    "output_path": "/home/runner/work/scrollq/scrollq/artifacts/2026-10-03-pherc0139-sheetness-run/groups/surface-0012/sheetness.sheetness.npy",
    "output_sha256": "2662ec42f13287983aacb9270e198628479e78a2f5b2e97769ef589a96393b84",
    "summary": {
      "max": 0.7428626418113708,
      "mean": 0.0958671048283577,
      "min": 0.0,
      "p50": 0.019484607502818108,
      "p90": 0.30799055099487305,
      "p99": 0.571636438369751
    }
  },
  "schema_version": 1,
  "scope": "local 3-D cutout diagnostic; not by itself evidence of correct papyrus identity, winding identity, recto/verso, or readable ink",
  "status": "measured",
  "winning_scale": {
    "counts": {
      "0.800000011920929": 10596,
      "1.2000000476837158": 3079,
      "1.7999999523162842": 8213
    },
    "output_path": "/home/runner/work/scrollq/scrollq/artifacts/2026-10-03-pherc0139-sheetness-run/groups/surface-0012/sheetness.scale.npy",
    "output_sha256": "3ea5af8c2152c5ab7f4471ea4f03d987b4ca7360e5e6d9febf92f7f735593ea0"
  }
}
$ scroliq-sheetness-campaign seal-group --plan /home/runner/work/scrollq/scrollq/artifacts/2026-10-03-pherc0139-sheetness-campaign/campaign-plan.json --group-id surface-0012 --cutout-manifest /home/runner/work/scrollq/scrollq/artifacts/2026-10-03-pherc0139-sheetness-run/groups/surface-0012/cutout.json --sheetness-report /home/runner/work/scrollq/scrollq/artifacts/2026-10-03-pherc0139-sheetness-run/groups/surface-0012/sheetness.sheetness.json --out /home/runner/work/scrollq/scrollq/artifacts/2026-10-03-pherc0139-sheetness-run/specs/surface-0012.json
{
  "campaign_decision_rule": {
    "min_median_abs_cosine": 0.7,
    "min_median_normal_offset_margin": 0.0,
    "min_normal_completeness": 1.0,
    "min_normal_offset_win_fraction": 0.75,
    "min_score_completeness": 1.0
  },
  "campaign_group_id": "surface-0012",
  "campaign_plan_canonical_sha256": "f2f9817b2f5b71878ff8b82b481d8f17db601cd864c595a563633fcc9aea1439",
  "campaign_plan_sha256": "76c58373d2acd5513c505824832b3628b2edaf695072cfb48560fb8646a45a2e",
  "campaign_schema": "scroliq-sheetness-campaign/1",
  "claim_boundary": "This v3 spec materializes one already-frozen campaign group against the exact deterministic sheetness report/cutout bytes. Its local decision rule checks measurement completeness only; the scientific pass/fail rule is applied across all frozen groups by scroliq-sheetness-campaign aggregate.",
  "cutout_manifest_sha256": "0e6c8e86dfdf59231a42b89bc042767bf36a344ca36e129da34d878fcb30d145",
  "decision_rule": {
    "min_median_abs_cosine": 0.0,
    "min_median_normal_offset_margin": -1.0,
    "min_normal_completeness": 1.0,
    "min_normal_offset_win_fraction": 0.0,
    "min_score_completeness": 1.0
  },
  "frozen_engine": {
    "code_revision": "65bb493b87795011e1bed1ed0b2e0272e0f5a733",
    "max_voxels": 2500000,
    "method": "itk-hessian-objectness-m2-n3-compatible",
    "normalization": {
      "enabled": true,
      "lower_percentile": 1.0,
      "upper_percentile": 99.0
    },
    "parameters": {
      "beta": 0.5,
      "bright_object": true,
      "gamma": 0.1,
      "scale_objectness": false,
      "sigmas": [
        0.8,
        1.2,
        1.8
      ]
    },
    "seed": null,
    "sheetness_benchmark_py_sha256": "0c0b3b5c4eeedfc8a5002b356439c874849301588c5a1c2ee53e9cf43eb88e79",
    "sheetness_campaign_py_sha256": "6ba6a78cb5ab45c8ddb462df59f99034ce0697617d3e3502e61b5f57b411a243",
    "sheetness_py_sha256": "d04c84aaadad5d3b42f372b9702c3980ae4dad8cc895fa0b02c9264d44473a51",
    "stochastic": false,
    "write_normal": true
  },
  "groups": [
    {
      "controls": [
        {
          "id": "surface-0012-offset-01",
          "role": "normal-offset",
          "zyx": [
            8.573010180313759,
            8.860764350216414,
            14.72794055138138
          ]
        },
        {
          "id": "surface-0012-offset-02",
          "role": "normal-offset",
          "zyx": [
            9.624151574532334,
            12.545860690733207,
            13.581133361627963
          ]
        },
        {
          "id": "surface-0012-offset-03",
          "role": "normal-offset",
          "zyx": [
            11.726434362967666,
            19.916053371766793,
            11.287518982122037
          ]
        },
        {
          "id": "surface-0012-offset-04",
          "role": "normal-offset",
          "zyx": [
            12.777575757186241,
            23.601149712283586,
            10.14071179236862
          ]
        },
        {
          "id": "surface-0012-wrong-wrap",
          "role": "wrong-wrap",
          "zyx": [
            14.091502499958551,
            28.20752013793026,
            8.707202805177076
          ]
        }
      ],
      "id": "surface-0012",
      "surface": {
        "reference_normal_zyx": [
          0.26278534855450925,
          0.92127408512925,
          -0.28670179743829394
        ],
        "zyx": [
          10.67529296875,
          16.23095703125,
          12.434326171875
        ]
      }
    }
  ],
  "input_sha256": "dff215f9f4d6d05b04af1998d1950658ac2d34cdf480f83b3a6214eb49067251",
  "schema_version": 3,
  "sheetness_report_sha256": "ea81590a8d6ace197331bd923763f307d693e4c10729f4c818732e42b35398e4",
  "source_attestation": {
    "algorithm": "zpa-metadata-semantics-v1",
    "metadata_semantics_sha256": "58a956b0623bce7ba4f6fc38ec159cc4e500b2859b6619152574d5c9020c9bed",
    "state": "PRESENT"
  },
  "volume_root": "PHerc0139/volumes/20250728140407-9.362um-1.2m-113keV-masked.zarr"
}
$ scroliq-sheetness-eval --spec /home/runner/work/scrollq/scrollq/artifacts/2026-10-03-pherc0139-sheetness-run/specs/surface-0012.json --cutout-manifest /home/runner/work/scrollq/scrollq/artifacts/2026-10-03-pherc0139-sheetness-run/groups/surface-0012/cutout.json --report /home/runner/work/scrollq/scrollq/artifacts/2026-10-03-pherc0139-sheetness-run/groups/surface-0012/sheetness.sheetness.json --response /home/runner/work/scrollq/scrollq/artifacts/2026-10-03-pherc0139-sheetness-run/groups/surface-0012/sheetness.sheetness.npy --normal /home/runner/work/scrollq/scrollq/artifacts/2026-10-03-pherc0139-sheetness-run/groups/surface-0012/sheetness.normal-zyx.npy --out /home/runner/work/scrollq/scrollq/artifacts/2026-10-03-pherc0139-sheetness-run/results/surface-0012.json
{
  "claim_boundary": "This result tests whether a frozen sheetness field localizes a candidate surface relative to deliberate normal offsets on an exact audited CT volume. Wrong-wrap/competing-sheet probes are retained as mandatory descriptive controls, not a pass/fail target, because another papyrus sheet is itself sheet-like. This does not establish physical sheet identity/topology or demonstrate readable ink.",
  "decision_checks": {
    "median_abs_cosine": true,
    "median_normal_offset_margin": true,
    "normal_completeness": true,
    "normal_offset_win_fraction": true,
    "score_completeness": true
  },
  "engine": {
    "method": "itk-hessian-objectness-m2-n3-compatible",
    "normalization": {
      "enabled": true,
      "lower_percentile": 1.0,
      "lower_value": 16.0,
      "upper_percentile": 99.0,
      "upper_value": 255.0
    },
    "parameters": {
      "beta": 0.5,
      "bright_object": true,
      "gamma": 0.1,
      "scale_objectness": false,
      "sigmas": [
        0.8,
        1.2,
        1.8
      ]
    },
    "report_sha256": "ea81590a8d6ace197331bd923763f307d693e4c10729f4c818732e42b35398e4",
    "seed": null,
    "stochastic": false
  },
  "groups": [
    {
      "controls": [
        {
          "failure": null,
          "global_zyx": [
            4879.573010180314,
            4125.860764350216,
            2168.7279405513814
          ],
          "id": "surface-0012-offset-01",
          "role": "normal-offset",
          "score": 0.04481466648070937,
          "zyx": [
            8.573010180313759,
            8.860764350216414,
            14.72794055138138
          ]
        },
        {
          "failure": null,
          "global_zyx": [
            4880.624151574532,
            4129.545860690733,
            2167.581133361628
          ],
          "id": "surface-0012-offset-02",
          "role": "normal-offset",
          "score": 0.03569102194955383,
          "zyx": [
            9.624151574532334,
            12.545860690733207,
            13.581133361627963
          ]
        },
        {
          "failure": null,
          "global_zyx": [
            4882.726434362968,
            4136.916053371767,
            2165.287518982122
          ],
          "id": "surface-0012-offset-03",
          "role": "normal-offset",
          "score": 0.0017295159075008902,
          "zyx": [
            11.726434362967666,
            19.916053371766793,
            11.287518982122037
          ]
        },
        {
          "failure": null,
          "global_zyx": [
            4883.777575757186,
            4140.601149712284,
            2164.1407117923686
          ],
          "id": "surface-0012-offset-04",
          "role": "normal-offset",
          "score": 0.06725735939822074,
          "zyx": [
            12.777575757186241,
            23.601149712283586,
            10.14071179236862
          ]
        },
        {
          "failure": null,
          "global_zyx": [
            4885.091502499959,
            4145.20752013793,
            2162.707202805177
          ],
          "id": "surface-0012-wrong-wrap",
          "role": "wrong-wrap",
          "score": 0.002797094301782498,
          "zyx": [
            14.091502499958551,
            28.20752013793026,
            8.707202805177076
          ]
        }
      ],
      "id": "surface-0012",
      "score_complete": true,
      "surface": {
        "global_zyx": [
          4881.67529296875,
          4133.23095703125,
          2166.434326171875
        ],
        "normal_failure": null,
        "predicted_normal_abs_cosine": 0.9824012262034638,
        "reference_normal_zyx": [
          0.26278534855450925,
          0.92127408512925,
          -0.28670179743829394
        ],
        "score": 0.20321388493310716,
        "score_failure": null,
        "zyx": [
          10.67529296875,
          16.23095703125,
          12.434326171875
        ]
      },
      "surface_beats_all_normal_offsets": true,
      "surface_beats_all_wrong_wraps": true,
      "surface_minus_best_normal_offset": 0.1359565255348864,
      "surface_minus_best_wrong_wrap": 0.20041679063132467
    }
  ],
  "inputs": {
    "cutout_manifest_sha256": "0e6c8e86dfdf59231a42b89bc042767bf36a344ca36e129da34d878fcb30d145",
    "cutout_sha256": "dff215f9f4d6d05b04af1998d1950658ac2d34cdf480f83b3a6214eb49067251",
    "global_bbox_zyx_half_open": {
      "start": [
        4871,
        4117,
        2154
      ],
      "stop": [
        4895,
        4155,
        2178
      ]
    },
    "normal_sha256": "59a7fb0166f5d8964f5875735507fbf2ae611f4a2460648192d2ae9088d5bf91",
    "response_sha256": "2662ec42f13287983aacb9270e198628479e78a2f5b2e97769ef589a96393b84",
    "shape_zyx": [
      24,
      38,
      24
    ],
    "zpa_report_sha256": "9a659bd974478032e1c4115c4e349ea4cd2711e090852500b7396bf480d92bdc"
  },
  "metrics": {
    "group_count": 1,
    "median_abs_cosine": 0.9824012262034638,
    "median_surface_minus_best_normal_offset": 0.1359565255348864,
    "median_surface_minus_best_wrong_wrap_descriptive": 0.20041679063132467,
    "normal_complete_count": 1,
    "normal_completeness": 1.0,
    "normal_offset_win_count": 1,
    "normal_offset_win_fraction": 1.0,
    "score_complete_count": 1,
    "score_completeness": 1.0,
    "wrong_wrap_win_count_descriptive": 1,
    "wrong_wrap_win_fraction_descriptive": 1.0
  },
  "schema": "scroliq-sheetness-benchmark/3",
  "source_attestation": {
    "algorithm": "zpa-metadata-semantics-v1",
    "metadata_semantics_sha256": "58a956b0623bce7ba4f6fc38ec159cc4e500b2859b6619152574d5c9020c9bed",
    "state": "PRESENT"
  },
  "spec": {
    "canonical_sha256": "61ed33f9955cfd236c22fae3a33353c3157e0c91e2561734d4b6136fecddb8e2",
    "decision_rule": {
      "min_median_abs_cosine": 0.0,
      "min_median_normal_offset_margin": -1.0,
      "min_normal_completeness": 1.0,
      "min_normal_offset_win_fraction": 0.0,
      "min_score_completeness": 1.0
    },
    "file_sha256": "5568715d4b6f07930991d1d20478a70779a9a6b7d96f862867d52c3a917873eb"
  },
  "status": "pass",
  "volume_root": "PHerc0139/volumes/20250728140407-9.362um-1.2m-113keV-masked.zarr",
  "wrong_wrap_interpretation": "descriptive-only: a genuine competing papyrus sheet is also expected to be sheet-like, so wrong-wrap response measures the method's sheet-identity limitation and is not a pass/fail criterion"
}
$ scroliq-ct-cutout --ct-url https://vesuvius-challenge-open-data.s3.amazonaws.com/PHerc0139/volumes/20250728140407-9.362um-1.2m-113keV-masked.zarr --volume-root PHerc0139/volumes/20250728140407-9.362um-1.2m-113keV-masked.zarr --zpa-report /home/runner/work/scrollq/scrollq/artifacts/2026-10-03-pherc0139-sheetness-prereg/zpa.json --start 5021,2739,2885 --stop 5042,2777,2910 --out /home/runner/work/scrollq/scrollq/artifacts/2026-10-03-pherc0139-sheetness-run/groups/surface-0013/cutout.npy --manifest /home/runner/work/scrollq/scrollq/artifacts/2026-10-03-pherc0139-sheetness-run/groups/surface-0013/cutout.json
{
  "bbox_zyx_half_open": {
    "start": [
      5021,
      2739,
      2885
    ],
    "stop": [
      5042,
      2777,
      2910
    ]
  },
  "claim_boundary": "This manifest binds one local NumPy cutout to an exact audited level-0 ZYX box and records every touched source chunk. It does not establish papyrus sheet identity, topology, ink, or readability.",
  "coordinate_space": "level0-voxel-index",
  "ct_url": "https://vesuvius-challenge-open-data.s3.amazonaws.com/PHerc0139/volumes/20250728140407-9.362um-1.2m-113keV-masked.zarr",
  "cutout": {
    "dtype": "uint8",
    "path": "/home/runner/work/scrollq/scrollq/artifacts/2026-10-03-pherc0139-sheetness-run/groups/surface-0013/cutout.npy",
    "sha256": "d6eb70118048dd844a45174c4d362380785267d01bbb3ec9ba5bc47bf448e9da",
    "shape_zyx": [
      21,
      38,
      25
    ]
  },
  "level": 0,
  "local_to_global": {
    "definition": "global_zyx = local_zyx + start_zyx",
    "kind": "integer-translation",
    "start_zyx": [
      5021,
      2739,
      2885
    ]
  },
  "schema": "scroliq-ct-cutout/1",
  "source_array": {
    "chunks_zyx": [
      128,
      128,
      128
    ],
    "dtype": "|u1",
    "path": "0",
    "shape_zyx": [
      20974,
      6621,
      6621
    ]
  },
  "source_attestation": {
    "absolute_scale_state": "unspecified",
    "algorithm": "zpa-metadata-semantics-v1",
    "axes": [
      "z",
      "y",
      "x"
    ],
    "base_declared_scale": [
      1.0,
      1.0,
      1.0
    ],
    "metadata_semantics_sha256": "58a956b0623bce7ba4f6fc38ec159cc4e500b2859b6619152574d5c9020c9bed",
    "spatial_axes": [
      {
        "index": 0,
        "name": "z",
        "unit": null
      },
      {
        "index": 1,
        "name": "y",
        "unit": null
      },
      {
        "index": 2,
        "name": "x",
        "unit": null
      }
    ],
    "state": "PRESENT"
  },
  "source_chunks": {
    "count": 1,
    "missing_count": 0,
    "touched_zyx": [
      [
        39,
        21,
        22
      ]
    ]
  },
  "status": "measured",
  "volume_root": "PHerc0139/volumes/20250728140407-9.362um-1.2m-113keV-masked.zarr",
  "zpa_report": {
    "integrity": "PASS",
    "path": "/home/runner/work/scrollq/scrollq/artifacts/2026-10-03-pherc0139-sheetness-prereg/zpa.json",
    "schema_version": "1.3.0",
    "sha256": "9a659bd974478032e1c4115c4e349ea4cd2711e090852500b7396bf480d92bdc"
  }
}
$ scroliq-sheetness /home/runner/work/scrollq/scrollq/artifacts/2026-10-03-pherc0139-sheetness-run/groups/surface-0013/cutout.npy --out-prefix /home/runner/work/scrollq/scrollq/artifacts/2026-10-03-pherc0139-sheetness-run/groups/surface-0013/sheetness --sigmas 0.8,1.2,1.8 --beta 0.5 --gamma 0.1 --bright-object --normalize-low 1.0 --normalize-high 99.0 --write-normal --max-voxels 2500000
{
  "input": {
    "dtype": "uint8",
    "path": "/home/runner/work/scrollq/scrollq/artifacts/2026-10-03-pherc0139-sheetness-run/groups/surface-0013/cutout.npy",
    "sha256": "d6eb70118048dd844a45174c4d362380785267d01bbb3ec9ba5bc47bf448e9da",
    "shape_zyx": [
      21,
      38,
      25
    ],
    "voxels": 19950
  },
  "kind": "sheetness",
  "method": "itk-hessian-objectness-m2-n3-compatible",
  "normal": {
    "basis": "ZYX voxel axes",
    "interpretation": "unit eigenvector of the largest-absolute Hessian eigenvalue at the winning scale; sign is arbitrary",
    "output_path": "/home/runner/work/scrollq/scrollq/artifacts/2026-10-03-pherc0139-sheetness-run/groups/surface-0013/sheetness.normal-zyx.npy",
    "output_sha256": "6de12c23791509833c754e8ca2c517d0c6ffc1e49f7b6e000568c80a55d109b8"
  },
  "normalization": {
    "enabled": true,
    "lower_percentile": 1.0,
    "lower_value": 14.0,
    "upper_percentile": 99.0,
    "upper_value": 181.0
  },
  "parameters": {
    "beta": 0.5,
    "bright_object": true,
    "gamma": 0.1,
    "scale_objectness": false,
    "sigmas": [
      0.8,
      1.2,
      1.8
    ]
  },
  "per_scale": [
    {
      "response_max": 0.8060538172721863,
      "response_mean": 0.06615803390741348,
      "response_p99": 0.5382025837898254,
      "sigma": 0.8
    },
    {
      "response_max": 0.9694762229919434,
      "response_mean": 0.12383908778429031,
      "response_p99": 0.8431249856948853,
      "sigma": 1.2
    },
    {
      "response_max": 0.978580117225647,
      "response_mean": 0.1646801382303238,
      "response_p99": 0.9309590458869934,
      "sigma": 1.8
    }
  ],
  "response": {
    "nonzero_fraction": 0.5687218045112782,
    "output_path": "/home/runner/work/scrollq/scrollq/artifacts/2026-10-03-pherc0139-sheetness-run/groups/surface-0013/sheetness.sheetness.npy",
    "output_sha256": "8e00217755cf14cba992fd7c59e6b203bd35fd01b6f89047e72df5c66186d1dd",
    "summary": {
      "max": 0.978580117225647,
      "mean": 0.17580156028270721,
      "min": 0.0,
      "p50": 0.004607776179909706,
      "p90": 0.6869345307350159,
      "p99": 0.9310563206672668
    }
  },
  "schema_version": 1,
  "scope": "local 3-D cutout diagnostic; not by itself evidence of correct papyrus identity, winding identity, recto/verso, or readable ink",
  "status": "measured",
  "winning_scale": {
    "counts": {
      "0.800000011920929": 10375,
      "1.2000000476837158": 2471,
      "1.7999999523162842": 7104
    },
    "output_path": "/home/runner/work/scrollq/scrollq/artifacts/2026-10-03-pherc0139-sheetness-run/groups/surface-0013/sheetness.scale.npy",
    "output_sha256": "1367274dc80c6447cfec749bbb1278d526e240ec231f59472de7995e74a28eea"
  }
}
$ scroliq-sheetness-campaign seal-group --plan /home/runner/work/scrollq/scrollq/artifacts/2026-10-03-pherc0139-sheetness-campaign/campaign-plan.json --group-id surface-0013 --cutout-manifest /home/runner/work/scrollq/scrollq/artifacts/2026-10-03-pherc0139-sheetness-run/groups/surface-0013/cutout.json --sheetness-report /home/runner/work/scrollq/scrollq/artifacts/2026-10-03-pherc0139-sheetness-run/groups/surface-0013/sheetness.sheetness.json --out /home/runner/work/scrollq/scrollq/artifacts/2026-10-03-pherc0139-sheetness-run/specs/surface-0013.json
{
  "campaign_decision_rule": {
    "min_median_abs_cosine": 0.7,
    "min_median_normal_offset_margin": 0.0,
    "min_normal_completeness": 1.0,
    "min_normal_offset_win_fraction": 0.75,
    "min_score_completeness": 1.0
  },
  "campaign_group_id": "surface-0013",
  "campaign_plan_canonical_sha256": "f2f9817b2f5b71878ff8b82b481d8f17db601cd864c595a563633fcc9aea1439",
  "campaign_plan_sha256": "76c58373d2acd5513c505824832b3628b2edaf695072cfb48560fb8646a45a2e",
  "campaign_schema": "scroliq-sheetness-campaign/1",
  "claim_boundary": "This v3 spec materializes one already-frozen campaign group against the exact deterministic sheetness report/cutout bytes. Its local decision rule checks measurement completeness only; the scientific pass/fail rule is applied across all frozen groups by scroliq-sheetness-campaign aggregate.",
  "cutout_manifest_sha256": "13e0eca491924d722064b0ed16009ff5ecd735a939909ba3841d22262f37152b",
  "decision_rule": {
    "min_median_abs_cosine": 0.0,
    "min_median_normal_offset_margin": -1.0,
    "min_normal_completeness": 1.0,
    "min_normal_offset_win_fraction": 0.0,
    "min_score_completeness": 1.0
  },
  "frozen_engine": {
    "code_revision": "65bb493b87795011e1bed1ed0b2e0272e0f5a733",
    "max_voxels": 2500000,
    "method": "itk-hessian-objectness-m2-n3-compatible",
    "normalization": {
      "enabled": true,
      "lower_percentile": 1.0,
      "upper_percentile": 99.0
    },
    "parameters": {
      "beta": 0.5,
      "bright_object": true,
      "gamma": 0.1,
      "scale_objectness": false,
      "sigmas": [
        0.8,
        1.2,
        1.8
      ]
    },
    "seed": null,
    "sheetness_benchmark_py_sha256": "0c0b3b5c4eeedfc8a5002b356439c874849301588c5a1c2ee53e9cf43eb88e79",
    "sheetness_campaign_py_sha256": "6ba6a78cb5ab45c8ddb462df59f99034ce0697617d3e3502e61b5f57b411a243",
    "sheetness_py_sha256": "d04c84aaadad5d3b42f372b9702c3980ae4dad8cc895fa0b02c9264d44473a51",
    "stochastic": false,
    "write_normal": true
  },
  "groups": [
    {
      "controls": [
        {
          "id": "surface-0013-offset-01",
          "role": "normal-offset",
          "zyx": [
            10.607581618496624,
            23.29982298404866,
            13.85750207817091
          ]
        },
        {
          "id": "surface-0013-offset-02",
          "role": "normal-offset",
          "zyx": [
            10.104083777998312,
            19.54017028108683,
            12.588052796897955
          ]
        },
        {
          "id": "surface-0013-offset-03",
          "role": "normal-offset",
          "zyx": [
            9.097088097001688,
            12.02086487516317,
            10.049154234352045
          ]
        },
        {
          "id": "surface-0013-offset-04",
          "role": "normal-offset",
          "zyx": [
            8.593590256503376,
            8.26121217220134,
            8.77970495307909
          ]
        },
        {
          "id": "surface-0013-wrong-wrap",
          "role": "wrong-wrap",
          "zyx": [
            11.299891149181349,
            28.469345450621404,
            15.602994839921394
          ]
        }
      ],
      "id": "surface-0013",
      "surface": {
        "reference_normal_zyx": [
          -0.1258744601245455,
          -0.9399131757404849,
          -0.3173623203182611
        ],
        "zyx": [
          9.6005859375,
          15.780517578125,
          11.318603515625
        ]
      }
    }
  ],
  "input_sha256": "d6eb70118048dd844a45174c4d362380785267d01bbb3ec9ba5bc47bf448e9da",
  "schema_version": 3,
  "sheetness_report_sha256": "299fa828a13bdb1a6874c6d82d0c5e0118612695b9d1e594b788a11996174ae1",
  "source_attestation": {
    "algorithm": "zpa-metadata-semantics-v1",
    "metadata_semantics_sha256": "58a956b0623bce7ba4f6fc38ec159cc4e500b2859b6619152574d5c9020c9bed",
    "state": "PRESENT"
  },
  "volume_root": "PHerc0139/volumes/20250728140407-9.362um-1.2m-113keV-masked.zarr"
}
$ scroliq-sheetness-eval --spec /home/runner/work/scrollq/scrollq/artifacts/2026-10-03-pherc0139-sheetness-run/specs/surface-0013.json --cutout-manifest /home/runner/work/scrollq/scrollq/artifacts/2026-10-03-pherc0139-sheetness-run/groups/surface-0013/cutout.json --report /home/runner/work/scrollq/scrollq/artifacts/2026-10-03-pherc0139-sheetness-run/groups/surface-0013/sheetness.sheetness.json --response /home/runner/work/scrollq/scrollq/artifacts/2026-10-03-pherc0139-sheetness-run/groups/surface-0013/sheetness.sheetness.npy --normal /home/runner/work/scrollq/scrollq/artifacts/2026-10-03-pherc0139-sheetness-run/groups/surface-0013/sheetness.normal-zyx.npy --out /home/runner/work/scrollq/scrollq/artifacts/2026-10-03-pherc0139-sheetness-run/results/surface-0013.json
{
  "claim_boundary": "This result tests whether a frozen sheetness field localizes a candidate surface relative to deliberate normal offsets on an exact audited CT volume. Wrong-wrap/competing-sheet probes are retained as mandatory descriptive controls, not a pass/fail target, because another papyrus sheet is itself sheet-like. This does not establish physical sheet identity/topology or demonstrate readable ink.",
  "decision_checks": {
    "median_abs_cosine": true,
    "median_normal_offset_margin": true,
    "normal_completeness": true,
    "normal_offset_win_fraction": true,
    "score_completeness": true
  },
  "engine": {
    "method": "itk-hessian-objectness-m2-n3-compatible",
    "normalization": {
      "enabled": true,
      "lower_percentile": 1.0,
      "lower_value": 14.0,
      "upper_percentile": 99.0,
      "upper_value": 181.0
    },
    "parameters": {
      "beta": 0.5,
      "bright_object": true,
      "gamma": 0.1,
      "scale_objectness": false,
      "sigmas": [
        0.8,
        1.2,
        1.8
      ]
    },
    "report_sha256": "299fa828a13bdb1a6874c6d82d0c5e0118612695b9d1e594b788a11996174ae1",
    "seed": null,
    "stochastic": false
  },
  "groups": [
    {
      "controls": [
        {
          "failure": null,
          "global_zyx": [
            5031.607581618497,
            2762.2998229840487,
            2898.857502078171
          ],
          "id": "surface-0013-offset-01",
          "role": "normal-offset",
          "score": 0.28298067522712084,
          "zyx": [
            10.607581618496624,
            23.29982298404866,
            13.85750207817091
          ]
        },
        {
          "failure": null,
          "global_zyx": [
            5031.104083777998,
            2758.540170281087,
            2897.588052796898
          ],
          "id": "surface-0013-offset-02",
          "role": "normal-offset",
          "score": 0.05880383908796571,
          "zyx": [
            10.104083777998312,
            19.54017028108683,
            12.588052796897955
          ]
        },
        {
          "failure": null,
          "global_zyx": [
            5030.097088097002,
            2751.020864875163,
            2895.049154234352
          ],
          "id": "surface-0013-offset-03",
          "role": "normal-offset",
          "score": 0.015471164012336804,
          "zyx": [
            9.097088097001688,
            12.02086487516317,
            10.049154234352045
          ]
        },
        {
          "failure": null,
          "global_zyx": [
            5029.593590256503,
            2747.2612121722013,
            2893.779704953079
          ],
          "id": "surface-0013-offset-04",
          "role": "normal-offset",
          "score": 0.8543409529474519,
          "zyx": [
            8.593590256503376,
            8.26121217220134,
            8.77970495307909
          ]
        },
        {
          "failure": null,
          "global_zyx": [
            5032.299891149181,
            2767.4693454506214,
            2900.6029948399214
          ],
          "id": "surface-0013-wrong-wrap",
          "role": "wrong-wrap",
          "score": 0.10523698994976272,
          "zyx": [
            11.299891149181349,
            28.469345450621404,
            15.602994839921394
          ]
        }
      ],
      "id": "surface-0013",
      "score_complete": true,
      "surface": {
        "global_zyx": [
          5030.6005859375,
          2754.780517578125,
          2896.318603515625
        ],
        "normal_failure": null,
        "predicted_normal_abs_cosine": 0.9681642486778668,
        "reference_normal_zyx": [
          -0.1258744601245455,
          -0.9399131757404849,
          -0.3173623203182611
        ],
        "score": 0.2958232592132118,
        "score_failure": null,
        "zyx": [
          9.6005859375,
          15.780517578125,
          11.318603515625
        ]
      },
      "surface_beats_all_normal_offsets": false,
      "surface_beats_all_wrong_wraps": true,
      "surface_minus_best_normal_offset": -0.5585176937342402,
      "surface_minus_best_wrong_wrap": 0.19058626926344907
    }
  ],
  "inputs": {
    "cutout_manifest_sha256": "13e0eca491924d722064b0ed16009ff5ecd735a939909ba3841d22262f37152b",
    "cutout_sha256": "d6eb70118048dd844a45174c4d362380785267d01bbb3ec9ba5bc47bf448e9da",
    "global_bbox_zyx_half_open": {
      "start": [
        5021,
        2739,
        2885
      ],
      "stop": [
        5042,
        2777,
        2910
      ]
    },
    "normal_sha256": "6de12c23791509833c754e8ca2c517d0c6ffc1e49f7b6e000568c80a55d109b8",
    "response_sha256": "8e00217755cf14cba992fd7c59e6b203bd35fd01b6f89047e72df5c66186d1dd",
    "shape_zyx": [
      21,
      38,
      25
    ],
    "zpa_report_sha256": "9a659bd974478032e1c4115c4e349ea4cd2711e090852500b7396bf480d92bdc"
  },
  "metrics": {
    "group_count": 1,
    "median_abs_cosine": 0.9681642486778668,
    "median_surface_minus_best_normal_offset": -0.5585176937342402,
    "median_surface_minus_best_wrong_wrap_descriptive": 0.19058626926344907,
    "normal_complete_count": 1,
    "normal_completeness": 1.0,
    "normal_offset_win_count": 0,
    "normal_offset_win_fraction": 0.0,
    "score_complete_count": 1,
    "score_completeness": 1.0,
    "wrong_wrap_win_count_descriptive": 1,
    "wrong_wrap_win_fraction_descriptive": 1.0
  },
  "schema": "scroliq-sheetness-benchmark/3",
  "source_attestation": {
    "algorithm": "zpa-metadata-semantics-v1",
    "metadata_semantics_sha256": "58a956b0623bce7ba4f6fc38ec159cc4e500b2859b6619152574d5c9020c9bed",
    "state": "PRESENT"
  },
  "spec": {
    "canonical_sha256": "8400a89b9f696c4f86cb3bae6465b8ccfe880e79d9f0f686899280387b2b93ac",
    "decision_rule": {
      "min_median_abs_cosine": 0.0,
      "min_median_normal_offset_margin": -1.0,
      "min_normal_completeness": 1.0,
      "min_normal_offset_win_fraction": 0.0,
      "min_score_completeness": 1.0
    },
    "file_sha256": "5b6b9c00dbc1bfe4a8fc28e5e44b38f82d7466708dcb52aaba579abde5fdc618"
  },
  "status": "pass",
  "volume_root": "PHerc0139/volumes/20250728140407-9.362um-1.2m-113keV-masked.zarr",
  "wrong_wrap_interpretation": "descriptive-only: a genuine competing papyrus sheet is also expected to be sheet-like, so wrong-wrap response measures the method's sheet-identity limitation and is not a pass/fail criterion"
}
$ scroliq-ct-cutout --ct-url https://vesuvius-challenge-open-data.s3.amazonaws.com/PHerc0139/volumes/20250728140407-9.362um-1.2m-113keV-masked.zarr --volume-root PHerc0139/volumes/20250728140407-9.362um-1.2m-113keV-masked.zarr --zpa-report /home/runner/work/scrollq/scrollq/artifacts/2026-10-03-pherc0139-sheetness-prereg/zpa.json --start 5184,2669,3447 --stop 5205,2721,3466 --out /home/runner/work/scrollq/scrollq/artifacts/2026-10-03-pherc0139-sheetness-run/groups/surface-0014/cutout.npy --manifest /home/runner/work/scrollq/scrollq/artifacts/2026-10-03-pherc0139-sheetness-run/groups/surface-0014/cutout.json
{
  "bbox_zyx_half_open": {
    "start": [
      5184,
      2669,
      3447
    ],
    "stop": [
      5205,
      2721,
      3466
    ]
  },
  "claim_boundary": "This manifest binds one local NumPy cutout to an exact audited level-0 ZYX box and records every touched source chunk. It does not establish papyrus sheet identity, topology, ink, or readability.",
  "coordinate_space": "level0-voxel-index",
  "ct_url": "https://vesuvius-challenge-open-data.s3.amazonaws.com/PHerc0139/volumes/20250728140407-9.362um-1.2m-113keV-masked.zarr",
  "cutout": {
    "dtype": "uint8",
    "path": "/home/runner/work/scrollq/scrollq/artifacts/2026-10-03-pherc0139-sheetness-run/groups/surface-0014/cutout.npy",
    "sha256": "69baa7499f03d525650995919d47a1123f87a45821349784ece6331427abbb89",
    "shape_zyx": [
      21,
      52,
      19
    ]
  },
  "level": 0,
  "local_to_global": {
    "definition": "global_zyx = local_zyx + start_zyx",
    "kind": "integer-translation",
    "start_zyx": [
      5184,
      2669,
      3447
    ]
  },
  "schema": "scroliq-ct-cutout/1",
  "source_array": {
    "chunks_zyx": [
      128,
      128,
      128
    ],
    "dtype": "|u1",
    "path": "0",
    "shape_zyx": [
      20974,
      6621,
      6621
    ]
  },
  "source_attestation": {
    "absolute_scale_state": "unspecified",
    "algorithm": "zpa-metadata-semantics-v1",
    "axes": [
      "z",
      "y",
      "x"
    ],
    "base_declared_scale": [
      1.0,
      1.0,
      1.0
    ],
    "metadata_semantics_sha256": "58a956b0623bce7ba4f6fc38ec159cc4e500b2859b6619152574d5c9020c9bed",
    "spatial_axes": [
      {
        "index": 0,
        "name": "z",
        "unit": null
      },
      {
        "index": 1,
        "name": "y",
        "unit": null
      },
      {
        "index": 2,
        "name": "x",
        "unit": null
      }
    ],
    "state": "PRESENT"
  },
  "source_chunks": {
    "count": 4,
    "missing_count": 0,
    "touched_zyx": [
      [
        40,
        20,
        26
      ],
      [
        40,
        20,
        27
      ],
      [
        40,
        21,
        26
      ],
      [
        40,
        21,
        27
      ]
    ]
  },
  "status": "measured",
  "volume_root": "PHerc0139/volumes/20250728140407-9.362um-1.2m-113keV-masked.zarr",
  "zpa_report": {
    "integrity": "PASS",
    "path": "/home/runner/work/scrollq/scrollq/artifacts/2026-10-03-pherc0139-sheetness-prereg/zpa.json",
    "schema_version": "1.3.0",
    "sha256": "9a659bd974478032e1c4115c4e349ea4cd2711e090852500b7396bf480d92bdc"
  }
}
$ scroliq-sheetness /home/runner/work/scrollq/scrollq/artifacts/2026-10-03-pherc0139-sheetness-run/groups/surface-0014/cutout.npy --out-prefix /home/runner/work/scrollq/scrollq/artifacts/2026-10-03-pherc0139-sheetness-run/groups/surface-0014/sheetness --sigmas 0.8,1.2,1.8 --beta 0.5 --gamma 0.1 --bright-object --normalize-low 1.0 --normalize-high 99.0 --write-normal --max-voxels 2500000
{
  "input": {
    "dtype": "uint8",
    "path": "/home/runner/work/scrollq/scrollq/artifacts/2026-10-03-pherc0139-sheetness-run/groups/surface-0014/cutout.npy",
    "sha256": "69baa7499f03d525650995919d47a1123f87a45821349784ece6331427abbb89",
    "shape_zyx": [
      21,
      52,
      19
    ],
    "voxels": 20748
  },
  "kind": "sheetness",
  "method": "itk-hessian-objectness-m2-n3-compatible",
  "normal": {
    "basis": "ZYX voxel axes",
    "interpretation": "unit eigenvector of the largest-absolute Hessian eigenvalue at the winning scale; sign is arbitrary",
    "output_path": "/home/runner/work/scrollq/scrollq/artifacts/2026-10-03-pherc0139-sheetness-run/groups/surface-0014/sheetness.normal-zyx.npy",
    "output_sha256": "50f4509c67aca84fe70bf8e752f17f5ef168d6c8130fc1851948068fa24b9027"
  },
  "normalization": {
    "enabled": true,
    "lower_percentile": 1.0,
    "lower_value": 20.0,
    "upper_percentile": 99.0,
    "upper_value": 172.0
  },
  "parameters": {
    "beta": 0.5,
    "bright_object": true,
    "gamma": 0.1,
    "scale_objectness": false,
    "sigmas": [
      0.8,
      1.2,
      1.8
    ]
  },
  "per_scale": [
    {
      "response_max": 0.8593172430992126,
      "response_mean": 0.08256757259368896,
      "response_p99": 0.639150857925415,
      "sigma": 0.8
    },
    {
      "response_max": 0.9695826172828674,
      "response_mean": 0.14493101835250854,
      "response_p99": 0.8840988874435425,
      "sigma": 1.2
    },
    {
      "response_max": 0.9911690354347229,
      "response_mean": 0.18573682010173798,
      "response_p99": 0.9511619806289673,
      "sigma": 1.8
    }
  ],
  "response": {
    "nonzero_fraction": 0.5481010217852323,
    "output_path": "/home/runner/work/scrollq/scrollq/artifacts/2026-10-03-pherc0139-sheetness-run/groups/surface-0014/sheetness.sheetness.npy",
    "output_sha256": "5ea64a793727073763a034b3822c5b224a5813e5dcc092ed8811f62e06b72a52",
    "summary": {
      "max": 0.9911690354347229,
      "mean": 0.19680118560791016,
      "min": 0.0,
      "p50": 0.004148778505623341,
      "p90": 0.7306216955184937,
      "p99": 0.9511619806289673
    }
  },
  "schema_version": 1,
  "scope": "local 3-D cutout diagnostic; not by itself evidence of correct papyrus identity, winding identity, recto/verso, or readable ink",
  "status": "measured",
  "winning_scale": {
    "counts": {
      "0.800000011920929": 11026,
      "1.2000000476837158": 2548,
      "1.7999999523162842": 7174
    },
    "output_path": "/home/runner/work/scrollq/scrollq/artifacts/2026-10-03-pherc0139-sheetness-run/groups/surface-0014/sheetness.scale.npy",
    "output_sha256": "99494669ef89d04b19f94fe2feca17fac005bbaf42b4480ead4d6242c86b9caf"
  }
}
$ scroliq-sheetness-campaign seal-group --plan /home/runner/work/scrollq/scrollq/artifacts/2026-10-03-pherc0139-sheetness-campaign/campaign-plan.json --group-id surface-0014 --cutout-manifest /home/runner/work/scrollq/scrollq/artifacts/2026-10-03-pherc0139-sheetness-run/groups/surface-0014/cutout.json --sheetness-report /home/runner/work/scrollq/scrollq/artifacts/2026-10-03-pherc0139-sheetness-run/groups/surface-0014/sheetness.sheetness.json --out /home/runner/work/scrollq/scrollq/artifacts/2026-10-03-pherc0139-sheetness-run/specs/surface-0014.json
{
  "campaign_decision_rule": {
    "min_median_abs_cosine": 0.7,
    "min_median_normal_offset_margin": 0.0,
    "min_normal_completeness": 1.0,
    "min_normal_offset_win_fraction": 0.75,
    "min_score_completeness": 1.0
  },
  "campaign_group_id": "surface-0014",
  "campaign_plan_canonical_sha256": "f2f9817b2f5b71878ff8b82b481d8f17db601cd864c595a563633fcc9aea1439",
  "campaign_plan_sha256": "76c58373d2acd5513c505824832b3628b2edaf695072cfb48560fb8646a45a2e",
  "campaign_schema": "scroliq-sheetness-campaign/1",
  "claim_boundary": "This v3 spec materializes one already-frozen campaign group against the exact deterministic sheetness report/cutout bytes. Its local decision rule checks measurement completeness only; the scientific pass/fail rule is applied across all frozen groups by scroliq-sheetness-campaign aggregate.",
  "cutout_manifest_sha256": "8f6abf50867c420da6f90882f5dd7fa372c83c1f066fc3c207874353ff8126f7",
  "decision_rule": {
    "min_median_abs_cosine": 0.0,
    "min_median_normal_offset_margin": -1.0,
    "min_normal_completeness": 1.0,
    "min_normal_offset_win_fraction": 0.0,
    "min_score_completeness": 1.0
  },
  "frozen_engine": {
    "code_revision": "65bb493b87795011e1bed1ed0b2e0272e0f5a733",
    "max_voxels": 2500000,
    "method": "itk-hessian-objectness-m2-n3-compatible",
    "normalization": {
      "enabled": true,
      "lower_percentile": 1.0,
      "upper_percentile": 99.0
    },
    "parameters": {
      "beta": 0.5,
      "bright_object": true,
      "gamma": 0.1,
      "scale_objectness": false,
      "sigmas": [
        0.8,
        1.2,
        1.8
      ]
    },
    "seed": null,
    "sheetness_benchmark_py_sha256": "0c0b3b5c4eeedfc8a5002b356439c874849301588c5a1c2ee53e9cf43eb88e79",
    "sheetness_campaign_py_sha256": "6ba6a78cb5ab45c8ddb462df59f99034ce0697617d3e3502e61b5f57b411a243",
    "sheetness_py_sha256": "d04c84aaadad5d3b42f372b9702c3980ae4dad8cc895fa0b02c9264d44473a51",
    "stochastic": false,
    "write_normal": true
  },
  "groups": [
    {
      "controls": [
        {
          "id": "surface-0014-offset-01",
          "role": "normal-offset",
          "zyx": [
            8.014608497915106,
            42.702128197428465,
            8.199871224411709
          ]
        },
        {
          "id": "surface-0014-offset-02",
          "role": "normal-offset",
          "zyx": [
            8.467509327082553,
            38.73241175496423,
            8.390218815330627
          ]
        },
        {
          "id": "surface-0014-offset-03",
          "role": "normal-offset",
          "zyx": [
            9.373310985417447,
            30.792978870035768,
            8.770913997169373
          ]
        },
        {
          "id": "surface-0014-offset-04",
          "role": "normal-offset",
          "zyx": [
            9.826211814584894,
            26.823262427571535,
            8.961261588088291
          ]
        },
        {
          "id": "surface-0014-wrong-wrap",
          "role": "wrong-wrap",
          "zyx": [
            11.864265545837952,
            8.95953843648249,
            9.817825747225015
          ]
        }
      ],
      "id": "surface-0014",
      "surface": {
        "reference_normal_zyx": [
          0.11322520729185694,
          -0.9924291106160528,
          0.04758689772980024
        ],
        "zyx": [
          8.92041015625,
          34.7626953125,
          8.58056640625
        ]
      }
    }
  ],
  "input_sha256": "69baa7499f03d525650995919d47a1123f87a45821349784ece6331427abbb89",
  "schema_version": 3,
  "sheetness_report_sha256": "a23a1c8937fa15de374c80457d182225c73f8c5b7fa05c6758ba1962dfbab045",
  "source_attestation": {
    "algorithm": "zpa-metadata-semantics-v1",
    "metadata_semantics_sha256": "58a956b0623bce7ba4f6fc38ec159cc4e500b2859b6619152574d5c9020c9bed",
    "state": "PRESENT"
  },
  "volume_root": "PHerc0139/volumes/20250728140407-9.362um-1.2m-113keV-masked.zarr"
}
$ scroliq-sheetness-eval --spec /home/runner/work/scrollq/scrollq/artifacts/2026-10-03-pherc0139-sheetness-run/specs/surface-0014.json --cutout-manifest /home/runner/work/scrollq/scrollq/artifacts/2026-10-03-pherc0139-sheetness-run/groups/surface-0014/cutout.json --report /home/runner/work/scrollq/scrollq/artifacts/2026-10-03-pherc0139-sheetness-run/groups/surface-0014/sheetness.sheetness.json --response /home/runner/work/scrollq/scrollq/artifacts/2026-10-03-pherc0139-sheetness-run/groups/surface-0014/sheetness.sheetness.npy --normal /home/runner/work/scrollq/scrollq/artifacts/2026-10-03-pherc0139-sheetness-run/groups/surface-0014/sheetness.normal-zyx.npy --out /home/runner/work/scrollq/scrollq/artifacts/2026-10-03-pherc0139-sheetness-run/results/surface-0014.json
{
  "claim_boundary": "This result tests whether a frozen sheetness field localizes a candidate surface relative to deliberate normal offsets on an exact audited CT volume. Wrong-wrap/competing-sheet probes are retained as mandatory descriptive controls, not a pass/fail target, because another papyrus sheet is itself sheet-like. This does not establish physical sheet identity/topology or demonstrate readable ink.",
  "decision_checks": {
    "median_abs_cosine": true,
    "median_normal_offset_margin": true,
    "normal_completeness": true,
    "normal_offset_win_fraction": true,
    "score_completeness": true
  },
  "engine": {
    "method": "itk-hessian-objectness-m2-n3-compatible",
    "normalization": {
      "enabled": true,
      "lower_percentile": 1.0,
      "lower_value": 20.0,
      "upper_percentile": 99.0,
      "upper_value": 172.0
    },
    "parameters": {
      "beta": 0.5,
      "bright_object": true,
      "gamma": 0.1,
      "scale_objectness": false,
      "sigmas": [
        0.8,
        1.2,
        1.8
      ]
    },
    "report_sha256": "a23a1c8937fa15de374c80457d182225c73f8c5b7fa05c6758ba1962dfbab045",
    "seed": null,
    "stochastic": false
  },
  "groups": [
    {
      "controls": [
        {
          "failure": null,
          "global_zyx": [
            5192.014608497915,
            2711.7021281974285,
            3455.1998712244117
          ],
          "id": "surface-0014-offset-01",
          "role": "normal-offset",
          "score": 0.0,
          "zyx": [
            8.014608497915106,
            42.702128197428465,
            8.199871224411709
          ]
        },
        {
          "failure": null,
          "global_zyx": [
            5192.467509327083,
            2707.7324117549642,
            3455.3902188153306
          ],
          "id": "surface-0014-offset-02",
          "role": "normal-offset",
          "score": 0.30186365498359946,
          "zyx": [
            8.467509327082553,
            38.73241175496423,
            8.390218815330627
          ]
        },
        {
          "failure": null,
          "global_zyx": [
            5193.373310985417,
            2699.7929788700358,
            3455.7709139971694
          ],
          "id": "surface-0014-offset-03",
          "role": "normal-offset",
          "score": 0.0,
          "zyx": [
            9.373310985417447,
            30.792978870035768,
            8.770913997169373
          ]
        },
        {
          "failure": null,
          "global_zyx": [
            5193.826211814585,
            2695.8232624275715,
            3455.9612615880883
          ],
          "id": "surface-0014-offset-04",
          "role": "normal-offset",
          "score": 0.22146350772995352,
          "zyx": [
            9.826211814584894,
            26.823262427571535,
            8.961261588088291
          ]
        },
        {
          "failure": null,
          "global_zyx": [
            5195.864265545838,
            2677.9595384364825,
            3456.817825747225
          ],
          "id": "surface-0014-wrong-wrap",
          "role": "wrong-wrap",
          "score": 0.01899744093335866,
          "zyx": [
            11.864265545837952,
            8.95953843648249,
            9.817825747225015
          ]
        }
      ],
      "id": "surface-0014",
      "score_complete": true,
      "surface": {
        "global_zyx": [
          5192.92041015625,
          2703.7626953125,
          3455.58056640625
        ],
        "normal_failure": null,
        "predicted_normal_abs_cosine": 0.85987862740431,
        "reference_normal_zyx": [
          0.11322520729185694,
          -0.9924291106160528,
          0.04758689772980024
        ],
        "score": 0.15677032394899565,
        "score_failure": null,
        "zyx": [
          8.92041015625,
          34.7626953125,
          8.58056640625
        ]
      },
      "surface_beats_all_normal_offsets": false,
      "surface_beats_all_wrong_wraps": true,
      "surface_minus_best_normal_offset": -0.1450933310346038,
      "surface_minus_best_wrong_wrap": 0.137772883015637
    }
  ],
  "inputs": {
    "cutout_manifest_sha256": "8f6abf50867c420da6f90882f5dd7fa372c83c1f066fc3c207874353ff8126f7",
    "cutout_sha256": "69baa7499f03d525650995919d47a1123f87a45821349784ece6331427abbb89",
    "global_bbox_zyx_half_open": {
      "start": [
        5184,
        2669,
        3447
      ],
      "stop": [
        5205,
        2721,
        3466
      ]
    },
    "normal_sha256": "50f4509c67aca84fe70bf8e752f17f5ef168d6c8130fc1851948068fa24b9027",
    "response_sha256": "5ea64a793727073763a034b3822c5b224a5813e5dcc092ed8811f62e06b72a52",
    "shape_zyx": [
      21,
      52,
      19
    ],
    "zpa_report_sha256": "9a659bd974478032e1c4115c4e349ea4cd2711e090852500b7396bf480d92bdc"
  },
  "metrics": {
    "group_count": 1,
    "median_abs_cosine": 0.85987862740431,
    "median_surface_minus_best_normal_offset": -0.1450933310346038,
    "median_surface_minus_best_wrong_wrap_descriptive": 0.137772883015637,
    "normal_complete_count": 1,
    "normal_completeness": 1.0,
    "normal_offset_win_count": 0,
    "normal_offset_win_fraction": 0.0,
    "score_complete_count": 1,
    "score_completeness": 1.0,
    "wrong_wrap_win_count_descriptive": 1,
    "wrong_wrap_win_fraction_descriptive": 1.0
  },
  "schema": "scroliq-sheetness-benchmark/3",
  "source_attestation": {
    "algorithm": "zpa-metadata-semantics-v1",
    "metadata_semantics_sha256": "58a956b0623bce7ba4f6fc38ec159cc4e500b2859b6619152574d5c9020c9bed",
    "state": "PRESENT"
  },
  "spec": {
    "canonical_sha256": "71a350b7d147574b0d9f3d6c8030f508f920f3c7bb8a7816fb48187b58e795c3",
    "decision_rule": {
      "min_median_abs_cosine": 0.0,
      "min_median_normal_offset_margin": -1.0,
      "min_normal_completeness": 1.0,
      "min_normal_offset_win_fraction": 0.0,
      "min_score_completeness": 1.0
    },
    "file_sha256": "c5a1e687545718f1a9e9ae9dc4ad88430824950981ce935ad54c80622d907e94"
  },
  "status": "pass",
  "volume_root": "PHerc0139/volumes/20250728140407-9.362um-1.2m-113keV-masked.zarr",
  "wrong_wrap_interpretation": "descriptive-only: a genuine competing papyrus sheet is also expected to be sheet-like, so wrong-wrap response measures the method's sheet-identity limitation and is not a pass/fail criterion"
}
$ scroliq-ct-cutout --ct-url https://vesuvius-challenge-open-data.s3.amazonaws.com/PHerc0139/volumes/20250728140407-9.362um-1.2m-113keV-masked.zarr --volume-root PHerc0139/volumes/20250728140407-9.362um-1.2m-113keV-masked.zarr --zpa-report /home/runner/work/scrollq/scrollq/artifacts/2026-10-03-pherc0139-sheetness-prereg/zpa.json --start 5310,2969,4135 --stop 5330,3004,4168 --out /home/runner/work/scrollq/scrollq/artifacts/2026-10-03-pherc0139-sheetness-run/groups/surface-0015/cutout.npy --manifest /home/runner/work/scrollq/scrollq/artifacts/2026-10-03-pherc0139-sheetness-run/groups/surface-0015/cutout.json
{
  "bbox_zyx_half_open": {
    "start": [
      5310,
      2969,
      4135
    ],
    "stop": [
      5330,
      3004,
      4168
    ]
  },
  "claim_boundary": "This manifest binds one local NumPy cutout to an exact audited level-0 ZYX box and records every touched source chunk. It does not establish papyrus sheet identity, topology, ink, or readability.",
  "coordinate_space": "level0-voxel-index",
  "ct_url": "https://vesuvius-challenge-open-data.s3.amazonaws.com/PHerc0139/volumes/20250728140407-9.362um-1.2m-113keV-masked.zarr",
  "cutout": {
    "dtype": "uint8",
    "path": "/home/runner/work/scrollq/scrollq/artifacts/2026-10-03-pherc0139-sheetness-run/groups/surface-0015/cutout.npy",
    "sha256": "8ca7d3a7d015665326b23e1c6e52759b88a7f0016192463452b5428882044d6a",
    "shape_zyx": [
      20,
      35,
      33
    ]
  },
  "level": 0,
  "local_to_global": {
    "definition": "global_zyx = local_zyx + start_zyx",
    "kind": "integer-translation",
    "start_zyx": [
      5310,
      2969,
      4135
    ]
  },
  "schema": "scroliq-ct-cutout/1",
  "source_array": {
    "chunks_zyx": [
      128,
      128,
      128
    ],
    "dtype": "|u1",
    "path": "0",
    "shape_zyx": [
      20974,
      6621,
      6621
    ]
  },
  "source_attestation": {
    "absolute_scale_state": "unspecified",
    "algorithm": "zpa-metadata-semantics-v1",
    "axes": [
      "z",
      "y",
      "x"
    ],
    "base_declared_scale": [
      1.0,
      1.0,
      1.0
    ],
    "metadata_semantics_sha256": "58a956b0623bce7ba4f6fc38ec159cc4e500b2859b6619152574d5c9020c9bed",
    "spatial_axes": [
      {
        "index": 0,
        "name": "z",
        "unit": null
      },
      {
        "index": 1,
        "name": "y",
        "unit": null
      },
      {
        "index": 2,
        "name": "x",
        "unit": null
      }
    ],
    "state": "PRESENT"
  },
  "source_chunks": {
    "count": 1,
    "missing_count": 0,
    "touched_zyx": [
      [
        41,
        23,
        32
      ]
    ]
  },
  "status": "measured",
  "volume_root": "PHerc0139/volumes/20250728140407-9.362um-1.2m-113keV-masked.zarr",
  "zpa_report": {
    "integrity": "PASS",
    "path": "/home/runner/work/scrollq/scrollq/artifacts/2026-10-03-pherc0139-sheetness-prereg/zpa.json",
    "schema_version": "1.3.0",
    "sha256": "9a659bd974478032e1c4115c4e349ea4cd2711e090852500b7396bf480d92bdc"
  }
}
$ scroliq-sheetness /home/runner/work/scrollq/scrollq/artifacts/2026-10-03-pherc0139-sheetness-run/groups/surface-0015/cutout.npy --out-prefix /home/runner/work/scrollq/scrollq/artifacts/2026-10-03-pherc0139-sheetness-run/groups/surface-0015/sheetness --sigmas 0.8,1.2,1.8 --beta 0.5 --gamma 0.1 --bright-object --normalize-low 1.0 --normalize-high 99.0 --write-normal --max-voxels 2500000
{
  "input": {
    "dtype": "uint8",
    "path": "/home/runner/work/scrollq/scrollq/artifacts/2026-10-03-pherc0139-sheetness-run/groups/surface-0015/cutout.npy",
    "sha256": "8ca7d3a7d015665326b23e1c6e52759b88a7f0016192463452b5428882044d6a",
    "shape_zyx": [
      20,
      35,
      33
    ],
    "voxels": 23100
  },
  "kind": "sheetness",
  "method": "itk-hessian-objectness-m2-n3-compatible",
  "normal": {
    "basis": "ZYX voxel axes",
    "interpretation": "unit eigenvector of the largest-absolute Hessian eigenvalue at the winning scale; sign is arbitrary",
    "output_path": "/home/runner/work/scrollq/scrollq/artifacts/2026-10-03-pherc0139-sheetness-run/groups/surface-0015/sheetness.normal-zyx.npy",
    "output_sha256": "2bd708c445f4593f493a8354910eb4730cbcad039711f411f8f3b89576e239d4"
  },
  "normalization": {
    "enabled": true,
    "lower_percentile": 1.0,
    "lower_value": 25.0,
    "upper_percentile": 99.0,
    "upper_value": 175.0
  },
  "parameters": {
    "beta": 0.5,
    "bright_object": true,
    "gamma": 0.1,
    "scale_objectness": false,
    "sigmas": [
      0.8,
      1.2,
      1.8
    ]
  },
  "per_scale": [
    {
      "response_max": 0.8586941361427307,
      "response_mean": 0.05286317691206932,
      "response_p99": 0.6498276591300964,
      "sigma": 0.8
    },
    {
      "response_max": 0.9706504940986633,
      "response_mean": 0.08537015318870544,
      "response_p99": 0.8494192957878113,
      "sigma": 1.2
    },
    {
      "response_max": 0.9715713262557983,
      "response_mean": 0.10863807797431946,
      "response_p99": 0.8763799071311951,
      "sigma": 1.8
    }
  ],
  "response": {
    "nonzero_fraction": 0.5951948051948052,
    "output_path": "/home/runner/work/scrollq/scrollq/artifacts/2026-10-03-pherc0139-sheetness-run/groups/surface-0015/sheetness.sheetness.npy",
    "output_sha256": "b98d70a32544e3d2ef596f10ab7c83194abd8a6401ca11d6f290bf89ca071bca",
    "summary": {
      "max": 0.9715713262557983,
      "mean": 0.11597079038619995,
      "min": 0.0,
      "p50": 0.002897478174418211,
      "p90": 0.5041961073875427,
      "p99": 0.8828555941581726
    }
  },
  "schema_version": 1,
  "scope": "local 3-D cutout diagnostic; not by itself evidence of correct papyrus identity, winding identity, recto/verso, or readable ink",
  "status": "measured",
  "winning_scale": {
    "counts": {
      "0.800000011920929": 11706,
      "1.2000000476837158": 4116,
      "1.7999999523162842": 7278
    },
    "output_path": "/home/runner/work/scrollq/scrollq/artifacts/2026-10-03-pherc0139-sheetness-run/groups/surface-0015/sheetness.scale.npy",
    "output_sha256": "2e0408d2631ede686dc7a811a949dd9fa6a6e067cdb9513294317b2a21569e8e"
  }
}
$ scroliq-sheetness-campaign seal-group --plan /home/runner/work/scrollq/scrollq/artifacts/2026-10-03-pherc0139-sheetness-campaign/campaign-plan.json --group-id surface-0015 --cutout-manifest /home/runner/work/scrollq/scrollq/artifacts/2026-10-03-pherc0139-sheetness-run/groups/surface-0015/cutout.json --sheetness-report /home/runner/work/scrollq/scrollq/artifacts/2026-10-03-pherc0139-sheetness-run/groups/surface-0015/sheetness.sheetness.json --out /home/runner/work/scrollq/scrollq/artifacts/2026-10-03-pherc0139-sheetness-run/specs/surface-0015.json
{
  "campaign_decision_rule": {
    "min_median_abs_cosine": 0.7,
    "min_median_normal_offset_margin": 0.0,
    "min_normal_completeness": 1.0,
    "min_normal_offset_win_fraction": 0.75,
    "min_score_completeness": 1.0
  },
  "campaign_group_id": "surface-0015",
  "campaign_plan_canonical_sha256": "f2f9817b2f5b71878ff8b82b481d8f17db601cd864c595a563633fcc9aea1439",
  "campaign_plan_sha256": "76c58373d2acd5513c505824832b3628b2edaf695072cfb48560fb8646a45a2e",
  "campaign_schema": "scroliq-sheetness-campaign/1",
  "claim_boundary": "This v3 spec materializes one already-frozen campaign group against the exact deterministic sheetness report/cutout bytes. Its local decision rule checks measurement completeness only; the scientific pass/fail rule is applied across all frozen groups by scroliq-sheetness-campaign aggregate.",
  "cutout_manifest_sha256": "c0e0b924bacf3c6bc954bd6181416ed130d9e5f41684ae384d2dbf7d99e43831",
  "decision_rule": {
    "min_median_abs_cosine": 0.0,
    "min_median_normal_offset_margin": -1.0,
    "min_normal_completeness": 1.0,
    "min_normal_offset_win_fraction": 0.0,
    "min_score_completeness": 1.0
  },
  "frozen_engine": {
    "code_revision": "65bb493b87795011e1bed1ed0b2e0272e0f5a733",
    "max_voxels": 2500000,
    "method": "itk-hessian-objectness-m2-n3-compatible",
    "normalization": {
      "enabled": true,
      "lower_percentile": 1.0,
      "upper_percentile": 99.0
    },
    "parameters": {
      "beta": 0.5,
      "bright_object": true,
      "gamma": 0.1,
      "scale_objectness": false,
      "sigmas": [
        0.8,
        1.2,
        1.8
      ]
    },
    "seed": null,
    "sheetness_benchmark_py_sha256": "0c0b3b5c4eeedfc8a5002b356439c874849301588c5a1c2ee53e9cf43eb88e79",
    "sheetness_campaign_py_sha256": "6ba6a78cb5ab45c8ddb462df59f99034ce0697617d3e3502e61b5f57b411a243",
    "sheetness_py_sha256": "d04c84aaadad5d3b42f372b9702c3980ae4dad8cc895fa0b02c9264d44473a51",
    "stochastic": false,
    "write_normal": true
  },
  "groups": [
    {
      "controls": [
        {
          "id": "surface-0015-offset-01",
          "role": "normal-offset",
          "zyx": [
            8.97567160656763,
            25.71230447842936,
            8.7847290188447
          ]
        },
        {
          "id": "surface-0015-offset-02",
          "role": "normal-offset",
          "zyx": [
            9.208050647033815,
            22.68256825483968,
            11.386016853172805
          ]
        },
        {
          "id": "surface-0015-offset-03",
          "role": "normal-offset",
          "zyx": [
            9.672808727966185,
            16.62309580766032,
            16.588592521827195
          ]
        },
        {
          "id": "surface-0015-offset-04",
          "role": "normal-offset",
          "zyx": [
            9.90518776843237,
            13.59335958407064,
            19.1898803561553
          ]
        },
        {
          "id": "surface-0015-wrong-wrap",
          "role": "wrong-wrap",
          "zyx": [
            10.311851089248194,
            8.291321192788473,
            23.742134066228573
          ]
        }
      ],
      "id": "surface-0015",
      "surface": {
        "reference_normal_zyx": [
          0.05809476011652928,
          -0.7574340558974204,
          0.6503219585818909
        ],
        "zyx": [
          9.4404296875,
          19.65283203125,
          13.9873046875
        ]
      }
    }
  ],
  "input_sha256": "8ca7d3a7d015665326b23e1c6e52759b88a7f0016192463452b5428882044d6a",
  "schema_version": 3,
  "sheetness_report_sha256": "71027f5ae75f2d46ee8d0623097934d3ad4e903555ec2e071b3e1cb7421c9caa",
  "source_attestation": {
    "algorithm": "zpa-metadata-semantics-v1",
    "metadata_semantics_sha256": "58a956b0623bce7ba4f6fc38ec159cc4e500b2859b6619152574d5c9020c9bed",
    "state": "PRESENT"
  },
  "volume_root": "PHerc0139/volumes/20250728140407-9.362um-1.2m-113keV-masked.zarr"
}
$ scroliq-sheetness-eval --spec /home/runner/work/scrollq/scrollq/artifacts/2026-10-03-pherc0139-sheetness-run/specs/surface-0015.json --cutout-manifest /home/runner/work/scrollq/scrollq/artifacts/2026-10-03-pherc0139-sheetness-run/groups/surface-0015/cutout.json --report /home/runner/work/scrollq/scrollq/artifacts/2026-10-03-pherc0139-sheetness-run/groups/surface-0015/sheetness.sheetness.json --response /home/runner/work/scrollq/scrollq/artifacts/2026-10-03-pherc0139-sheetness-run/groups/surface-0015/sheetness.sheetness.npy --normal /home/runner/work/scrollq/scrollq/artifacts/2026-10-03-pherc0139-sheetness-run/groups/surface-0015/sheetness.normal-zyx.npy --out /home/runner/work/scrollq/scrollq/artifacts/2026-10-03-pherc0139-sheetness-run/results/surface-0015.json
{
  "claim_boundary": "This result tests whether a frozen sheetness field localizes a candidate surface relative to deliberate normal offsets on an exact audited CT volume. Wrong-wrap/competing-sheet probes are retained as mandatory descriptive controls, not a pass/fail target, because another papyrus sheet is itself sheet-like. This does not establish physical sheet identity/topology or demonstrate readable ink.",
  "decision_checks": {
    "median_abs_cosine": true,
    "median_normal_offset_margin": true,
    "normal_completeness": true,
    "normal_offset_win_fraction": true,
    "score_completeness": true
  },
  "engine": {
    "method": "itk-hessian-objectness-m2-n3-compatible",
    "normalization": {
      "enabled": true,
      "lower_percentile": 1.0,
      "lower_value": 25.0,
      "upper_percentile": 99.0,
      "upper_value": 175.0
    },
    "parameters": {
      "beta": 0.5,
      "bright_object": true,
      "gamma": 0.1,
      "scale_objectness": false,
      "sigmas": [
        0.8,
        1.2,
        1.8
      ]
    },
    "report_sha256": "71027f5ae75f2d46ee8d0623097934d3ad4e903555ec2e071b3e1cb7421c9caa",
    "seed": null,
    "stochastic": false
  },
  "groups": [
    {
      "controls": [
        {
          "failure": null,
          "global_zyx": [
            5318.975671606568,
            2994.7123044784294,
            4143.784729018845
          ],
          "id": "surface-0015-offset-01",
          "role": "normal-offset",
          "score": 0.007484014809370911,
          "zyx": [
            8.97567160656763,
            25.71230447842936,
            8.7847290188447
          ]
        },
        {
          "failure": null,
          "global_zyx": [
            5319.208050647034,
            2991.6825682548397,
            4146.386016853173
          ],
          "id": "surface-0015-offset-02",
          "role": "normal-offset",
          "score": 0.003709553454858619,
          "zyx": [
            9.208050647033815,
            22.68256825483968,
            11.386016853172805
          ]
        },
        {
          "failure": null,
          "global_zyx": [
            5319.672808727966,
            2985.6230958076603,
            4151.588592521827
          ],
          "id": "surface-0015-offset-03",
          "role": "normal-offset",
          "score": 0.0,
          "zyx": [
            9.672808727966185,
            16.62309580766032,
            16.588592521827195
          ]
        },
        {
          "failure": null,
          "global_zyx": [
            5319.905187768432,
            2982.5933595840706,
            4154.189880356155
          ],
          "id": "surface-0015-offset-04",
          "role": "normal-offset",
          "score": 0.010872815392611705,
          "zyx": [
            9.90518776843237,
            13.59335958407064,
            19.1898803561553
          ]
        },
        {
          "failure": null,
          "global_zyx": [
            5320.311851089248,
            2977.2913211927885,
            4158.742134066229
          ],
          "id": "surface-0015-wrong-wrap",
          "role": "wrong-wrap",
          "score": 0.19545543883149055,
          "zyx": [
            10.311851089248194,
            8.291321192788473,
            23.742134066228573
          ]
        }
      ],
      "id": "surface-0015",
      "score_complete": true,
      "surface": {
        "global_zyx": [
          5319.4404296875,
          2988.65283203125,
          4148.9873046875
        ],
        "normal_failure": null,
        "predicted_normal_abs_cosine": 0.9999991720661093,
        "reference_normal_zyx": [
          0.05809476011652928,
          -0.7574340558974204,
          0.6503219585818909
        ],
        "score": 0.39939745747285765,
        "score_failure": null,
        "zyx": [
          9.4404296875,
          19.65283203125,
          13.9873046875
        ]
      },
      "surface_beats_all_normal_offsets": true,
      "surface_beats_all_wrong_wraps": true,
      "surface_minus_best_normal_offset": 0.38852464208024595,
      "surface_minus_best_wrong_wrap": 0.2039420186413671
    }
  ],
  "inputs": {
    "cutout_manifest_sha256": "c0e0b924bacf3c6bc954bd6181416ed130d9e5f41684ae384d2dbf7d99e43831",
    "cutout_sha256": "8ca7d3a7d015665326b23e1c6e52759b88a7f0016192463452b5428882044d6a",
    "global_bbox_zyx_half_open": {
      "start": [
        5310,
        2969,
        4135
      ],
      "stop": [
        5330,
        3004,
        4168
      ]
    },
    "normal_sha256": "2bd708c445f4593f493a8354910eb4730cbcad039711f411f8f3b89576e239d4",
    "response_sha256": "b98d70a32544e3d2ef596f10ab7c83194abd8a6401ca11d6f290bf89ca071bca",
    "shape_zyx": [
      20,
      35,
      33
    ],
    "zpa_report_sha256": "9a659bd974478032e1c4115c4e349ea4cd2711e090852500b7396bf480d92bdc"
  },
  "metrics": {
    "group_count": 1,
    "median_abs_cosine": 0.9999991720661093,
    "median_surface_minus_best_normal_offset": 0.38852464208024595,
    "median_surface_minus_best_wrong_wrap_descriptive": 0.2039420186413671,
    "normal_complete_count": 1,
    "normal_completeness": 1.0,
    "normal_offset_win_count": 1,
    "normal_offset_win_fraction": 1.0,
    "score_complete_count": 1,
    "score_completeness": 1.0,
    "wrong_wrap_win_count_descriptive": 1,
    "wrong_wrap_win_fraction_descriptive": 1.0
  },
  "schema": "scroliq-sheetness-benchmark/3",
  "source_attestation": {
    "algorithm": "zpa-metadata-semantics-v1",
    "metadata_semantics_sha256": "58a956b0623bce7ba4f6fc38ec159cc4e500b2859b6619152574d5c9020c9bed",
    "state": "PRESENT"
  },
  "spec": {
    "canonical_sha256": "30a923e8a7dadef949999588bb03050fd9f97cb273ec89d6ba271443d9c9234f",
    "decision_rule": {
      "min_median_abs_cosine": 0.0,
      "min_median_normal_offset_margin": -1.0,
      "min_normal_completeness": 1.0,
      "min_normal_offset_win_fraction": 0.0,
      "min_score_completeness": 1.0
    },
    "file_sha256": "4273b9a68691bbe60182b37a170a1d5907f58bfaab8c2dd9a4545282e96809ae"
  },
  "status": "pass",
  "volume_root": "PHerc0139/volumes/20250728140407-9.362um-1.2m-113keV-masked.zarr",
  "wrong_wrap_interpretation": "descriptive-only: a genuine competing papyrus sheet is also expected to be sheet-like, so wrong-wrap response measures the method's sheet-identity limitation and is not a pass/fail criterion"
}
$ scroliq-ct-cutout --ct-url https://vesuvius-challenge-open-data.s3.amazonaws.com/PHerc0139/volumes/20250728140407-9.362um-1.2m-113keV-masked.zarr --volume-root PHerc0139/volumes/20250728140407-9.362um-1.2m-113keV-masked.zarr --zpa-report /home/runner/work/scrollq/scrollq/artifacts/2026-10-03-pherc0139-sheetness-prereg/zpa.json --start 5357,3783,4172 --stop 5380,3820,4207 --out /home/runner/work/scrollq/scrollq/artifacts/2026-10-03-pherc0139-sheetness-run/groups/surface-0016/cutout.npy --manifest /home/runner/work/scrollq/scrollq/artifacts/2026-10-03-pherc0139-sheetness-run/groups/surface-0016/cutout.json
{
  "bbox_zyx_half_open": {
    "start": [
      5357,
      3783,
      4172
    ],
    "stop": [
      5380,
      3820,
      4207
    ]
  },
  "claim_boundary": "This manifest binds one local NumPy cutout to an exact audited level-0 ZYX box and records every touched source chunk. It does not establish papyrus sheet identity, topology, ink, or readability.",
  "coordinate_space": "level0-voxel-index",
  "ct_url": "https://vesuvius-challenge-open-data.s3.amazonaws.com/PHerc0139/volumes/20250728140407-9.362um-1.2m-113keV-masked.zarr",
  "cutout": {
    "dtype": "uint8",
    "path": "/home/runner/work/scrollq/scrollq/artifacts/2026-10-03-pherc0139-sheetness-run/groups/surface-0016/cutout.npy",
    "sha256": "23f76407862694b264b51bd912618cd5e65a1b5db5b7de12849bc5c56578c96c",
    "shape_zyx": [
      23,
      37,
      35
    ]
  },
  "level": 0,
  "local_to_global": {
    "definition": "global_zyx = local_zyx + start_zyx",
    "kind": "integer-translation",
    "start_zyx": [
      5357,
      3783,
      4172
    ]
  },
  "schema": "scroliq-ct-cutout/1",
  "source_array": {
    "chunks_zyx": [
      128,
      128,
      128
    ],
    "dtype": "|u1",
    "path": "0",
    "shape_zyx": [
      20974,
      6621,
      6621
    ]
  },
  "source_attestation": {
    "absolute_scale_state": "unspecified",
    "algorithm": "zpa-metadata-semantics-v1",
    "axes": [
      "z",
      "y",
      "x"
    ],
    "base_declared_scale": [
      1.0,
      1.0,
      1.0
    ],
    "metadata_semantics_sha256": "58a956b0623bce7ba4f6fc38ec159cc4e500b2859b6619152574d5c9020c9bed",
    "spatial_axes": [
      {
        "index": 0,
        "name": "z",
        "unit": null
      },
      {
        "index": 1,
        "name": "y",
        "unit": null
      },
      {
        "index": 2,
        "name": "x",
        "unit": null
      }
    ],
    "state": "PRESENT"
  },
  "source_chunks": {
    "count": 2,
    "missing_count": 0,
    "touched_zyx": [
      [
        41,
        29,
        32
      ],
      [
        42,
        29,
        32
      ]
    ]
  },
  "status": "measured",
  "volume_root": "PHerc0139/volumes/20250728140407-9.362um-1.2m-113keV-masked.zarr",
  "zpa_report": {
    "integrity": "PASS",
    "path": "/home/runner/work/scrollq/scrollq/artifacts/2026-10-03-pherc0139-sheetness-prereg/zpa.json",
    "schema_version": "1.3.0",
    "sha256": "9a659bd974478032e1c4115c4e349ea4cd2711e090852500b7396bf480d92bdc"
  }
}
$ scroliq-sheetness /home/runner/work/scrollq/scrollq/artifacts/2026-10-03-pherc0139-sheetness-run/groups/surface-0016/cutout.npy --out-prefix /home/runner/work/scrollq/scrollq/artifacts/2026-10-03-pherc0139-sheetness-run/groups/surface-0016/sheetness --sigmas 0.8,1.2,1.8 --beta 0.5 --gamma 0.1 --bright-object --normalize-low 1.0 --normalize-high 99.0 --write-normal --max-voxels 2500000
{
  "input": {
    "dtype": "uint8",
    "path": "/home/runner/work/scrollq/scrollq/artifacts/2026-10-03-pherc0139-sheetness-run/groups/surface-0016/cutout.npy",
    "sha256": "23f76407862694b264b51bd912618cd5e65a1b5db5b7de12849bc5c56578c96c",
    "shape_zyx": [
      23,
      37,
      35
    ],
    "voxels": 29785
  },
  "kind": "sheetness",
  "method": "itk-hessian-objectness-m2-n3-compatible",
  "normal": {
    "basis": "ZYX voxel axes",
    "interpretation": "unit eigenvector of the largest-absolute Hessian eigenvalue at the winning scale; sign is arbitrary",
    "output_path": "/home/runner/work/scrollq/scrollq/artifacts/2026-10-03-pherc0139-sheetness-run/groups/surface-0016/sheetness.normal-zyx.npy",
    "output_sha256": "76f7ed6898ad9e13bb8da35c3d85c0276778dddf5c8735ddd07de69c2dca540d"
  },
  "normalization": {
    "enabled": true,
    "lower_percentile": 1.0,
    "lower_value": 13.0,
    "upper_percentile": 99.0,
    "upper_value": 194.0
  },
  "parameters": {
    "beta": 0.5,
    "bright_object": true,
    "gamma": 0.1,
    "scale_objectness": false,
    "sigmas": [
      0.8,
      1.2,
      1.8
    ]
  },
  "per_scale": [
    {
      "response_max": 0.9086513519287109,
      "response_mean": 0.08493180572986603,
      "response_p99": 0.7501227259635925,
      "sigma": 0.8
    },
    {
      "response_max": 0.9918734431266785,
      "response_mean": 0.13986726105213165,
      "response_p99": 0.9402782320976257,
      "sigma": 1.2
    },
    {
      "response_max": 0.9936458468437195,
      "response_mean": 0.17509199678897858,
      "response_p99": 0.962550163269043,
      "sigma": 1.8
    }
  ],
  "response": {
    "nonzero_fraction": 0.5658552962900789,
    "output_path": "/home/runner/work/scrollq/scrollq/artifacts/2026-10-03-pherc0139-sheetness-run/groups/surface-0016/sheetness.sheetness.npy",
    "output_sha256": "785e66d235a942c3f3bcf5febfb893a1621e14db892a1d5bbf5b2984151270de",
    "summary": {
      "max": 0.9936458468437195,
      "mean": 0.18132631480693817,
      "min": 0.0,
      "p50": 0.0026549668982625008,
      "p90": 0.7808812260627747,
      "p99": 0.9636908769607544
    }
  },
  "schema_version": 1,
  "scope": "local 3-D cutout diagnostic; not by itself evidence of correct papyrus identity, winding identity, recto/verso, or readable ink",
  "status": "measured",
  "winning_scale": {
    "counts": {
      "0.800000011920929": 15912,
      "1.2000000476837158": 3902,
      "1.7999999523162842": 9971
    },
    "output_path": "/home/runner/work/scrollq/scrollq/artifacts/2026-10-03-pherc0139-sheetness-run/groups/surface-0016/sheetness.scale.npy",
    "output_sha256": "8e1c8fef1a64b8858c43ebf95f73fe8e3f4ecd849e60924145230ad7884305c9"
  }
}
$ scroliq-sheetness-campaign seal-group --plan /home/runner/work/scrollq/scrollq/artifacts/2026-10-03-pherc0139-sheetness-campaign/campaign-plan.json --group-id surface-0016 --cutout-manifest /home/runner/work/scrollq/scrollq/artifacts/2026-10-03-pherc0139-sheetness-run/groups/surface-0016/cutout.json --sheetness-report /home/runner/work/scrollq/scrollq/artifacts/2026-10-03-pherc0139-sheetness-run/groups/surface-0016/sheetness.sheetness.json --out /home/runner/work/scrollq/scrollq/artifacts/2026-10-03-pherc0139-sheetness-run/specs/surface-0016.json
{
  "campaign_decision_rule": {
    "min_median_abs_cosine": 0.7,
    "min_median_normal_offset_margin": 0.0,
    "min_normal_completeness": 1.0,
    "min_normal_offset_win_fraction": 0.75,
    "min_score_completeness": 1.0
  },
  "campaign_group_id": "surface-0016",
  "campaign_plan_canonical_sha256": "f2f9817b2f5b71878ff8b82b481d8f17db601cd864c595a563633fcc9aea1439",
  "campaign_plan_sha256": "76c58373d2acd5513c505824832b3628b2edaf695072cfb48560fb8646a45a2e",
  "campaign_schema": "scroliq-sheetness-campaign/1",
  "claim_boundary": "This v3 spec materializes one already-frozen campaign group against the exact deterministic sheetness report/cutout bytes. Its local decision rule checks measurement completeness only; the scientific pass/fail rule is applied across all frozen groups by scroliq-sheetness-campaign aggregate.",
  "cutout_manifest_sha256": "95c4e2d660510375580e8fe04191f4e63d46147ef9dbf0a6542102b0c3f42879",
  "decision_rule": {
    "min_median_abs_cosine": 0.0,
    "min_median_normal_offset_margin": -1.0,
    "min_normal_completeness": 1.0,
    "min_normal_offset_win_fraction": 0.0,
    "min_score_completeness": 1.0
  },
  "frozen_engine": {
    "code_revision": "65bb493b87795011e1bed1ed0b2e0272e0f5a733",
    "max_voxels": 2500000,
    "method": "itk-hessian-objectness-m2-n3-compatible",
    "normalization": {
      "enabled": true,
      "lower_percentile": 1.0,
      "upper_percentile": 99.0
    },
    "parameters": {
      "beta": 0.5,
      "bright_object": true,
      "gamma": 0.1,
      "scale_objectness": false,
      "sigmas": [
        0.8,
        1.2,
        1.8
      ]
    },
    "seed": null,
    "sheetness_benchmark_py_sha256": "0c0b3b5c4eeedfc8a5002b356439c874849301588c5a1c2ee53e9cf43eb88e79",
    "sheetness_campaign_py_sha256": "6ba6a78cb5ab45c8ddb462df59f99034ce0697617d3e3502e61b5f57b411a243",
    "sheetness_py_sha256": "d04c84aaadad5d3b42f372b9702c3980ae4dad8cc895fa0b02c9264d44473a51",
    "stochastic": false,
    "write_normal": true
  },
  "groups": [
    {
      "controls": [
        {
          "id": "surface-0016-offset-01",
          "role": "normal-offset",
          "zyx": [
            11.593028484759088,
            15.836256368725572,
            14.609147160080283
          ]
        },
        {
          "id": "surface-0016-offset-02",
          "role": "normal-offset",
          "zyx": [
            10.850225179879999,
            18.747840098425513,
            17.249397798789687
          ]
        },
        {
          "id": "surface-0016-offset-03",
          "role": "normal-offset",
          "zyx": [
            9.364618570120001,
            24.571007557824487,
            22.529899076210313
          ]
        },
        {
          "id": "surface-0016-offset-04",
          "role": "normal-offset",
          "zyx": [
            8.621815265240912,
            27.48259128752443,
            25.170149714919717
          ]
        },
        {
          "id": "surface-0016-wrong-wrap",
          "role": "wrong-wrap",
          "zyx": [
            13.450036746958176,
            8.5572970444764,
            8.008520563304955
          ]
        }
      ],
      "id": "surface-0016",
      "surface": {
        "reference_normal_zyx": [
          -0.18570082621990464,
          0.727895932424917,
          0.6600626596774777
        ],
        "zyx": [
          10.107421875,
          21.659423828125,
          19.8896484375
        ]
      }
    }
  ],
  "input_sha256": "23f76407862694b264b51bd912618cd5e65a1b5db5b7de12849bc5c56578c96c",
  "schema_version": 3,
  "sheetness_report_sha256": "89a25ebf8669e0b4ff7f612a7acf53262b67bc3bf88b37908c60ef919f226597",
  "source_attestation": {
    "algorithm": "zpa-metadata-semantics-v1",
    "metadata_semantics_sha256": "58a956b0623bce7ba4f6fc38ec159cc4e500b2859b6619152574d5c9020c9bed",
    "state": "PRESENT"
  },
  "volume_root": "PHerc0139/volumes/20250728140407-9.362um-1.2m-113keV-masked.zarr"
}
$ scroliq-sheetness-eval --spec /home/runner/work/scrollq/scrollq/artifacts/2026-10-03-pherc0139-sheetness-run/specs/surface-0016.json --cutout-manifest /home/runner/work/scrollq/scrollq/artifacts/2026-10-03-pherc0139-sheetness-run/groups/surface-0016/cutout.json --report /home/runner/work/scrollq/scrollq/artifacts/2026-10-03-pherc0139-sheetness-run/groups/surface-0016/sheetness.sheetness.json --response /home/runner/work/scrollq/scrollq/artifacts/2026-10-03-pherc0139-sheetness-run/groups/surface-0016/sheetness.sheetness.npy --normal /home/runner/work/scrollq/scrollq/artifacts/2026-10-03-pherc0139-sheetness-run/groups/surface-0016/sheetness.normal-zyx.npy --out /home/runner/work/scrollq/scrollq/artifacts/2026-10-03-pherc0139-sheetness-run/results/surface-0016.json
{
  "claim_boundary": "This result tests whether a frozen sheetness field localizes a candidate surface relative to deliberate normal offsets on an exact audited CT volume. Wrong-wrap/competing-sheet probes are retained as mandatory descriptive controls, not a pass/fail target, because another papyrus sheet is itself sheet-like. This does not establish physical sheet identity/topology or demonstrate readable ink.",
  "decision_checks": {
    "median_abs_cosine": true,
    "median_normal_offset_margin": true,
    "normal_completeness": true,
    "normal_offset_win_fraction": true,
    "score_completeness": true
  },
  "engine": {
    "method": "itk-hessian-objectness-m2-n3-compatible",
    "normalization": {
      "enabled": true,
      "lower_percentile": 1.0,
      "lower_value": 13.0,
      "upper_percentile": 99.0,
      "upper_value": 194.0
    },
    "parameters": {
      "beta": 0.5,
      "bright_object": true,
      "gamma": 0.1,
      "scale_objectness": false,
      "sigmas": [
        0.8,
        1.2,
        1.8
      ]
    },
    "report_sha256": "89a25ebf8669e0b4ff7f612a7acf53262b67bc3bf88b37908c60ef919f226597",
    "seed": null,
    "stochastic": false
  },
  "groups": [
    {
      "controls": [
        {
          "failure": null,
          "global_zyx": [
            5368.593028484759,
            3798.8362563687256,
            4186.60914716008
          ],
          "id": "surface-0016-offset-01",
          "role": "normal-offset",
          "score": 0.2839870405003583,
          "zyx": [
            11.593028484759088,
            15.836256368725572,
            14.609147160080283
          ]
        },
        {
          "failure": null,
          "global_zyx": [
            5367.85022517988,
            3801.7478400984255,
            4189.24939779879
          ],
          "id": "surface-0016-offset-02",
          "role": "normal-offset",
          "score": 0.027379092811863792,
          "zyx": [
            10.850225179879999,
            18.747840098425513,
            17.249397798789687
          ]
        },
        {
          "failure": null,
          "global_zyx": [
            5366.36461857012,
            3807.5710075578245,
            4194.52989907621
          ],
          "id": "surface-0016-offset-03",
          "role": "normal-offset",
          "score": 0.011095178419903646,
          "zyx": [
            9.364618570120001,
            24.571007557824487,
            22.529899076210313
          ]
        },
        {
          "failure": null,
          "global_zyx": [
            5365.621815265241,
            3810.4825912875244,
            4197.17014971492
          ],
          "id": "surface-0016-offset-04",
          "role": "normal-offset",
          "score": 0.04427233707432819,
          "zyx": [
            8.621815265240912,
            27.48259128752443,
            25.170149714919717
          ]
        },
        {
          "failure": null,
          "global_zyx": [
            5370.450036746958,
            3791.5572970444764,
            4180.008520563305
          ],
          "id": "surface-0016-wrong-wrap",
          "role": "wrong-wrap",
          "score": 0.9293783230918435,
          "zyx": [
            13.450036746958176,
            8.5572970444764,
            8.008520563304955
          ]
        }
      ],
      "id": "surface-0016",
      "score_complete": true,
      "surface": {
        "global_zyx": [
          5367.107421875,
          3804.659423828125,
          4191.8896484375
        ],
        "normal_failure": null,
        "predicted_normal_abs_cosine": 0.5511130116262913,
        "reference_normal_zyx": [
          -0.1857008262199046,
          0.7278959324249169,
          0.6600626596774776
        ],
        "score": 0.0,
        "score_failure": null,
        "zyx": [
          10.107421875,
          21.659423828125,
          19.8896484375
        ]
      },
      "surface_beats_all_normal_offsets": false,
      "surface_beats_all_wrong_wraps": false,
      "surface_minus_best_normal_offset": -0.2839870405003583,
      "surface_minus_best_wrong_wrap": -0.9293783230918435
    }
  ],
  "inputs": {
    "cutout_manifest_sha256": "95c4e2d660510375580e8fe04191f4e63d46147ef9dbf0a6542102b0c3f42879",
    "cutout_sha256": "23f76407862694b264b51bd912618cd5e65a1b5db5b7de12849bc5c56578c96c",
    "global_bbox_zyx_half_open": {
      "start": [
        5357,
        3783,
        4172
      ],
      "stop": [
        5380,
        3820,
        4207
      ]
    },
    "normal_sha256": "76f7ed6898ad9e13bb8da35c3d85c0276778dddf5c8735ddd07de69c2dca540d",
    "response_sha256": "785e66d235a942c3f3bcf5febfb893a1621e14db892a1d5bbf5b2984151270de",
    "shape_zyx": [
      23,
      37,
      35
    ],
    "zpa_report_sha256": "9a659bd974478032e1c4115c4e349ea4cd2711e090852500b7396bf480d92bdc"
  },
  "metrics": {
    "group_count": 1,
    "median_abs_cosine": 0.5511130116262913,
    "median_surface_minus_best_normal_offset": -0.2839870405003583,
    "median_surface_minus_best_wrong_wrap_descriptive": -0.9293783230918435,
    "normal_complete_count": 1,
    "normal_completeness": 1.0,
    "normal_offset_win_count": 0,
    "normal_offset_win_fraction": 0.0,
    "score_complete_count": 1,
    "score_completeness": 1.0,
    "wrong_wrap_win_count_descriptive": 0,
    "wrong_wrap_win_fraction_descriptive": 0.0
  },
  "schema": "scroliq-sheetness-benchmark/3",
  "source_attestation": {
    "algorithm": "zpa-metadata-semantics-v1",
    "metadata_semantics_sha256": "58a956b0623bce7ba4f6fc38ec159cc4e500b2859b6619152574d5c9020c9bed",
    "state": "PRESENT"
  },
  "spec": {
    "canonical_sha256": "e263b161a6735b44c45241862cdf7808338a0fb32afdce1af63a6f38dd0de2cc",
    "decision_rule": {
      "min_median_abs_cosine": 0.0,
      "min_median_normal_offset_margin": -1.0,
      "min_normal_completeness": 1.0,
      "min_normal_offset_win_fraction": 0.0,
      "min_score_completeness": 1.0
    },
    "file_sha256": "ff43cb15a4f20f7eaf06c3057820f1f94e4b84371f1a85d70af71f89b9b529a8"
  },
  "status": "pass",
  "volume_root": "PHerc0139/volumes/20250728140407-9.362um-1.2m-113keV-masked.zarr",
  "wrong_wrap_interpretation": "descriptive-only: a genuine competing papyrus sheet is also expected to be sheet-like, so wrong-wrap response measures the method's sheet-identity limitation and is not a pass/fail criterion"
}
$ scroliq-ct-cutout --ct-url https://vesuvius-challenge-open-data.s3.amazonaws.com/PHerc0139/volumes/20250728140407-9.362um-1.2m-113keV-masked.zarr --volume-root PHerc0139/volumes/20250728140407-9.362um-1.2m-113keV-masked.zarr --zpa-report /home/runner/work/scrollq/scrollq/artifacts/2026-10-03-pherc0139-sheetness-prereg/zpa.json --start 5517,4234,3657 --stop 5541,4276,3684 --out /home/runner/work/scrollq/scrollq/artifacts/2026-10-03-pherc0139-sheetness-run/groups/surface-0017/cutout.npy --manifest /home/runner/work/scrollq/scrollq/artifacts/2026-10-03-pherc0139-sheetness-run/groups/surface-0017/cutout.json
{
  "bbox_zyx_half_open": {
    "start": [
      5517,
      4234,
      3657
    ],
    "stop": [
      5541,
      4276,
      3684
    ]
  },
  "claim_boundary": "This manifest binds one local NumPy cutout to an exact audited level-0 ZYX box and records every touched source chunk. It does not establish papyrus sheet identity, topology, ink, or readability.",
  "coordinate_space": "level0-voxel-index",
  "ct_url": "https://vesuvius-challenge-open-data.s3.amazonaws.com/PHerc0139/volumes/20250728140407-9.362um-1.2m-113keV-masked.zarr",
  "cutout": {
    "dtype": "uint8",
    "path": "/home/runner/work/scrollq/scrollq/artifacts/2026-10-03-pherc0139-sheetness-run/groups/surface-0017/cutout.npy",
    "sha256": "0ab81782f353aa9856e085b3d18c947e40ca982a71e04d4aeb59042e37dd5f29",
    "shape_zyx": [
      24,
      42,
      27
    ]
  },
  "level": 0,
  "local_to_global": {
    "definition": "global_zyx = local_zyx + start_zyx",
    "kind": "integer-translation",
    "start_zyx": [
      5517,
      4234,
      3657
    ]
  },
  "schema": "scroliq-ct-cutout/1",
  "source_array": {
    "chunks_zyx": [
      128,
      128,
      128
    ],
    "dtype": "|u1",
    "path": "0",
    "shape_zyx": [
      20974,
      6621,
      6621
    ]
  },
  "source_attestation": {
    "absolute_scale_state": "unspecified",
    "algorithm": "zpa-metadata-semantics-v1",
    "axes": [
      "z",
      "y",
      "x"
    ],
    "base_declared_scale": [
      1.0,
      1.0,
      1.0
    ],
    "metadata_semantics_sha256": "58a956b0623bce7ba4f6fc38ec159cc4e500b2859b6619152574d5c9020c9bed",
    "spatial_axes": [
      {
        "index": 0,
        "name": "z",
        "unit": null
      },
      {
        "index": 1,
        "name": "y",
        "unit": null
      },
      {
        "index": 2,
        "name": "x",
        "unit": null
      }
    ],
    "state": "PRESENT"
  },
  "source_chunks": {
    "count": 1,
    "missing_count": 0,
    "touched_zyx": [
      [
        43,
        33,
        28
      ]
    ]
  },
  "status": "measured",
  "volume_root": "PHerc0139/volumes/20250728140407-9.362um-1.2m-113keV-masked.zarr",
  "zpa_report": {
    "integrity": "PASS",
    "path": "/home/runner/work/scrollq/scrollq/artifacts/2026-10-03-pherc0139-sheetness-prereg/zpa.json",
    "schema_version": "1.3.0",
    "sha256": "9a659bd974478032e1c4115c4e349ea4cd2711e090852500b7396bf480d92bdc"
  }
}
$ scroliq-sheetness /home/runner/work/scrollq/scrollq/artifacts/2026-10-03-pherc0139-sheetness-run/groups/surface-0017/cutout.npy --out-prefix /home/runner/work/scrollq/scrollq/artifacts/2026-10-03-pherc0139-sheetness-run/groups/surface-0017/sheetness --sigmas 0.8,1.2,1.8 --beta 0.5 --gamma 0.1 --bright-object --normalize-low 1.0 --normalize-high 99.0 --write-normal --max-voxels 2500000
{
  "input": {
    "dtype": "uint8",
    "path": "/home/runner/work/scrollq/scrollq/artifacts/2026-10-03-pherc0139-sheetness-run/groups/surface-0017/cutout.npy",
    "sha256": "0ab81782f353aa9856e085b3d18c947e40ca982a71e04d4aeb59042e37dd5f29",
    "shape_zyx": [
      24,
      42,
      27
    ],
    "voxels": 27216
  },
  "kind": "sheetness",
  "method": "itk-hessian-objectness-m2-n3-compatible",
  "normal": {
    "basis": "ZYX voxel axes",
    "interpretation": "unit eigenvector of the largest-absolute Hessian eigenvalue at the winning scale; sign is arbitrary",
    "output_path": "/home/runner/work/scrollq/scrollq/artifacts/2026-10-03-pherc0139-sheetness-run/groups/surface-0017/sheetness.normal-zyx.npy",
    "output_sha256": "733c6ae1ffab0ae65949e2623a1b47379fe41531fd5e10dd0f116420a79182e0"
  },
  "normalization": {
    "enabled": true,
    "lower_percentile": 1.0,
    "lower_value": 18.0,
    "upper_percentile": 99.0,
    "upper_value": 193.84999999999854
  },
  "parameters": {
    "beta": 0.5,
    "bright_object": true,
    "gamma": 0.1,
    "scale_objectness": false,
    "sigmas": [
      0.8,
      1.2,
      1.8
    ]
  },
  "per_scale": [
    {
      "response_max": 0.8749014735221863,
      "response_mean": 0.07507255673408508,
      "response_p99": 0.6590633392333984,
      "sigma": 0.8
    },
    {
      "response_max": 0.9795091152191162,
      "response_mean": 0.1358908712863922,
      "response_p99": 0.9033403396606445,
      "sigma": 1.2
    },
    {
      "response_max": 0.9957625269889832,
      "response_mean": 0.18213148415088654,
      "response_p99": 0.9621226787567139,
      "sigma": 1.8
    }
  ],
  "response": {
    "nonzero_fraction": 0.5454144620811288,
    "output_path": "/home/runner/work/scrollq/scrollq/artifacts/2026-10-03-pherc0139-sheetness-run/groups/surface-0017/sheetness.sheetness.npy",
    "output_sha256": "e569cc869d7bea265c39e6c95aff05a0121a6f5236376012501be43112a6c58a",
    "summary": {
      "max": 0.9957625269889832,
      "mean": 0.18877488374710083,
      "min": 0.0,
      "p50": 0.003312832210212946,
      "p90": 0.7125753164291382,
      "p99": 0.9628356099128723
    }
  },
  "schema_version": 1,
  "scope": "local 3-D cutout diagnostic; not by itself evidence of correct papyrus identity, winding identity, recto/verso, or readable ink",
  "status": "measured",
  "winning_scale": {
    "counts": {
      "0.800000011920929": 14597,
      "1.2000000476837158": 2636,
      "1.7999999523162842": 9983
    },
    "output_path": "/home/runner/work/scrollq/scrollq/artifacts/2026-10-03-pherc0139-sheetness-run/groups/surface-0017/sheetness.scale.npy",
    "output_sha256": "e6eb86cb7d23e596ec12778c0cd692c909d019a612415e79d22d94bc5b0845b0"
  }
}
$ scroliq-sheetness-campaign seal-group --plan /home/runner/work/scrollq/scrollq/artifacts/2026-10-03-pherc0139-sheetness-campaign/campaign-plan.json --group-id surface-0017 --cutout-manifest /home/runner/work/scrollq/scrollq/artifacts/2026-10-03-pherc0139-sheetness-run/groups/surface-0017/cutout.json --sheetness-report /home/runner/work/scrollq/scrollq/artifacts/2026-10-03-pherc0139-sheetness-run/groups/surface-0017/sheetness.sheetness.json --out /home/runner/work/scrollq/scrollq/artifacts/2026-10-03-pherc0139-sheetness-run/specs/surface-0017.json
{
  "campaign_decision_rule": {
    "min_median_abs_cosine": 0.7,
    "min_median_normal_offset_margin": 0.0,
    "min_normal_completeness": 1.0,
    "min_normal_offset_win_fraction": 0.75,
    "min_score_completeness": 1.0
  },
  "campaign_group_id": "surface-0017",
  "campaign_plan_canonical_sha256": "f2f9817b2f5b71878ff8b82b481d8f17db601cd864c595a563633fcc9aea1439",
  "campaign_plan_sha256": "76c58373d2acd5513c505824832b3628b2edaf695072cfb48560fb8646a45a2e",
  "campaign_schema": "scroliq-sheetness-campaign/1",
  "claim_boundary": "This v3 spec materializes one already-frozen campaign group against the exact deterministic sheetness report/cutout bytes. Its local decision rule checks measurement completeness only; the scientific pass/fail rule is applied across all frozen groups by scroliq-sheetness-campaign aggregate.",
  "cutout_manifest_sha256": "46c0965340fb812086008088d7da0ba3f6dec0b68f656d2d88d54494c278d629",
  "decision_rule": {
    "min_median_abs_cosine": 0.0,
    "min_median_normal_offset_margin": -1.0,
    "min_normal_completeness": 1.0,
    "min_normal_offset_win_fraction": 0.0,
    "min_score_completeness": 1.0
  },
  "frozen_engine": {
    "code_revision": "65bb493b87795011e1bed1ed0b2e0272e0f5a733",
    "max_voxels": 2500000,
    "method": "itk-hessian-objectness-m2-n3-compatible",
    "normalization": {
      "enabled": true,
      "lower_percentile": 1.0,
      "upper_percentile": 99.0
    },
    "parameters": {
      "beta": 0.5,
      "bright_object": true,
      "gamma": 0.1,
      "scale_objectness": false,
      "sigmas": [
        0.8,
        1.2,
        1.8
      ]
    },
    "seed": null,
    "sheetness_benchmark_py_sha256": "0c0b3b5c4eeedfc8a5002b356439c874849301588c5a1c2ee53e9cf43eb88e79",
    "sheetness_campaign_py_sha256": "6ba6a78cb5ab45c8ddb462df59f99034ce0697617d3e3502e61b5f57b411a243",
    "sheetness_py_sha256": "d04c84aaadad5d3b42f372b9702c3980ae4dad8cc895fa0b02c9264d44473a51",
    "stochastic": false,
    "write_normal": true
  },
  "groups": [
    {
      "controls": [
        {
          "id": "surface-0017-offset-01",
          "role": "normal-offset",
          "zyx": [
            12.340542738957993,
            18.057416671163082,
            12.201783184974829
          ]
        },
        {
          "id": "surface-0017-offset-02",
          "role": "normal-offset",
          "zyx": [
            11.486921760104451,
            21.74941146058154,
            13.482605459674687
          ]
        },
        {
          "id": "surface-0017-offset-03",
          "role": "normal-offset",
          "zyx": [
            9.779679802395549,
            29.13340103941846,
            16.044250009075313
          ]
        },
        {
          "id": "surface-0017-offset-04",
          "role": "normal-offset",
          "zyx": [
            8.926058823542007,
            32.82539582883692,
            17.32507228377517
          ]
        },
        {
          "id": "surface-0017-wrong-wrap",
          "role": "wrong-wrap",
          "zyx": [
            14.474595186093211,
            8.827429697617845,
            8.999727498224274
          ]
        }
      ],
      "id": "surface-0017",
      "surface": {
        "reference_normal_zyx": [
          -0.21340524471351213,
          0.9229986973545872,
          0.320205568675033
        ],
        "zyx": [
          10.63330078125,
          25.44140625,
          14.763427734375
        ]
      }
    }
  ],
  "input_sha256": "0ab81782f353aa9856e085b3d18c947e40ca982a71e04d4aeb59042e37dd5f29",
  "schema_version": 3,
  "sheetness_report_sha256": "7658e74a0d143838a30e6199e9db613a4720cf75b815213dc594f991df29cd42",
  "source_attestation": {
    "algorithm": "zpa-metadata-semantics-v1",
    "metadata_semantics_sha256": "58a956b0623bce7ba4f6fc38ec159cc4e500b2859b6619152574d5c9020c9bed",
    "state": "PRESENT"
  },
  "volume_root": "PHerc0139/volumes/20250728140407-9.362um-1.2m-113keV-masked.zarr"
}
$ scroliq-sheetness-eval --spec /home/runner/work/scrollq/scrollq/artifacts/2026-10-03-pherc0139-sheetness-run/specs/surface-0017.json --cutout-manifest /home/runner/work/scrollq/scrollq/artifacts/2026-10-03-pherc0139-sheetness-run/groups/surface-0017/cutout.json --report /home/runner/work/scrollq/scrollq/artifacts/2026-10-03-pherc0139-sheetness-run/groups/surface-0017/sheetness.sheetness.json --response /home/runner/work/scrollq/scrollq/artifacts/2026-10-03-pherc0139-sheetness-run/groups/surface-0017/sheetness.sheetness.npy --normal /home/runner/work/scrollq/scrollq/artifacts/2026-10-03-pherc0139-sheetness-run/groups/surface-0017/sheetness.normal-zyx.npy --out /home/runner/work/scrollq/scrollq/artifacts/2026-10-03-pherc0139-sheetness-run/results/surface-0017.json
{
  "claim_boundary": "This result tests whether a frozen sheetness field localizes a candidate surface relative to deliberate normal offsets on an exact audited CT volume. Wrong-wrap/competing-sheet probes are retained as mandatory descriptive controls, not a pass/fail target, because another papyrus sheet is itself sheet-like. This does not establish physical sheet identity/topology or demonstrate readable ink.",
  "decision_checks": {
    "median_abs_cosine": true,
    "median_normal_offset_margin": true,
    "normal_completeness": true,
    "normal_offset_win_fraction": true,
    "score_completeness": true
  },
  "engine": {
    "method": "itk-hessian-objectness-m2-n3-compatible",
    "normalization": {
      "enabled": true,
      "lower_percentile": 1.0,
      "lower_value": 18.0,
      "upper_percentile": 99.0,
      "upper_value": 193.84999999999854
    },
    "parameters": {
      "beta": 0.5,
      "bright_object": true,
      "gamma": 0.1,
      "scale_objectness": false,
      "sigmas": [
        0.8,
        1.2,
        1.8
      ]
    },
    "report_sha256": "7658e74a0d143838a30e6199e9db613a4720cf75b815213dc594f991df29cd42",
    "seed": null,
    "stochastic": false
  },
  "groups": [
    {
      "controls": [
        {
          "failure": null,
          "global_zyx": [
            5529.340542738958,
            4252.057416671163,
            3669.201783184975
          ],
          "id": "surface-0017-offset-01",
          "role": "normal-offset",
          "score": 0.001045839520363025,
          "zyx": [
            12.340542738957993,
            18.057416671163082,
            12.201783184974829
          ]
        },
        {
          "failure": null,
          "global_zyx": [
            5528.486921760104,
            4255.7494114605815,
            3670.4826054596747
          ],
          "id": "surface-0017-offset-02",
          "role": "normal-offset",
          "score": 0.09277776991860026,
          "zyx": [
            11.486921760104451,
            21.74941146058154,
            13.482605459674687
          ]
        },
        {
          "failure": null,
          "global_zyx": [
            5526.779679802396,
            4263.1334010394185,
            3673.0442500090753
          ],
          "id": "surface-0017-offset-03",
          "role": "normal-offset",
          "score": 0.0013514488683950582,
          "zyx": [
            9.779679802395549,
            29.13340103941846,
            16.044250009075313
          ]
        },
        {
          "failure": null,
          "global_zyx": [
            5525.926058823542,
            4266.825395828837,
            3674.325072283775
          ],
          "id": "surface-0017-offset-04",
          "role": "normal-offset",
          "score": 0.0,
          "zyx": [
            8.926058823542007,
            32.82539582883692,
            17.32507228377517
          ]
        },
        {
          "failure": null,
          "global_zyx": [
            5531.474595186093,
            4242.827429697618,
            3665.9997274982243
          ],
          "id": "surface-0017-wrong-wrap",
          "role": "wrong-wrap",
          "score": 0.0,
          "zyx": [
            14.474595186093211,
            8.827429697617845,
            8.999727498224274
          ]
        }
      ],
      "id": "surface-0017",
      "score_complete": true,
      "surface": {
        "global_zyx": [
          5527.63330078125,
          4259.44140625,
          3671.763427734375
        ],
        "normal_failure": null,
        "predicted_normal_abs_cosine": 0.9832038642940963,
        "reference_normal_zyx": [
          -0.21340524471351213,
          0.9229986973545872,
          0.320205568675033
        ],
        "score": 0.5140083930338916,
        "score_failure": null,
        "zyx": [
          10.63330078125,
          25.44140625,
          14.763427734375
        ]
      },
      "surface_beats_all_normal_offsets": true,
      "surface_beats_all_wrong_wraps": true,
      "surface_minus_best_normal_offset": 0.4212306231152913,
      "surface_minus_best_wrong_wrap": 0.5140083930338916
    }
  ],
  "inputs": {
    "cutout_manifest_sha256": "46c0965340fb812086008088d7da0ba3f6dec0b68f656d2d88d54494c278d629",
    "cutout_sha256": "0ab81782f353aa9856e085b3d18c947e40ca982a71e04d4aeb59042e37dd5f29",
    "global_bbox_zyx_half_open": {
      "start": [
        5517,
        4234,
        3657
      ],
      "stop": [
        5541,
        4276,
        3684
      ]
    },
    "normal_sha256": "733c6ae1ffab0ae65949e2623a1b47379fe41531fd5e10dd0f116420a79182e0",
    "response_sha256": "e569cc869d7bea265c39e6c95aff05a0121a6f5236376012501be43112a6c58a",
    "shape_zyx": [
      24,
      42,
      27
    ],
    "zpa_report_sha256": "9a659bd974478032e1c4115c4e349ea4cd2711e090852500b7396bf480d92bdc"
  },
  "metrics": {
    "group_count": 1,
    "median_abs_cosine": 0.9832038642940963,
    "median_surface_minus_best_normal_offset": 0.4212306231152913,
    "median_surface_minus_best_wrong_wrap_descriptive": 0.5140083930338916,
    "normal_complete_count": 1,
    "normal_completeness": 1.0,
    "normal_offset_win_count": 1,
    "normal_offset_win_fraction": 1.0,
    "score_complete_count": 1,
    "score_completeness": 1.0,
    "wrong_wrap_win_count_descriptive": 1,
    "wrong_wrap_win_fraction_descriptive": 1.0
  },
  "schema": "scroliq-sheetness-benchmark/3",
  "source_attestation": {
    "algorithm": "zpa-metadata-semantics-v1",
    "metadata_semantics_sha256": "58a956b0623bce7ba4f6fc38ec159cc4e500b2859b6619152574d5c9020c9bed",
    "state": "PRESENT"
  },
  "spec": {
    "canonical_sha256": "f9f78ea3822965844d5454ed0c640f5a7a75221357372b0af391d43cc2ec172f",
    "decision_rule": {
      "min_median_abs_cosine": 0.0,
      "min_median_normal_offset_margin": -1.0,
      "min_normal_completeness": 1.0,
      "min_normal_offset_win_fraction": 0.0,
      "min_score_completeness": 1.0
    },
    "file_sha256": "1dd8f8e7f28dd394704efd7a7b709858b8194cbae052f743279f1501e751b7c9"
  },
  "status": "pass",
  "volume_root": "PHerc0139/volumes/20250728140407-9.362um-1.2m-113keV-masked.zarr",
  "wrong_wrap_interpretation": "descriptive-only: a genuine competing papyrus sheet is also expected to be sheet-like, so wrong-wrap response measures the method's sheet-identity limitation and is not a pass/fail criterion"
}
$ scroliq-ct-cutout --ct-url https://vesuvius-challenge-open-data.s3.amazonaws.com/PHerc0139/volumes/20250728140407-9.362um-1.2m-113keV-masked.zarr --volume-root PHerc0139/volumes/20250728140407-9.362um-1.2m-113keV-masked.zarr --zpa-report /home/runner/work/scrollq/scrollq/artifacts/2026-10-03-pherc0139-sheetness-prereg/zpa.json --start 5726,4349,2985 --stop 5749,4397,3004 --out /home/runner/work/scrollq/scrollq/artifacts/2026-10-03-pherc0139-sheetness-run/groups/surface-0018/cutout.npy --manifest /home/runner/work/scrollq/scrollq/artifacts/2026-10-03-pherc0139-sheetness-run/groups/surface-0018/cutout.json
{
  "bbox_zyx_half_open": {
    "start": [
      5726,
      4349,
      2985
    ],
    "stop": [
      5749,
      4397,
      3004
    ]
  },
  "claim_boundary": "This manifest binds one local NumPy cutout to an exact audited level-0 ZYX box and records every touched source chunk. It does not establish papyrus sheet identity, topology, ink, or readability.",
  "coordinate_space": "level0-voxel-index",
  "ct_url": "https://vesuvius-challenge-open-data.s3.amazonaws.com/PHerc0139/volumes/20250728140407-9.362um-1.2m-113keV-masked.zarr",
  "cutout": {
    "dtype": "uint8",
    "path": "/home/runner/work/scrollq/scrollq/artifacts/2026-10-03-pherc0139-sheetness-run/groups/surface-0018/cutout.npy",
    "sha256": "46041547f8c155f0cef089085fd8f782b2752f8f6349ea0f4c772997c81a8eb5",
    "shape_zyx": [
      23,
      48,
      19
    ]
  },
  "level": 0,
  "local_to_global": {
    "definition": "global_zyx = local_zyx + start_zyx",
    "kind": "integer-translation",
    "start_zyx": [
      5726,
      4349,
      2985
    ]
  },
  "schema": "scroliq-ct-cutout/1",
  "source_array": {
    "chunks_zyx": [
      128,
      128,
      128
    ],
    "dtype": "|u1",
    "path": "0",
    "shape_zyx": [
      20974,
      6621,
      6621
    ]
  },
  "source_attestation": {
    "absolute_scale_state": "unspecified",
    "algorithm": "zpa-metadata-semantics-v1",
    "axes": [
      "z",
      "y",
      "x"
    ],
    "base_declared_scale": [
      1.0,
      1.0,
      1.0
    ],
    "metadata_semantics_sha256": "58a956b0623bce7ba4f6fc38ec159cc4e500b2859b6619152574d5c9020c9bed",
    "spatial_axes": [
      {
        "index": 0,
        "name": "z",
        "unit": null
      },
      {
        "index": 1,
        "name": "y",
        "unit": null
      },
      {
        "index": 2,
        "name": "x",
        "unit": null
      }
    ],
    "state": "PRESENT"
  },
  "source_chunks": {
    "count": 2,
    "missing_count": 0,
    "touched_zyx": [
      [
        44,
        33,
        23
      ],
      [
        44,
        34,
        23
      ]
    ]
  },
  "status": "measured",
  "volume_root": "PHerc0139/volumes/20250728140407-9.362um-1.2m-113keV-masked.zarr",
  "zpa_report": {
    "integrity": "PASS",
    "path": "/home/runner/work/scrollq/scrollq/artifacts/2026-10-03-pherc0139-sheetness-prereg/zpa.json",
    "schema_version": "1.3.0",
    "sha256": "9a659bd974478032e1c4115c4e349ea4cd2711e090852500b7396bf480d92bdc"
  }
}
$ scroliq-sheetness /home/runner/work/scrollq/scrollq/artifacts/2026-10-03-pherc0139-sheetness-run/groups/surface-0018/cutout.npy --out-prefix /home/runner/work/scrollq/scrollq/artifacts/2026-10-03-pherc0139-sheetness-run/groups/surface-0018/sheetness --sigmas 0.8,1.2,1.8 --beta 0.5 --gamma 0.1 --bright-object --normalize-low 1.0 --normalize-high 99.0 --write-normal --max-voxels 2500000
{
  "input": {
    "dtype": "uint8",
    "path": "/home/runner/work/scrollq/scrollq/artifacts/2026-10-03-pherc0139-sheetness-run/groups/surface-0018/cutout.npy",
    "sha256": "46041547f8c155f0cef089085fd8f782b2752f8f6349ea0f4c772997c81a8eb5",
    "shape_zyx": [
      23,
      48,
      19
    ],
    "voxels": 20976
  },
  "kind": "sheetness",
  "method": "itk-hessian-objectness-m2-n3-compatible",
  "normal": {
    "basis": "ZYX voxel axes",
    "interpretation": "unit eigenvector of the largest-absolute Hessian eigenvalue at the winning scale; sign is arbitrary",
    "output_path": "/home/runner/work/scrollq/scrollq/artifacts/2026-10-03-pherc0139-sheetness-run/groups/surface-0018/sheetness.normal-zyx.npy",
    "output_sha256": "9aad1fe36857c975c34db8660bc6534b0af3c117cf361556e526d6c4e307f457"
  },
  "normalization": {
    "enabled": true,
    "lower_percentile": 1.0,
    "lower_value": 19.0,
    "upper_percentile": 99.0,
    "upper_value": 224.5
  },
  "parameters": {
    "beta": 0.5,
    "bright_object": true,
    "gamma": 0.1,
    "scale_objectness": false,
    "sigmas": [
      0.8,
      1.2,
      1.8
    ]
  },
  "per_scale": [
    {
      "response_max": 0.6342453360557556,
      "response_mean": 0.054858531802892685,
      "response_p99": 0.40906327962875366,
      "sigma": 0.8
    },
    {
      "response_max": 0.8893303871154785,
      "response_mean": 0.10501820594072342,
      "response_p99": 0.6815048456192017,
      "sigma": 1.2
    },
    {
      "response_max": 0.9144003391265869,
      "response_mean": 0.13319797813892365,
      "response_p99": 0.7694256901741028,
      "sigma": 1.8
    }
  ],
  "response": {
    "nonzero_fraction": 0.5734172387490465,
    "output_path": "/home/runner/work/scrollq/scrollq/artifacts/2026-10-03-pherc0139-sheetness-run/groups/surface-0018/sheetness.sheetness.npy",
    "output_sha256": "3d5a90a92fae2ff724eb57a3a04ea8959af0e8c0ffd603523a1caeba5ca7530c",
    "summary": {
      "max": 0.9144003391265869,
      "mean": 0.14337792992591858,
      "min": 0.0,
      "p50": 0.02335573546588421,
      "p90": 0.46381649374961853,
      "p99": 0.7700494527816772
    }
  },
  "schema_version": 1,
  "scope": "local 3-D cutout diagnostic; not by itself evidence of correct papyrus identity, winding identity, recto/verso, or readable ink",
  "status": "measured",
  "winning_scale": {
    "counts": {
      "0.800000011920929": 10075,
      "1.2000000476837158": 3047,
      "1.7999999523162842": 7854
    },
    "output_path": "/home/runner/work/scrollq/scrollq/artifacts/2026-10-03-pherc0139-sheetness-run/groups/surface-0018/sheetness.scale.npy",
    "output_sha256": "89a6c74497c8395fec6272d8fc4e94e3303657a4d2418fa1b32a4e45dc62818c"
  }
}
$ scroliq-sheetness-campaign seal-group --plan /home/runner/work/scrollq/scrollq/artifacts/2026-10-03-pherc0139-sheetness-campaign/campaign-plan.json --group-id surface-0018 --cutout-manifest /home/runner/work/scrollq/scrollq/artifacts/2026-10-03-pherc0139-sheetness-run/groups/surface-0018/cutout.json --sheetness-report /home/runner/work/scrollq/scrollq/artifacts/2026-10-03-pherc0139-sheetness-run/groups/surface-0018/sheetness.sheetness.json --out /home/runner/work/scrollq/scrollq/artifacts/2026-10-03-pherc0139-sheetness-run/specs/surface-0018.json
{
  "campaign_decision_rule": {
    "min_median_abs_cosine": 0.7,
    "min_median_normal_offset_margin": 0.0,
    "min_normal_completeness": 1.0,
    "min_normal_offset_win_fraction": 0.75,
    "min_score_completeness": 1.0
  },
  "campaign_group_id": "surface-0018",
  "campaign_plan_canonical_sha256": "f2f9817b2f5b71878ff8b82b481d8f17db601cd864c595a563633fcc9aea1439",
  "campaign_plan_sha256": "76c58373d2acd5513c505824832b3628b2edaf695072cfb48560fb8646a45a2e",
  "campaign_schema": "scroliq-sheetness-campaign/1",
  "claim_boundary": "This v3 spec materializes one already-frozen campaign group against the exact deterministic sheetness report/cutout bytes. Its local decision rule checks measurement completeness only; the scientific pass/fail rule is applied across all frozen groups by scroliq-sheetness-campaign aggregate.",
  "cutout_manifest_sha256": "9a7fcad884637ac7a3ad0b6f9f45da58858586542311f593dec01df131e7dcae",
  "decision_rule": {
    "min_median_abs_cosine": 0.0,
    "min_median_normal_offset_margin": -1.0,
    "min_normal_completeness": 1.0,
    "min_normal_offset_win_fraction": 0.0,
    "min_score_completeness": 1.0
  },
  "frozen_engine": {
    "code_revision": "65bb493b87795011e1bed1ed0b2e0272e0f5a733",
    "max_voxels": 2500000,
    "method": "itk-hessian-objectness-m2-n3-compatible",
    "normalization": {
      "enabled": true,
      "lower_percentile": 1.0,
      "upper_percentile": 99.0
    },
    "parameters": {
      "beta": 0.5,
      "bright_object": true,
      "gamma": 0.1,
      "scale_objectness": false,
      "sigmas": [
        0.8,
        1.2,
        1.8
      ]
    },
    "seed": null,
    "sheetness_benchmark_py_sha256": "0c0b3b5c4eeedfc8a5002b356439c874849301588c5a1c2ee53e9cf43eb88e79",
    "sheetness_campaign_py_sha256": "6ba6a78cb5ab45c8ddb462df59f99034ce0697617d3e3502e61b5f57b411a243",
    "sheetness_py_sha256": "d04c84aaadad5d3b42f372b9702c3980ae4dad8cc895fa0b02c9264d44473a51",
    "stochastic": false,
    "write_normal": true
  },
  "groups": [
    {
      "controls": [
        {
          "id": "surface-0018-offset-01",
          "role": "normal-offset",
          "zyx": [
            8.409860876111452,
            8.753949967475819,
            8.82312766890891
          ]
        },
        {
          "id": "surface-0018-offset-02",
          "role": "normal-offset",
          "zyx": [
            9.101170672430271,
            12.692892952487455,
            8.905704459454228
          ]
        },
        {
          "id": "surface-0018-offset-03",
          "role": "normal-offset",
          "zyx": [
            10.483790265069729,
            20.570778922512545,
            9.070858040545772
          ]
        },
        {
          "id": "surface-0018-offset-04",
          "role": "normal-offset",
          "zyx": [
            11.175100061388548,
            24.50972190752418,
            9.15343483109109
          ]
        },
        {
          "id": "surface-0018-wrong-wrap",
          "role": "wrong-wrap",
          "zyx": [
            13.681098073046087,
            38.78839022819284,
            9.452775696819117
          ]
        }
      ],
      "id": "surface-0018",
      "surface": {
        "reference_normal_zyx": [
          0.17282744907983688,
          0.984735746253027,
          0.02064419763639716
        ],
        "zyx": [
          9.79248046875,
          16.6318359375,
          8.98828125
        ]
      }
    }
  ],
  "input_sha256": "46041547f8c155f0cef089085fd8f782b2752f8f6349ea0f4c772997c81a8eb5",
  "schema_version": 3,
  "sheetness_report_sha256": "75a1f825e92268568966dc20d1e7901b2a4974e7d4d7da7b8443ee502212a831",
  "source_attestation": {
    "algorithm": "zpa-metadata-semantics-v1",
    "metadata_semantics_sha256": "58a956b0623bce7ba4f6fc38ec159cc4e500b2859b6619152574d5c9020c9bed",
    "state": "PRESENT"
  },
  "volume_root": "PHerc0139/volumes/20250728140407-9.362um-1.2m-113keV-masked.zarr"
}
$ scroliq-sheetness-eval --spec /home/runner/work/scrollq/scrollq/artifacts/2026-10-03-pherc0139-sheetness-run/specs/surface-0018.json --cutout-manifest /home/runner/work/scrollq/scrollq/artifacts/2026-10-03-pherc0139-sheetness-run/groups/surface-0018/cutout.json --report /home/runner/work/scrollq/scrollq/artifacts/2026-10-03-pherc0139-sheetness-run/groups/surface-0018/sheetness.sheetness.json --response /home/runner/work/scrollq/scrollq/artifacts/2026-10-03-pherc0139-sheetness-run/groups/surface-0018/sheetness.sheetness.npy --normal /home/runner/work/scrollq/scrollq/artifacts/2026-10-03-pherc0139-sheetness-run/groups/surface-0018/sheetness.normal-zyx.npy --out /home/runner/work/scrollq/scrollq/artifacts/2026-10-03-pherc0139-sheetness-run/results/surface-0018.json
{
  "claim_boundary": "This result tests whether a frozen sheetness field localizes a candidate surface relative to deliberate normal offsets on an exact audited CT volume. Wrong-wrap/competing-sheet probes are retained as mandatory descriptive controls, not a pass/fail target, because another papyrus sheet is itself sheet-like. This does not establish physical sheet identity/topology or demonstrate readable ink.",
  "decision_checks": {
    "median_abs_cosine": true,
    "median_normal_offset_margin": true,
    "normal_completeness": true,
    "normal_offset_win_fraction": true,
    "score_completeness": true
  },
  "engine": {
    "method": "itk-hessian-objectness-m2-n3-compatible",
    "normalization": {
      "enabled": true,
      "lower_percentile": 1.0,
      "lower_value": 19.0,
      "upper_percentile": 99.0,
      "upper_value": 224.5
    },
    "parameters": {
      "beta": 0.5,
      "bright_object": true,
      "gamma": 0.1,
      "scale_objectness": false,
      "sigmas": [
        0.8,
        1.2,
        1.8
      ]
    },
    "report_sha256": "75a1f825e92268568966dc20d1e7901b2a4974e7d4d7da7b8443ee502212a831",
    "seed": null,
    "stochastic": false
  },
  "groups": [
    {
      "controls": [
        {
          "failure": null,
          "global_zyx": [
            5734.409860876111,
            4357.753949967476,
            2993.823127668909
          ],
          "id": "surface-0018-offset-01",
          "role": "normal-offset",
          "score": 0.0,
          "zyx": [
            8.409860876111452,
            8.753949967475819,
            8.82312766890891
          ]
        },
        {
          "failure": null,
          "global_zyx": [
            5735.10117067243,
            4361.6928929524875,
            2993.9057044594542
          ],
          "id": "surface-0018-offset-02",
          "role": "normal-offset",
          "score": 0.030338621276668424,
          "zyx": [
            9.101170672430271,
            12.692892952487455,
            8.905704459454228
          ]
        },
        {
          "failure": null,
          "global_zyx": [
            5736.48379026507,
            4369.5707789225125,
            2994.0708580405458
          ],
          "id": "surface-0018-offset-03",
          "role": "normal-offset",
          "score": 0.0,
          "zyx": [
            10.483790265069729,
            20.570778922512545,
            9.070858040545772
          ]
        },
        {
          "failure": null,
          "global_zyx": [
            5737.175100061389,
            4373.509721907524,
            2994.153434831091
          ],
          "id": "surface-0018-offset-04",
          "role": "normal-offset",
          "score": 0.0,
          "zyx": [
            11.175100061388548,
            24.50972190752418,
            9.15343483109109
          ]
        },
        {
          "failure": null,
          "global_zyx": [
            5739.681098073046,
            4387.788390228193,
            2994.452775696819
          ],
          "id": "surface-0018-wrong-wrap",
          "role": "wrong-wrap",
          "score": 0.07860376208326567,
          "zyx": [
            13.681098073046087,
            38.78839022819284,
            9.452775696819117
          ]
        }
      ],
      "id": "surface-0018",
      "score_complete": true,
      "surface": {
        "global_zyx": [
          5735.79248046875,
          4365.6318359375,
          2993.98828125
        ],
        "normal_failure": null,
        "predicted_normal_abs_cosine": 0.9999470695049701,
        "reference_normal_zyx": [
          0.17282744907983688,
          0.984735746253027,
          0.02064419763639716
        ],
        "score": 0.1945210923508561,
        "score_failure": null,
        "zyx": [
          9.79248046875,
          16.6318359375,
          8.98828125
        ]
      },
      "surface_beats_all_normal_offsets": true,
      "surface_beats_all_wrong_wraps": true,
      "surface_minus_best_normal_offset": 0.16418247107418768,
      "surface_minus_best_wrong_wrap": 0.11591733026759043
    }
  ],
  "inputs": {
    "cutout_manifest_sha256": "9a7fcad884637ac7a3ad0b6f9f45da58858586542311f593dec01df131e7dcae",
    "cutout_sha256": "46041547f8c155f0cef089085fd8f782b2752f8f6349ea0f4c772997c81a8eb5",
    "global_bbox_zyx_half_open": {
      "start": [
        5726,
        4349,
        2985
      ],
      "stop": [
        5749,
        4397,
        3004
      ]
    },
    "normal_sha256": "9aad1fe36857c975c34db8660bc6534b0af3c117cf361556e526d6c4e307f457",
    "response_sha256": "3d5a90a92fae2ff724eb57a3a04ea8959af0e8c0ffd603523a1caeba5ca7530c",
    "shape_zyx": [
      23,
      48,
      19
    ],
    "zpa_report_sha256": "9a659bd974478032e1c4115c4e349ea4cd2711e090852500b7396bf480d92bdc"
  },
  "metrics": {
    "group_count": 1,
    "median_abs_cosine": 0.9999470695049701,
    "median_surface_minus_best_normal_offset": 0.16418247107418768,
    "median_surface_minus_best_wrong_wrap_descriptive": 0.11591733026759043,
    "normal_complete_count": 1,
    "normal_completeness": 1.0,
    "normal_offset_win_count": 1,
    "normal_offset_win_fraction": 1.0,
    "score_complete_count": 1,
    "score_completeness": 1.0,
    "wrong_wrap_win_count_descriptive": 1,
    "wrong_wrap_win_fraction_descriptive": 1.0
  },
  "schema": "scroliq-sheetness-benchmark/3",
  "source_attestation": {
    "algorithm": "zpa-metadata-semantics-v1",
    "metadata_semantics_sha256": "58a956b0623bce7ba4f6fc38ec159cc4e500b2859b6619152574d5c9020c9bed",
    "state": "PRESENT"
  },
  "spec": {
    "canonical_sha256": "f8f02717f7d86f096847f5fc4dff338a94ff5c2af367b6a131b62c083ee614b4",
    "decision_rule": {
      "min_median_abs_cosine": 0.0,
      "min_median_normal_offset_margin": -1.0,
      "min_normal_completeness": 1.0,
      "min_normal_offset_win_fraction": 0.0,
      "min_score_completeness": 1.0
    },
    "file_sha256": "c9fda329ef7e5e73a68086cb75dc45f2d2e5d60b41a359097564e1328eb900f5"
  },
  "status": "pass",
  "volume_root": "PHerc0139/volumes/20250728140407-9.362um-1.2m-113keV-masked.zarr",
  "wrong_wrap_interpretation": "descriptive-only: a genuine competing papyrus sheet is also expected to be sheet-like, so wrong-wrap response measures the method's sheet-identity limitation and is not a pass/fail criterion"
}
$ scroliq-ct-cutout --ct-url https://vesuvius-challenge-open-data.s3.amazonaws.com/PHerc0139/volumes/20250728140407-9.362um-1.2m-113keV-masked.zarr --volume-root PHerc0139/volumes/20250728140407-9.362um-1.2m-113keV-masked.zarr --zpa-report /home/runner/work/scrollq/scrollq/artifacts/2026-10-03-pherc0139-sheetness-prereg/zpa.json --start 5934,4301,2527 --stop 5954,4342,2548 --out /home/runner/work/scrollq/scrollq/artifacts/2026-10-03-pherc0139-sheetness-run/groups/surface-0019/cutout.npy --manifest /home/runner/work/scrollq/scrollq/artifacts/2026-10-03-pherc0139-sheetness-run/groups/surface-0019/cutout.json
{
  "bbox_zyx_half_open": {
    "start": [
      5934,
      4301,
      2527
    ],
    "stop": [
      5954,
      4342,
      2548
    ]
  },
  "claim_boundary": "This manifest binds one local NumPy cutout to an exact audited level-0 ZYX box and records every touched source chunk. It does not establish papyrus sheet identity, topology, ink, or readability.",
  "coordinate_space": "level0-voxel-index",
  "ct_url": "https://vesuvius-challenge-open-data.s3.amazonaws.com/PHerc0139/volumes/20250728140407-9.362um-1.2m-113keV-masked.zarr",
  "cutout": {
    "dtype": "uint8",
    "path": "/home/runner/work/scrollq/scrollq/artifacts/2026-10-03-pherc0139-sheetness-run/groups/surface-0019/cutout.npy",
    "sha256": "855eb08425d2790c41b3f15a19f34191bc8a25ba1f01a0391d5a7d6fe7728a55",
    "shape_zyx": [
      20,
      41,
      21
    ]
  },
  "level": 0,
  "local_to_global": {
    "definition": "global_zyx = local_zyx + start_zyx",
    "kind": "integer-translation",
    "start_zyx": [
      5934,
      4301,
      2527
    ]
  },
  "schema": "scroliq-ct-cutout/1",
  "source_array": {
    "chunks_zyx": [
      128,
      128,
      128
    ],
    "dtype": "|u1",
    "path": "0",
    "shape_zyx": [
      20974,
      6621,
      6621
    ]
  },
  "source_attestation": {
    "absolute_scale_state": "unspecified",
    "algorithm": "zpa-metadata-semantics-v1",
    "axes": [
      "z",
      "y",
      "x"
    ],
    "base_declared_scale": [
      1.0,
      1.0,
      1.0
    ],
    "metadata_semantics_sha256": "58a956b0623bce7ba4f6fc38ec159cc4e500b2859b6619152574d5c9020c9bed",
    "spatial_axes": [
      {
        "index": 0,
        "name": "z",
        "unit": null
      },
      {
        "index": 1,
        "name": "y",
        "unit": null
      },
      {
        "index": 2,
        "name": "x",
        "unit": null
      }
    ],
    "state": "PRESENT"
  },
  "source_chunks": {
    "count": 1,
    "missing_count": 0,
    "touched_zyx": [
      [
        46,
        33,
        19
      ]
    ]
  },
  "status": "measured",
  "volume_root": "PHerc0139/volumes/20250728140407-9.362um-1.2m-113keV-masked.zarr",
  "zpa_report": {
    "integrity": "PASS",
    "path": "/home/runner/work/scrollq/scrollq/artifacts/2026-10-03-pherc0139-sheetness-prereg/zpa.json",
    "schema_version": "1.3.0",
    "sha256": "9a659bd974478032e1c4115c4e349ea4cd2711e090852500b7396bf480d92bdc"
  }
}
$ scroliq-sheetness /home/runner/work/scrollq/scrollq/artifacts/2026-10-03-pherc0139-sheetness-run/groups/surface-0019/cutout.npy --out-prefix /home/runner/work/scrollq/scrollq/artifacts/2026-10-03-pherc0139-sheetness-run/groups/surface-0019/sheetness --sigmas 0.8,1.2,1.8 --beta 0.5 --gamma 0.1 --bright-object --normalize-low 1.0 --normalize-high 99.0 --write-normal --max-voxels 2500000
{
  "input": {
    "dtype": "uint8",
    "path": "/home/runner/work/scrollq/scrollq/artifacts/2026-10-03-pherc0139-sheetness-run/groups/surface-0019/cutout.npy",
    "sha256": "855eb08425d2790c41b3f15a19f34191bc8a25ba1f01a0391d5a7d6fe7728a55",
    "shape_zyx": [
      20,
      41,
      21
    ],
    "voxels": 17220
  },
  "kind": "sheetness",
  "method": "itk-hessian-objectness-m2-n3-compatible",
  "normal": {
    "basis": "ZYX voxel axes",
    "interpretation": "unit eigenvector of the largest-absolute Hessian eigenvalue at the winning scale; sign is arbitrary",
    "output_path": "/home/runner/work/scrollq/scrollq/artifacts/2026-10-03-pherc0139-sheetness-run/groups/surface-0019/sheetness.normal-zyx.npy",
    "output_sha256": "b864b46cf3e2527684d6542bd18090143e7d5afe3d43dd2579af3e9c6b0ed2f2"
  },
  "normalization": {
    "enabled": true,
    "lower_percentile": 1.0,
    "lower_value": 22.0,
    "upper_percentile": 99.0,
    "upper_value": 168.0
  },
  "parameters": {
    "beta": 0.5,
    "bright_object": true,
    "gamma": 0.1,
    "scale_objectness": false,
    "sigmas": [
      0.8,
      1.2,
      1.8
    ]
  },
  "per_scale": [
    {
      "response_max": 0.7729324698448181,
      "response_mean": 0.06086307391524315,
      "response_p99": 0.531692624092102,
      "sigma": 0.8
    },
    {
      "response_max": 0.9557865858078003,
      "response_mean": 0.12476935982704163,
      "response_p99": 0.837058961391449,
      "sigma": 1.2
    },
    {
      "response_max": 0.9848130345344543,
      "response_mean": 0.17081646621227264,
      "response_p99": 0.933155357837677,
      "sigma": 1.8
    }
  ],
  "response": {
    "nonzero_fraction": 0.5929732868757259,
    "output_path": "/home/runner/work/scrollq/scrollq/artifacts/2026-10-03-pherc0139-sheetness-run/groups/surface-0019/sheetness.sheetness.npy",
    "output_sha256": "2fea6c03eeb27c79bc4e6cc5f1cc9b8fe5323176bc413e344b5763a8755b2f74",
    "summary": {
      "max": 0.9848130345344543,
      "mean": 0.17448760569095612,
      "min": 0.0,
      "p50": 0.0034488278906792402,
      "p90": 0.7150669693946838,
      "p99": 0.9333678483963013
    }
  },
  "schema_version": 1,
  "scope": "local 3-D cutout diagnostic; not by itself evidence of correct papyrus identity, winding identity, recto/verso, or readable ink",
  "status": "measured",
  "winning_scale": {
    "counts": {
      "0.800000011920929": 8095,
      "1.2000000476837158": 2095,
      "1.7999999523162842": 7030
    },
    "output_path": "/home/runner/work/scrollq/scrollq/artifacts/2026-10-03-pherc0139-sheetness-run/groups/surface-0019/sheetness.scale.npy",
    "output_sha256": "0592eb8d4c4ce555963587bb926aa4b7fe7e97f290d49def858f8df6169119cf"
  }
}
$ scroliq-sheetness-campaign seal-group --plan /home/runner/work/scrollq/scrollq/artifacts/2026-10-03-pherc0139-sheetness-campaign/campaign-plan.json --group-id surface-0019 --cutout-manifest /home/runner/work/scrollq/scrollq/artifacts/2026-10-03-pherc0139-sheetness-run/groups/surface-0019/cutout.json --sheetness-report /home/runner/work/scrollq/scrollq/artifacts/2026-10-03-pherc0139-sheetness-run/groups/surface-0019/sheetness.sheetness.json --out /home/runner/work/scrollq/scrollq/artifacts/2026-10-03-pherc0139-sheetness-run/specs/surface-0019.json
{
  "campaign_decision_rule": {
    "min_median_abs_cosine": 0.7,
    "min_median_normal_offset_margin": 0.0,
    "min_normal_completeness": 1.0,
    "min_normal_offset_win_fraction": 0.75,
    "min_score_completeness": 1.0
  },
  "campaign_group_id": "surface-0019",
  "campaign_plan_canonical_sha256": "f2f9817b2f5b71878ff8b82b481d8f17db601cd864c595a563633fcc9aea1439",
  "campaign_plan_sha256": "76c58373d2acd5513c505824832b3628b2edaf695072cfb48560fb8646a45a2e",
  "campaign_schema": "scroliq-sheetness-campaign/1",
  "claim_boundary": "This v3 spec materializes one already-frozen campaign group against the exact deterministic sheetness report/cutout bytes. Its local decision rule checks measurement completeness only; the scientific pass/fail rule is applied across all frozen groups by scroliq-sheetness-campaign aggregate.",
  "cutout_manifest_sha256": "00cbb19103f6f6207e20b597d10c85c9be504b4ccd0ee9454b5a1859ed15a2cd",
  "decision_rule": {
    "min_median_abs_cosine": 0.0,
    "min_median_normal_offset_margin": -1.0,
    "min_normal_completeness": 1.0,
    "min_normal_offset_win_fraction": 0.0,
    "min_score_completeness": 1.0
  },
  "frozen_engine": {
    "code_revision": "65bb493b87795011e1bed1ed0b2e0272e0f5a733",
    "max_voxels": 2500000,
    "method": "itk-hessian-objectness-m2-n3-compatible",
    "normalization": {
      "enabled": true,
      "lower_percentile": 1.0,
      "upper_percentile": 99.0
    },
    "parameters": {
      "beta": 0.5,
      "bright_object": true,
      "gamma": 0.1,
      "scale_objectness": false,
      "sigmas": [
        0.8,
        1.2,
        1.8
      ]
    },
    "seed": null,
    "sheetness_benchmark_py_sha256": "0c0b3b5c4eeedfc8a5002b356439c874849301588c5a1c2ee53e9cf43eb88e79",
    "sheetness_campaign_py_sha256": "6ba6a78cb5ab45c8ddb462df59f99034ce0697617d3e3502e61b5f57b411a243",
    "sheetness_py_sha256": "d04c84aaadad5d3b42f372b9702c3980ae4dad8cc895fa0b02c9264d44473a51",
    "stochastic": false,
    "write_normal": true
  },
  "groups": [
    {
      "controls": [
        {
          "id": "surface-0019-offset-01",
          "role": "normal-offset",
          "zyx": [
            10.771217260588855,
            8.108344758928979,
            11.760982450059146
          ]
        },
        {
          "id": "surface-0019-offset-02",
          "role": "normal-offset",
          "zyx": [
            10.468372302169882,
            12.066379410714035,
            11.2687968890923
          ]
        },
        {
          "id": "surface-0019-offset-03",
          "role": "normal-offset",
          "zyx": [
            9.862682385330118,
            19.982448714285965,
            10.2844257671577
          ]
        },
        {
          "id": "surface-0019-offset-04",
          "role": "normal-offset",
          "zyx": [
            9.559837426911145,
            23.94048336607102,
            9.792240206190854
          ]
        },
        {
          "id": "surface-0019-wrong-wrap",
          "role": "wrong-wrap",
          "zyx": [
            8.95414751007138,
            31.856552669642042,
            8.807869084256708
          ]
        }
      ],
      "id": "surface-0019",
      "surface": {
        "reference_normal_zyx": [
          -0.07571123960488711,
          0.9895086629463944,
          -0.12304639024177087
        ],
        "zyx": [
          10.16552734375,
          16.0244140625,
          10.776611328125
        ]
      }
    }
  ],
  "input_sha256": "855eb08425d2790c41b3f15a19f34191bc8a25ba1f01a0391d5a7d6fe7728a55",
  "schema_version": 3,
  "sheetness_report_sha256": "6e0b38ae26274b815941e19c0629e644a9840f66eb659eb3a37554123c288a8d",
  "source_attestation": {
    "algorithm": "zpa-metadata-semantics-v1",
    "metadata_semantics_sha256": "58a956b0623bce7ba4f6fc38ec159cc4e500b2859b6619152574d5c9020c9bed",
    "state": "PRESENT"
  },
  "volume_root": "PHerc0139/volumes/20250728140407-9.362um-1.2m-113keV-masked.zarr"
}
$ scroliq-sheetness-eval --spec /home/runner/work/scrollq/scrollq/artifacts/2026-10-03-pherc0139-sheetness-run/specs/surface-0019.json --cutout-manifest /home/runner/work/scrollq/scrollq/artifacts/2026-10-03-pherc0139-sheetness-run/groups/surface-0019/cutout.json --report /home/runner/work/scrollq/scrollq/artifacts/2026-10-03-pherc0139-sheetness-run/groups/surface-0019/sheetness.sheetness.json --response /home/runner/work/scrollq/scrollq/artifacts/2026-10-03-pherc0139-sheetness-run/groups/surface-0019/sheetness.sheetness.npy --normal /home/runner/work/scrollq/scrollq/artifacts/2026-10-03-pherc0139-sheetness-run/groups/surface-0019/sheetness.normal-zyx.npy --out /home/runner/work/scrollq/scrollq/artifacts/2026-10-03-pherc0139-sheetness-run/results/surface-0019.json
{
  "claim_boundary": "This result tests whether a frozen sheetness field localizes a candidate surface relative to deliberate normal offsets on an exact audited CT volume. Wrong-wrap/competing-sheet probes are retained as mandatory descriptive controls, not a pass/fail target, because another papyrus sheet is itself sheet-like. This does not establish physical sheet identity/topology or demonstrate readable ink.",
  "decision_checks": {
    "median_abs_cosine": true,
    "median_normal_offset_margin": true,
    "normal_completeness": true,
    "normal_offset_win_fraction": true,
    "score_completeness": true
  },
  "engine": {
    "method": "itk-hessian-objectness-m2-n3-compatible",
    "normalization": {
      "enabled": true,
      "lower_percentile": 1.0,
      "lower_value": 22.0,
      "upper_percentile": 99.0,
      "upper_value": 168.0
    },
    "parameters": {
      "beta": 0.5,
      "bright_object": true,
      "gamma": 0.1,
      "scale_objectness": false,
      "sigmas": [
        0.8,
        1.2,
        1.8
      ]
    },
    "report_sha256": "6e0b38ae26274b815941e19c0629e644a9840f66eb659eb3a37554123c288a8d",
    "seed": null,
    "stochastic": false
  },
  "groups": [
    {
      "controls": [
        {
          "failure": null,
          "global_zyx": [
            5944.771217260589,
            4309.108344758929,
            2538.760982450059
          ],
          "id": "surface-0019-offset-01",
          "role": "normal-offset",
          "score": 0.011311054700188398,
          "zyx": [
            10.771217260588855,
            8.108344758928979,
            11.760982450059146
          ]
        },
        {
          "failure": null,
          "global_zyx": [
            5944.46837230217,
            4313.066379410714,
            2538.2687968890923
          ],
          "id": "surface-0019-offset-02",
          "role": "normal-offset",
          "score": 0.28066900510704873,
          "zyx": [
            10.468372302169882,
            12.066379410714035,
            11.2687968890923
          ]
        },
        {
          "failure": null,
          "global_zyx": [
            5943.86268238533,
            4320.982448714286,
            2537.2844257671577
          ],
          "id": "surface-0019-offset-03",
          "role": "normal-offset",
          "score": 0.01844917201099995,
          "zyx": [
            9.862682385330118,
            19.982448714285965,
            10.2844257671577
          ]
        },
        {
          "failure": null,
          "global_zyx": [
            5943.559837426911,
            4324.940483366071,
            2536.792240206191
          ],
          "id": "surface-0019-offset-04",
          "role": "normal-offset",
          "score": 0.0014414355205273081,
          "zyx": [
            9.559837426911145,
            23.94048336607102,
            9.792240206190854
          ]
        },
        {
          "failure": null,
          "global_zyx": [
            5942.954147510071,
            4332.856552669642,
            2535.8078690842567
          ],
          "id": "surface-0019-wrong-wrap",
          "role": "wrong-wrap",
          "score": 0.005297177705559231,
          "zyx": [
            8.95414751007138,
            31.856552669642042,
            8.807869084256708
          ]
        }
      ],
      "id": "surface-0019",
      "score_complete": true,
      "surface": {
        "global_zyx": [
          5944.16552734375,
          4317.0244140625,
          2537.776611328125
        ],
        "normal_failure": null,
        "predicted_normal_abs_cosine": 0.9903747873157636,
        "reference_normal_zyx": [
          -0.07571123960488713,
          0.9895086629463945,
          -0.12304639024177089
        ],
        "score": 0.013821518069566125,
        "score_failure": null,
        "zyx": [
          10.16552734375,
          16.0244140625,
          10.776611328125
        ]
      },
      "surface_beats_all_normal_offsets": false,
      "surface_beats_all_wrong_wraps": true,
      "surface_minus_best_normal_offset": -0.2668474870374826,
      "surface_minus_best_wrong_wrap": 0.008524340364006894
    }
  ],
  "inputs": {
    "cutout_manifest_sha256": "00cbb19103f6f6207e20b597d10c85c9be504b4ccd0ee9454b5a1859ed15a2cd",
    "cutout_sha256": "855eb08425d2790c41b3f15a19f34191bc8a25ba1f01a0391d5a7d6fe7728a55",
    "global_bbox_zyx_half_open": {
      "start": [
        5934,
        4301,
        2527
      ],
      "stop": [
        5954,
        4342,
        2548
      ]
    },
    "normal_sha256": "b864b46cf3e2527684d6542bd18090143e7d5afe3d43dd2579af3e9c6b0ed2f2",
    "response_sha256": "2fea6c03eeb27c79bc4e6cc5f1cc9b8fe5323176bc413e344b5763a8755b2f74",
    "shape_zyx": [
      20,
      41,
      21
    ],
    "zpa_report_sha256": "9a659bd974478032e1c4115c4e349ea4cd2711e090852500b7396bf480d92bdc"
  },
  "metrics": {
    "group_count": 1,
    "median_abs_cosine": 0.9903747873157636,
    "median_surface_minus_best_normal_offset": -0.2668474870374826,
    "median_surface_minus_best_wrong_wrap_descriptive": 0.008524340364006894,
    "normal_complete_count": 1,
    "normal_completeness": 1.0,
    "normal_offset_win_count": 0,
    "normal_offset_win_fraction": 0.0,
    "score_complete_count": 1,
    "score_completeness": 1.0,
    "wrong_wrap_win_count_descriptive": 1,
    "wrong_wrap_win_fraction_descriptive": 1.0
  },
  "schema": "scroliq-sheetness-benchmark/3",
  "source_attestation": {
    "algorithm": "zpa-metadata-semantics-v1",
    "metadata_semantics_sha256": "58a956b0623bce7ba4f6fc38ec159cc4e500b2859b6619152574d5c9020c9bed",
    "state": "PRESENT"
  },
  "spec": {
    "canonical_sha256": "a41d85c11b4e053f450713410edf6b9fb4957243f366e96ac16c48e9b9c28404",
    "decision_rule": {
      "min_median_abs_cosine": 0.0,
      "min_median_normal_offset_margin": -1.0,
      "min_normal_completeness": 1.0,
      "min_normal_offset_win_fraction": 0.0,
      "min_score_completeness": 1.0
    },
    "file_sha256": "2aa9fabd4d0b3691d7b6e4a9059bc8ca3dfc32ea0a9cc2f993a7022fd7023288"
  },
  "status": "pass",
  "volume_root": "PHerc0139/volumes/20250728140407-9.362um-1.2m-113keV-masked.zarr",
  "wrong_wrap_interpretation": "descriptive-only: a genuine competing papyrus sheet is also expected to be sheet-like, so wrong-wrap response measures the method's sheet-identity limitation and is not a pass/fail criterion"
}
$ scroliq-ct-cutout --ct-url https://vesuvius-challenge-open-data.s3.amazonaws.com/PHerc0139/volumes/20250728140407-9.362um-1.2m-113keV-masked.zarr --volume-root PHerc0139/volumes/20250728140407-9.362um-1.2m-113keV-masked.zarr --zpa-report /home/runner/work/scrollq/scrollq/artifacts/2026-10-03-pherc0139-sheetness-prereg/zpa.json --start 6151,4083,2097 --stop 6169,4124,2125 --out /home/runner/work/scrollq/scrollq/artifacts/2026-10-03-pherc0139-sheetness-run/groups/surface-0020/cutout.npy --manifest /home/runner/work/scrollq/scrollq/artifacts/2026-10-03-pherc0139-sheetness-run/groups/surface-0020/cutout.json
{
  "bbox_zyx_half_open": {
    "start": [
      6151,
      4083,
      2097
    ],
    "stop": [
      6169,
      4124,
      2125
    ]
  },
  "claim_boundary": "This manifest binds one local NumPy cutout to an exact audited level-0 ZYX box and records every touched source chunk. It does not establish papyrus sheet identity, topology, ink, or readability.",
  "coordinate_space": "level0-voxel-index",
  "ct_url": "https://vesuvius-challenge-open-data.s3.amazonaws.com/PHerc0139/volumes/20250728140407-9.362um-1.2m-113keV-masked.zarr",
  "cutout": {
    "dtype": "uint8",
    "path": "/home/runner/work/scrollq/scrollq/artifacts/2026-10-03-pherc0139-sheetness-run/groups/surface-0020/cutout.npy",
    "sha256": "c519b39ca169e1233f25178a97b8365dbfcaa378f72ec18d594ff041ecd200e6",
    "shape_zyx": [
      18,
      41,
      28
    ]
  },
  "level": 0,
  "local_to_global": {
    "definition": "global_zyx = local_zyx + start_zyx",
    "kind": "integer-translation",
    "start_zyx": [
      6151,
      4083,
      2097
    ]
  },
  "schema": "scroliq-ct-cutout/1",
  "source_array": {
    "chunks_zyx": [
      128,
      128,
      128
    ],
    "dtype": "|u1",
    "path": "0",
    "shape_zyx": [
      20974,
      6621,
      6621
    ]
  },
  "source_attestation": {
    "absolute_scale_state": "unspecified",
    "algorithm": "zpa-metadata-semantics-v1",
    "axes": [
      "z",
      "y",
      "x"
    ],
    "base_declared_scale": [
      1.0,
      1.0,
      1.0
    ],
    "metadata_semantics_sha256": "58a956b0623bce7ba4f6fc38ec159cc4e500b2859b6619152574d5c9020c9bed",
    "spatial_axes": [
      {
        "index": 0,
        "name": "z",
        "unit": null
      },
      {
        "index": 1,
        "name": "y",
        "unit": null
      },
      {
        "index": 2,
        "name": "x",
        "unit": null
      }
    ],
    "state": "PRESENT"
  },
  "source_chunks": {
    "count": 2,
    "missing_count": 0,
    "touched_zyx": [
      [
        48,
        31,
        16
      ],
      [
        48,
        32,
        16
      ]
    ]
  },
  "status": "measured",
  "volume_root": "PHerc0139/volumes/20250728140407-9.362um-1.2m-113keV-masked.zarr",
  "zpa_report": {
    "integrity": "PASS",
    "path": "/home/runner/work/scrollq/scrollq/artifacts/2026-10-03-pherc0139-sheetness-prereg/zpa.json",
    "schema_version": "1.3.0",
    "sha256": "9a659bd974478032e1c4115c4e349ea4cd2711e090852500b7396bf480d92bdc"
  }
}
$ scroliq-sheetness /home/runner/work/scrollq/scrollq/artifacts/2026-10-03-pherc0139-sheetness-run/groups/surface-0020/cutout.npy --out-prefix /home/runner/work/scrollq/scrollq/artifacts/2026-10-03-pherc0139-sheetness-run/groups/surface-0020/sheetness --sigmas 0.8,1.2,1.8 --beta 0.5 --gamma 0.1 --bright-object --normalize-low 1.0 --normalize-high 99.0 --write-normal --max-voxels 2500000
{
  "input": {
    "dtype": "uint8",
    "path": "/home/runner/work/scrollq/scrollq/artifacts/2026-10-03-pherc0139-sheetness-run/groups/surface-0020/cutout.npy",
    "sha256": "c519b39ca169e1233f25178a97b8365dbfcaa378f72ec18d594ff041ecd200e6",
    "shape_zyx": [
      18,
      41,
      28
    ],
    "voxels": 20664
  },
  "kind": "sheetness",
  "method": "itk-hessian-objectness-m2-n3-compatible",
  "normal": {
    "basis": "ZYX voxel axes",
    "interpretation": "unit eigenvector of the largest-absolute Hessian eigenvalue at the winning scale; sign is arbitrary",
    "output_path": "/home/runner/work/scrollq/scrollq/artifacts/2026-10-03-pherc0139-sheetness-run/groups/surface-0020/sheetness.normal-zyx.npy",
    "output_sha256": "fcfcfdf7b9db23ce42ab6d4272c46fd17e023fe58ee0169215b674cb66f817e8"
  },
  "normalization": {
    "enabled": true,
    "lower_percentile": 1.0,
    "lower_value": 21.0,
    "upper_percentile": 99.0,
    "upper_value": 162.0
  },
  "parameters": {
    "beta": 0.5,
    "bright_object": true,
    "gamma": 0.1,
    "scale_objectness": false,
    "sigmas": [
      0.8,
      1.2,
      1.8
    ]
  },
  "per_scale": [
    {
      "response_max": 0.6860443949699402,
      "response_mean": 0.05292921140789986,
      "response_p99": 0.4593738615512848,
      "sigma": 0.8
    },
    {
      "response_max": 0.9331774115562439,
      "response_mean": 0.10668638348579407,
      "response_p99": 0.7244085073471069,
      "sigma": 1.2
    },
    {
      "response_max": 0.9521675705909729,
      "response_mean": 0.15476161241531372,
      "response_p99": 0.8418899178504944,
      "sigma": 1.8
    }
  ],
  "response": {
    "nonzero_fraction": 0.5749128919860628,
    "output_path": "/home/runner/work/scrollq/scrollq/artifacts/2026-10-03-pherc0139-sheetness-run/groups/surface-0020/sheetness.sheetness.npy",
    "output_sha256": "04adfd0628e378903c506239daa867b257f41000708a692f3ae9cb3af7b7c25e",
    "summary": {
      "max": 0.9521675705909729,
      "mean": 0.16226904094219208,
      "min": 0.0,
      "p50": 0.03659185767173767,
      "p90": 0.5164461135864258,
      "p99": 0.8468068838119507
    }
  },
  "schema_version": 1,
  "scope": "local 3-D cutout diagnostic; not by itself evidence of correct papyrus identity, winding identity, recto/verso, or readable ink",
  "status": "measured",
  "winning_scale": {
    "counts": {
      "0.800000011920929": 9793,
      "1.2000000476837158": 2287,
      "1.7999999523162842": 8584
    },
    "output_path": "/home/runner/work/scrollq/scrollq/artifacts/2026-10-03-pherc0139-sheetness-run/groups/surface-0020/sheetness.scale.npy",
    "output_sha256": "17295c5ff9d1731535d532c99c0a28062a4302673d9f0010886c02a67700485f"
  }
}
$ scroliq-sheetness-campaign seal-group --plan /home/runner/work/scrollq/scrollq/artifacts/2026-10-03-pherc0139-sheetness-campaign/campaign-plan.json --group-id surface-0020 --cutout-manifest /home/runner/work/scrollq/scrollq/artifacts/2026-10-03-pherc0139-sheetness-run/groups/surface-0020/cutout.json --sheetness-report /home/runner/work/scrollq/scrollq/artifacts/2026-10-03-pherc0139-sheetness-run/groups/surface-0020/sheetness.sheetness.json --out /home/runner/work/scrollq/scrollq/artifacts/2026-10-03-pherc0139-sheetness-run/specs/surface-0020.json
{
  "campaign_decision_rule": {
    "min_median_abs_cosine": 0.7,
    "min_median_normal_offset_margin": 0.0,
    "min_normal_completeness": 1.0,
    "min_normal_offset_win_fraction": 0.75,
    "min_score_completeness": 1.0
  },
  "campaign_group_id": "surface-0020",
  "campaign_plan_canonical_sha256": "f2f9817b2f5b71878ff8b82b481d8f17db601cd864c595a563633fcc9aea1439",
  "campaign_plan_sha256": "76c58373d2acd5513c505824832b3628b2edaf695072cfb48560fb8646a45a2e",
  "campaign_schema": "scroliq-sheetness-campaign/1",
  "claim_boundary": "This v3 spec materializes one already-frozen campaign group against the exact deterministic sheetness report/cutout bytes. Its local decision rule checks measurement completeness only; the scientific pass/fail rule is applied across all frozen groups by scroliq-sheetness-campaign aggregate.",
  "cutout_manifest_sha256": "0adbd2389c88cc95ac69f6788e871dab852d5d20be13a0115079a1a5bafa64a6",
  "decision_rule": {
    "min_median_abs_cosine": 0.0,
    "min_median_normal_offset_margin": -1.0,
    "min_normal_completeness": 1.0,
    "min_normal_offset_win_fraction": 0.0,
    "min_score_completeness": 1.0
  },
  "frozen_engine": {
    "code_revision": "65bb493b87795011e1bed1ed0b2e0272e0f5a733",
    "max_voxels": 2500000,
    "method": "itk-hessian-objectness-m2-n3-compatible",
    "normalization": {
      "enabled": true,
      "lower_percentile": 1.0,
      "upper_percentile": 99.0
    },
    "parameters": {
      "beta": 0.5,
      "bright_object": true,
      "gamma": 0.1,
      "scale_objectness": false,
      "sigmas": [
        0.8,
        1.2,
        1.8
      ]
    },
    "seed": null,
    "sheetness_benchmark_py_sha256": "0c0b3b5c4eeedfc8a5002b356439c874849301588c5a1c2ee53e9cf43eb88e79",
    "sheetness_campaign_py_sha256": "6ba6a78cb5ab45c8ddb462df59f99034ce0697617d3e3502e61b5f57b411a243",
    "sheetness_py_sha256": "d04c84aaadad5d3b42f372b9702c3980ae4dad8cc895fa0b02c9264d44473a51",
    "stochastic": false,
    "write_normal": true
  },
  "groups": [
    {
      "controls": [
        {
          "id": "surface-0020-offset-01",
          "role": "normal-offset",
          "zyx": [
            8.16650498609306,
            16.993373520249406,
            14.923818621398823
          ]
        },
        {
          "id": "surface-0020-offset-02",
          "role": "normal-offset",
          "zyx": [
            8.17700249304653,
            20.68516332262425,
            13.384150521636911
          ]
        },
        {
          "id": "surface-0020-offset-03",
          "role": "normal-offset",
          "zyx": [
            8.19799750695347,
            28.06874292737575,
            10.304814322113089
          ]
        },
        {
          "id": "surface-0020-offset-04",
          "role": "normal-offset",
          "zyx": [
            8.20849501390694,
            31.760532729750594,
            8.765146222351177
          ]
        },
        {
          "id": "surface-0020-wrong-wrap",
          "role": "wrong-wrap",
          "zyx": [
            8.142885595447297,
            8.686846464904647,
            18.38807184586358
          ]
        }
      ],
      "id": "surface-0020",
      "surface": {
        "reference_normal_zyx": [
          0.0026243767383799317,
          0.9229474505938494,
          -0.38491702494050456
        ],
        "zyx": [
          8.1875,
          24.376953125,
          11.844482421875
        ]
      }
    }
  ],
  "input_sha256": "c519b39ca169e1233f25178a97b8365dbfcaa378f72ec18d594ff041ecd200e6",
  "schema_version": 3,
  "sheetness_report_sha256": "8e2e853c88aeb1d0b387ab14db6c7b07eef4c9d31d6608330f1ee6b3f03311b9",
  "source_attestation": {
    "algorithm": "zpa-metadata-semantics-v1",
    "metadata_semantics_sha256": "58a956b0623bce7ba4f6fc38ec159cc4e500b2859b6619152574d5c9020c9bed",
    "state": "PRESENT"
  },
  "volume_root": "PHerc0139/volumes/20250728140407-9.362um-1.2m-113keV-masked.zarr"
}
$ scroliq-sheetness-eval --spec /home/runner/work/scrollq/scrollq/artifacts/2026-10-03-pherc0139-sheetness-run/specs/surface-0020.json --cutout-manifest /home/runner/work/scrollq/scrollq/artifacts/2026-10-03-pherc0139-sheetness-run/groups/surface-0020/cutout.json --report /home/runner/work/scrollq/scrollq/artifacts/2026-10-03-pherc0139-sheetness-run/groups/surface-0020/sheetness.sheetness.json --response /home/runner/work/scrollq/scrollq/artifacts/2026-10-03-pherc0139-sheetness-run/groups/surface-0020/sheetness.sheetness.npy --normal /home/runner/work/scrollq/scrollq/artifacts/2026-10-03-pherc0139-sheetness-run/groups/surface-0020/sheetness.normal-zyx.npy --out /home/runner/work/scrollq/scrollq/artifacts/2026-10-03-pherc0139-sheetness-run/results/surface-0020.json
{
  "claim_boundary": "This result tests whether a frozen sheetness field localizes a candidate surface relative to deliberate normal offsets on an exact audited CT volume. Wrong-wrap/competing-sheet probes are retained as mandatory descriptive controls, not a pass/fail target, because another papyrus sheet is itself sheet-like. This does not establish physical sheet identity/topology or demonstrate readable ink.",
  "decision_checks": {
    "median_abs_cosine": true,
    "median_normal_offset_margin": true,
    "normal_completeness": true,
    "normal_offset_win_fraction": true,
    "score_completeness": true
  },
  "engine": {
    "method": "itk-hessian-objectness-m2-n3-compatible",
    "normalization": {
      "enabled": true,
      "lower_percentile": 1.0,
      "lower_value": 21.0,
      "upper_percentile": 99.0,
      "upper_value": 162.0
    },
    "parameters": {
      "beta": 0.5,
      "bright_object": true,
      "gamma": 0.1,
      "scale_objectness": false,
      "sigmas": [
        0.8,
        1.2,
        1.8
      ]
    },
    "report_sha256": "8e2e853c88aeb1d0b387ab14db6c7b07eef4c9d31d6608330f1ee6b3f03311b9",
    "seed": null,
    "stochastic": false
  },
  "groups": [
    {
      "controls": [
        {
          "failure": null,
          "global_zyx": [
            6159.166504986093,
            4099.993373520249,
            2111.923818621399
          ],
          "id": "surface-0020-offset-01",
          "role": "normal-offset",
          "score": 0.23829455463839103,
          "zyx": [
            8.16650498609306,
            16.993373520249406,
            14.923818621398823
          ]
        },
        {
          "failure": null,
          "global_zyx": [
            6159.1770024930465,
            4103.685163322624,
            2110.384150521637
          ],
          "id": "surface-0020-offset-02",
          "role": "normal-offset",
          "score": 0.0,
          "zyx": [
            8.17700249304653,
            20.68516332262425,
            13.384150521636911
          ]
        },
        {
          "failure": null,
          "global_zyx": [
            6159.1979975069535,
            4111.068742927376,
            2107.304814322113
          ],
          "id": "surface-0020-offset-03",
          "role": "normal-offset",
          "score": 0.3266450255659881,
          "zyx": [
            8.19799750695347,
            28.06874292737575,
            10.304814322113089
          ]
        },
        {
          "failure": null,
          "global_zyx": [
            6159.208495013907,
            4114.760532729751,
            2105.765146222351
          ],
          "id": "surface-0020-offset-04",
          "role": "normal-offset",
          "score": 0.13811751406152004,
          "zyx": [
            8.20849501390694,
            31.760532729750594,
            8.765146222351177
          ]
        },
        {
          "failure": null,
          "global_zyx": [
            6159.142885595447,
            4091.6868464649046,
            2115.3880718458636
          ],
          "id": "surface-0020-wrong-wrap",
          "role": "wrong-wrap",
          "score": 0.8407047034581026,
          "zyx": [
            8.142885595447297,
            8.686846464904647,
            18.38807184586358
          ]
        }
      ],
      "id": "surface-0020",
      "score_complete": true,
      "surface": {
        "global_zyx": [
          6159.1875,
          4107.376953125,
          2108.844482421875
        ],
        "normal_failure": null,
        "predicted_normal_abs_cosine": 0.9171170162495709,
        "reference_normal_zyx": [
          0.0026243767383799317,
          0.9229474505938494,
          -0.38491702494050456
        ],
        "score": 0.028549715637793627,
        "score_failure": null,
        "zyx": [
          8.1875,
          24.376953125,
          11.844482421875
        ]
      },
      "surface_beats_all_normal_offsets": false,
      "surface_beats_all_wrong_wraps": false,
      "surface_minus_best_normal_offset": -0.2980953099281945,
      "surface_minus_best_wrong_wrap": -0.8121549878203089
    }
  ],
  "inputs": {
    "cutout_manifest_sha256": "0adbd2389c88cc95ac69f6788e871dab852d5d20be13a0115079a1a5bafa64a6",
    "cutout_sha256": "c519b39ca169e1233f25178a97b8365dbfcaa378f72ec18d594ff041ecd200e6",
    "global_bbox_zyx_half_open": {
      "start": [
        6151,
        4083,
        2097
      ],
      "stop": [
        6169,
        4124,
        2125
      ]
    },
    "normal_sha256": "fcfcfdf7b9db23ce42ab6d4272c46fd17e023fe58ee0169215b674cb66f817e8",
    "response_sha256": "04adfd0628e378903c506239daa867b257f41000708a692f3ae9cb3af7b7c25e",
    "shape_zyx": [
      18,
      41,
      28
    ],
    "zpa_report_sha256": "9a659bd974478032e1c4115c4e349ea4cd2711e090852500b7396bf480d92bdc"
  },
  "metrics": {
    "group_count": 1,
    "median_abs_cosine": 0.9171170162495709,
    "median_surface_minus_best_normal_offset": -0.2980953099281945,
    "median_surface_minus_best_wrong_wrap_descriptive": -0.8121549878203089,
    "normal_complete_count": 1,
    "normal_completeness": 1.0,
    "normal_offset_win_count": 0,
    "normal_offset_win_fraction": 0.0,
    "score_complete_count": 1,
    "score_completeness": 1.0,
    "wrong_wrap_win_count_descriptive": 0,
    "wrong_wrap_win_fraction_descriptive": 0.0
  },
  "schema": "scroliq-sheetness-benchmark/3",
  "source_attestation": {
    "algorithm": "zpa-metadata-semantics-v1",
    "metadata_semantics_sha256": "58a956b0623bce7ba4f6fc38ec159cc4e500b2859b6619152574d5c9020c9bed",
    "state": "PRESENT"
  },
  "spec": {
    "canonical_sha256": "4126513ce440c9902525a06596252949580b6528435142f4d90bc83ea14d9dda",
    "decision_rule": {
      "min_median_abs_cosine": 0.0,
      "min_median_normal_offset_margin": -1.0,
      "min_normal_completeness": 1.0,
      "min_normal_offset_win_fraction": 0.0,
      "min_score_completeness": 1.0
    },
    "file_sha256": "730d674b241cfcd5e39182948fc126b2103e8815d0794a7e645f5dfbd0d4b9fa"
  },
  "status": "pass",
  "volume_root": "PHerc0139/volumes/20250728140407-9.362um-1.2m-113keV-masked.zarr",
  "wrong_wrap_interpretation": "descriptive-only: a genuine competing papyrus sheet is also expected to be sheet-like, so wrong-wrap response measures the method's sheet-identity limitation and is not a pass/fail criterion"
}
$ scroliq-ct-cutout --ct-url https://vesuvius-challenge-open-data.s3.amazonaws.com/PHerc0139/volumes/20250728140407-9.362um-1.2m-113keV-masked.zarr --volume-root PHerc0139/volumes/20250728140407-9.362um-1.2m-113keV-masked.zarr --zpa-report /home/runner/work/scrollq/scrollq/artifacts/2026-10-03-pherc0139-sheetness-prereg/zpa.json --start 6230,2730,3100 --stop 6249,2770,3129 --out /home/runner/work/scrollq/scrollq/artifacts/2026-10-03-pherc0139-sheetness-run/groups/surface-0021/cutout.npy --manifest /home/runner/work/scrollq/scrollq/artifacts/2026-10-03-pherc0139-sheetness-run/groups/surface-0021/cutout.json
{
  "bbox_zyx_half_open": {
    "start": [
      6230,
      2730,
      3100
    ],
    "stop": [
      6249,
      2770,
      3129
    ]
  },
  "claim_boundary": "This manifest binds one local NumPy cutout to an exact audited level-0 ZYX box and records every touched source chunk. It does not establish papyrus sheet identity, topology, ink, or readability.",
  "coordinate_space": "level0-voxel-index",
  "ct_url": "https://vesuvius-challenge-open-data.s3.amazonaws.com/PHerc0139/volumes/20250728140407-9.362um-1.2m-113keV-masked.zarr",
  "cutout": {
    "dtype": "uint8",
    "path": "/home/runner/work/scrollq/scrollq/artifacts/2026-10-03-pherc0139-sheetness-run/groups/surface-0021/cutout.npy",
    "sha256": "c85d8e010292dacab90ed8ff8b3d0da4e0fa104ab5b7b372bb2251ca92922d32",
    "shape_zyx": [
      19,
      40,
      29
    ]
  },
  "level": 0,
  "local_to_global": {
    "definition": "global_zyx = local_zyx + start_zyx",
    "kind": "integer-translation",
    "start_zyx": [
      6230,
      2730,
      3100
    ]
  },
  "schema": "scroliq-ct-cutout/1",
  "source_array": {
    "chunks_zyx": [
      128,
      128,
      128
    ],
    "dtype": "|u1",
    "path": "0",
    "shape_zyx": [
      20974,
      6621,
      6621
    ]
  },
  "source_attestation": {
    "absolute_scale_state": "unspecified",
    "algorithm": "zpa-metadata-semantics-v1",
    "axes": [
      "z",
      "y",
      "x"
    ],
    "base_declared_scale": [
      1.0,
      1.0,
      1.0
    ],
    "metadata_semantics_sha256": "58a956b0623bce7ba4f6fc38ec159cc4e500b2859b6619152574d5c9020c9bed",
    "spatial_axes": [
      {
        "index": 0,
        "name": "z",
        "unit": null
      },
      {
        "index": 1,
        "name": "y",
        "unit": null
      },
      {
        "index": 2,
        "name": "x",
        "unit": null
      }
    ],
    "state": "PRESENT"
  },
  "source_chunks": {
    "count": 1,
    "missing_count": 0,
    "touched_zyx": [
      [
        48,
        21,
        24
      ]
    ]
  },
  "status": "measured",
  "volume_root": "PHerc0139/volumes/20250728140407-9.362um-1.2m-113keV-masked.zarr",
  "zpa_report": {
    "integrity": "PASS",
    "path": "/home/runner/work/scrollq/scrollq/artifacts/2026-10-03-pherc0139-sheetness-prereg/zpa.json",
    "schema_version": "1.3.0",
    "sha256": "9a659bd974478032e1c4115c4e349ea4cd2711e090852500b7396bf480d92bdc"
  }
}
$ scroliq-sheetness /home/runner/work/scrollq/scrollq/artifacts/2026-10-03-pherc0139-sheetness-run/groups/surface-0021/cutout.npy --out-prefix /home/runner/work/scrollq/scrollq/artifacts/2026-10-03-pherc0139-sheetness-run/groups/surface-0021/sheetness --sigmas 0.8,1.2,1.8 --beta 0.5 --gamma 0.1 --bright-object --normalize-low 1.0 --normalize-high 99.0 --write-normal --max-voxels 2500000
{
  "input": {
    "dtype": "uint8",
    "path": "/home/runner/work/scrollq/scrollq/artifacts/2026-10-03-pherc0139-sheetness-run/groups/surface-0021/cutout.npy",
    "sha256": "c85d8e010292dacab90ed8ff8b3d0da4e0fa104ab5b7b372bb2251ca92922d32",
    "shape_zyx": [
      19,
      40,
      29
    ],
    "voxels": 22040
  },
  "kind": "sheetness",
  "method": "itk-hessian-objectness-m2-n3-compatible",
  "normal": {
    "basis": "ZYX voxel axes",
    "interpretation": "unit eigenvector of the largest-absolute Hessian eigenvalue at the winning scale; sign is arbitrary",
    "output_path": "/home/runner/work/scrollq/scrollq/artifacts/2026-10-03-pherc0139-sheetness-run/groups/surface-0021/sheetness.normal-zyx.npy",
    "output_sha256": "1129a9756834753b316d70b44beea93e00f756e882084a3c6017e5008ab0797a"
  },
  "normalization": {
    "enabled": true,
    "lower_percentile": 1.0,
    "lower_value": 26.0,
    "upper_percentile": 99.0,
    "upper_value": 167.0
  },
  "parameters": {
    "beta": 0.5,
    "bright_object": true,
    "gamma": 0.1,
    "scale_objectness": false,
    "sigmas": [
      0.8,
      1.2,
      1.8
    ]
  },
  "per_scale": [
    {
      "response_max": 0.8429986238479614,
      "response_mean": 0.07969797402620316,
      "response_p99": 0.7069997191429138,
      "sigma": 0.8
    },
    {
      "response_max": 0.97640061378479,
      "response_mean": 0.13922686874866486,
      "response_p99": 0.9171389937400818,
      "sigma": 1.2
    },
    {
      "response_max": 0.992460310459137,
      "response_mean": 0.18350687623023987,
      "response_p99": 0.9629057049751282,
      "sigma": 1.8
    }
  ],
  "response": {
    "nonzero_fraction": 0.5593012704174228,
    "output_path": "/home/runner/work/scrollq/scrollq/artifacts/2026-10-03-pherc0139-sheetness-run/groups/surface-0021/sheetness.sheetness.npy",
    "output_sha256": "58f2055e322f9baeb72696d55c6226f6f5427e665c37cd0c4ac5aa7f4cd5321b",
    "summary": {
      "max": 0.992460310459137,
      "mean": 0.18977709114551544,
      "min": 0.0,
      "p50": 0.003101663663983345,
      "p90": 0.7545678019523621,
      "p99": 0.9629057049751282
    }
  },
  "schema_version": 1,
  "scope": "local 3-D cutout diagnostic; not by itself evidence of correct papyrus identity, winding identity, recto/verso, or readable ink",
  "status": "measured",
  "winning_scale": {
    "counts": {
      "0.800000011920929": 11364,
      "1.2000000476837158": 2706,
      "1.7999999523162842": 7970
    },
    "output_path": "/home/runner/work/scrollq/scrollq/artifacts/2026-10-03-pherc0139-sheetness-run/groups/surface-0021/sheetness.scale.npy",
    "output_sha256": "f40949be2d4910c34ac5907ba81b938a43b7cad6d16059d84be43eecbd398d8b"
  }
}
$ scroliq-sheetness-campaign seal-group --plan /home/runner/work/scrollq/scrollq/artifacts/2026-10-03-pherc0139-sheetness-campaign/campaign-plan.json --group-id surface-0021 --cutout-manifest /home/runner/work/scrollq/scrollq/artifacts/2026-10-03-pherc0139-sheetness-run/groups/surface-0021/cutout.json --sheetness-report /home/runner/work/scrollq/scrollq/artifacts/2026-10-03-pherc0139-sheetness-run/groups/surface-0021/sheetness.sheetness.json --out /home/runner/work/scrollq/scrollq/artifacts/2026-10-03-pherc0139-sheetness-run/specs/surface-0021.json
{
  "campaign_decision_rule": {
    "min_median_abs_cosine": 0.7,
    "min_median_normal_offset_margin": 0.0,
    "min_normal_completeness": 1.0,
    "min_normal_offset_win_fraction": 0.75,
    "min_score_completeness": 1.0
  },
  "campaign_group_id": "surface-0021",
  "campaign_plan_canonical_sha256": "f2f9817b2f5b71878ff8b82b481d8f17db601cd864c595a563633fcc9aea1439",
  "campaign_plan_sha256": "76c58373d2acd5513c505824832b3628b2edaf695072cfb48560fb8646a45a2e",
  "campaign_schema": "scroliq-sheetness-campaign/1",
  "claim_boundary": "This v3 spec materializes one already-frozen campaign group against the exact deterministic sheetness report/cutout bytes. Its local decision rule checks measurement completeness only; the scientific pass/fail rule is applied across all frozen groups by scroliq-sheetness-campaign aggregate.",
  "cutout_manifest_sha256": "032da3daf790f3794e840706d227d2a729eb77a336ce5f8397475a990b5a3261",
  "decision_rule": {
    "min_median_abs_cosine": 0.0,
    "min_median_normal_offset_margin": -1.0,
    "min_normal_completeness": 1.0,
    "min_normal_offset_win_fraction": 0.0,
    "min_score_completeness": 1.0
  },
  "frozen_engine": {
    "code_revision": "65bb493b87795011e1bed1ed0b2e0272e0f5a733",
    "max_voxels": 2500000,
    "method": "itk-hessian-objectness-m2-n3-compatible",
    "normalization": {
      "enabled": true,
      "lower_percentile": 1.0,
      "upper_percentile": 99.0
    },
    "parameters": {
      "beta": 0.5,
      "bright_object": true,
      "gamma": 0.1,
      "scale_objectness": false,
      "sigmas": [
        0.8,
        1.2,
        1.8
      ]
    },
    "seed": null,
    "sheetness_benchmark_py_sha256": "0c0b3b5c4eeedfc8a5002b356439c874849301588c5a1c2ee53e9cf43eb88e79",
    "sheetness_campaign_py_sha256": "6ba6a78cb5ab45c8ddb462df59f99034ce0697617d3e3502e61b5f57b411a243",
    "sheetness_py_sha256": "d04c84aaadad5d3b42f372b9702c3980ae4dad8cc895fa0b02c9264d44473a51",
    "stochastic": false,
    "write_normal": true
  },
  "groups": [
    {
      "controls": [
        {
          "id": "surface-0021-offset-01",
          "role": "normal-offset",
          "zyx": [
            9.054330995362761,
            22.479878398845358,
            15.819916678512527
          ]
        },
        {
          "id": "surface-0021-offset-02",
          "role": "normal-offset",
          "zyx": [
            9.07916745080638,
            18.90900658223518,
            14.017624354881264
          ]
        },
        {
          "id": "surface-0021-offset-03",
          "role": "normal-offset",
          "zyx": [
            9.12884036169362,
            11.767262949014821,
            10.413039707618736
          ]
        },
        {
          "id": "surface-0021-offset-04",
          "role": "normal-offset",
          "zyx": [
            9.153676817137239,
            8.196391132404642,
            8.610747383987473
          ]
        },
        {
          "id": "surface-0021-wrong-wrap",
          "role": "wrong-wrap",
          "zyx": [
            8.998448970614845,
            30.514339986218147,
            19.875074406683325
          ]
        }
      ],
      "id": "surface-0021",
      "surface": {
        "reference_normal_zyx": [
          0.006209113860864903,
          -0.892717954152531,
          -0.4505730809078395
        ],
        "zyx": [
          9.10400390625,
          15.338134765625,
          12.21533203125
        ]
      }
    }
  ],
  "input_sha256": "c85d8e010292dacab90ed8ff8b3d0da4e0fa104ab5b7b372bb2251ca92922d32",
  "schema_version": 3,
  "sheetness_report_sha256": "ad8748d85de3ca2796e826a880dd6b1a3bddbd5d657cd7dd707523b870bebb79",
  "source_attestation": {
    "algorithm": "zpa-metadata-semantics-v1",
    "metadata_semantics_sha256": "58a956b0623bce7ba4f6fc38ec159cc4e500b2859b6619152574d5c9020c9bed",
    "state": "PRESENT"
  },
  "volume_root": "PHerc0139/volumes/20250728140407-9.362um-1.2m-113keV-masked.zarr"
}
$ scroliq-sheetness-eval --spec /home/runner/work/scrollq/scrollq/artifacts/2026-10-03-pherc0139-sheetness-run/specs/surface-0021.json --cutout-manifest /home/runner/work/scrollq/scrollq/artifacts/2026-10-03-pherc0139-sheetness-run/groups/surface-0021/cutout.json --report /home/runner/work/scrollq/scrollq/artifacts/2026-10-03-pherc0139-sheetness-run/groups/surface-0021/sheetness.sheetness.json --response /home/runner/work/scrollq/scrollq/artifacts/2026-10-03-pherc0139-sheetness-run/groups/surface-0021/sheetness.sheetness.npy --normal /home/runner/work/scrollq/scrollq/artifacts/2026-10-03-pherc0139-sheetness-run/groups/surface-0021/sheetness.normal-zyx.npy --out /home/runner/work/scrollq/scrollq/artifacts/2026-10-03-pherc0139-sheetness-run/results/surface-0021.json
{
  "claim_boundary": "This result tests whether a frozen sheetness field localizes a candidate surface relative to deliberate normal offsets on an exact audited CT volume. Wrong-wrap/competing-sheet probes are retained as mandatory descriptive controls, not a pass/fail target, because another papyrus sheet is itself sheet-like. This does not establish physical sheet identity/topology or demonstrate readable ink.",
  "decision_checks": {
    "median_abs_cosine": true,
    "median_normal_offset_margin": true,
    "normal_completeness": true,
    "normal_offset_win_fraction": true,
    "score_completeness": true
  },
  "engine": {
    "method": "itk-hessian-objectness-m2-n3-compatible",
    "normalization": {
      "enabled": true,
      "lower_percentile": 1.0,
      "lower_value": 26.0,
      "upper_percentile": 99.0,
      "upper_value": 167.0
    },
    "parameters": {
      "beta": 0.5,
      "bright_object": true,
      "gamma": 0.1,
      "scale_objectness": false,
      "sigmas": [
        0.8,
        1.2,
        1.8
      ]
    },
    "report_sha256": "ad8748d85de3ca2796e826a880dd6b1a3bddbd5d657cd7dd707523b870bebb79",
    "seed": null,
    "stochastic": false
  },
  "groups": [
    {
      "controls": [
        {
          "failure": null,
          "global_zyx": [
            6239.054330995363,
            2752.4798783988454,
            3115.8199166785125
          ],
          "id": "surface-0021-offset-01",
          "role": "normal-offset",
          "score": 0.0,
          "zyx": [
            9.054330995362761,
            22.479878398845358,
            15.819916678512527
          ]
        },
        {
          "failure": null,
          "global_zyx": [
            6239.079167450806,
            2748.909006582235,
            3114.0176243548813
          ],
          "id": "surface-0021-offset-02",
          "role": "normal-offset",
          "score": 0.011469373496026437,
          "zyx": [
            9.07916745080638,
            18.90900658223518,
            14.017624354881264
          ]
        },
        {
          "failure": null,
          "global_zyx": [
            6239.128840361694,
            2741.767262949015,
            3110.4130397076187
          ],
          "id": "surface-0021-offset-03",
          "role": "normal-offset",
          "score": 0.10737570327725275,
          "zyx": [
            9.12884036169362,
            11.767262949014821,
            10.413039707618736
          ]
        },
        {
          "failure": null,
          "global_zyx": [
            6239.153676817137,
            2738.1963911324046,
            3108.6107473839875
          ],
          "id": "surface-0021-offset-04",
          "role": "normal-offset",
          "score": 0.4600758172655662,
          "zyx": [
            9.153676817137239,
            8.196391132404642,
            8.610747383987473
          ]
        },
        {
          "failure": null,
          "global_zyx": [
            6238.998448970615,
            2760.514339986218,
            3119.8750744066833
          ],
          "id": "surface-0021-wrong-wrap",
          "role": "wrong-wrap",
          "score": 0.013027702700981887,
          "zyx": [
            8.998448970614845,
            30.514339986218147,
            19.875074406683325
          ]
        }
      ],
      "id": "surface-0021",
      "score_complete": true,
      "surface": {
        "global_zyx": [
          6239.10400390625,
          2745.338134765625,
          3112.21533203125
        ],
        "normal_failure": null,
        "predicted_normal_abs_cosine": 0.9671278390037195,
        "reference_normal_zyx": [
          0.006209113860864903,
          -0.892717954152531,
          -0.4505730809078395
        ],
        "score": 0.04875406782427312,
        "score_failure": null,
        "zyx": [
          9.10400390625,
          15.338134765625,
          12.21533203125
        ]
      },
      "surface_beats_all_normal_offsets": false,
      "surface_beats_all_wrong_wraps": true,
      "surface_minus_best_normal_offset": -0.41132174944129307,
      "surface_minus_best_wrong_wrap": 0.035726365123291234
    }
  ],
  "inputs": {
    "cutout_manifest_sha256": "032da3daf790f3794e840706d227d2a729eb77a336ce5f8397475a990b5a3261",
    "cutout_sha256": "c85d8e010292dacab90ed8ff8b3d0da4e0fa104ab5b7b372bb2251ca92922d32",
    "global_bbox_zyx_half_open": {
      "start": [
        6230,
        2730,
        3100
      ],
      "stop": [
        6249,
        2770,
        3129
      ]
    },
    "normal_sha256": "1129a9756834753b316d70b44beea93e00f756e882084a3c6017e5008ab0797a",
    "response_sha256": "58f2055e322f9baeb72696d55c6226f6f5427e665c37cd0c4ac5aa7f4cd5321b",
    "shape_zyx": [
      19,
      40,
      29
    ],
    "zpa_report_sha256": "9a659bd974478032e1c4115c4e349ea4cd2711e090852500b7396bf480d92bdc"
  },
  "metrics": {
    "group_count": 1,
    "median_abs_cosine": 0.9671278390037195,
    "median_surface_minus_best_normal_offset": -0.41132174944129307,
    "median_surface_minus_best_wrong_wrap_descriptive": 0.035726365123291234,
    "normal_complete_count": 1,
    "normal_completeness": 1.0,
    "normal_offset_win_count": 0,
    "normal_offset_win_fraction": 0.0,
    "score_complete_count": 1,
    "score_completeness": 1.0,
    "wrong_wrap_win_count_descriptive": 1,
    "wrong_wrap_win_fraction_descriptive": 1.0
  },
  "schema": "scroliq-sheetness-benchmark/3",
  "source_attestation": {
    "algorithm": "zpa-metadata-semantics-v1",
    "metadata_semantics_sha256": "58a956b0623bce7ba4f6fc38ec159cc4e500b2859b6619152574d5c9020c9bed",
    "state": "PRESENT"
  },
  "spec": {
    "canonical_sha256": "7a79d626a9d193e61d8ed6caf5044ad1dc0675d7c11fcfd05fce005eeca55c39",
    "decision_rule": {
      "min_median_abs_cosine": 0.0,
      "min_median_normal_offset_margin": -1.0,
      "min_normal_completeness": 1.0,
      "min_normal_offset_win_fraction": 0.0,
      "min_score_completeness": 1.0
    },
    "file_sha256": "6b280cb4b71c7644262f0455beaf74e95fc61eec49197bfe26143e6eba703dbe"
  },
  "status": "pass",
  "volume_root": "PHerc0139/volumes/20250728140407-9.362um-1.2m-113keV-masked.zarr",
  "wrong_wrap_interpretation": "descriptive-only: a genuine competing papyrus sheet is also expected to be sheet-like, so wrong-wrap response measures the method's sheet-identity limitation and is not a pass/fail criterion"
}
$ scroliq-ct-cutout --ct-url https://vesuvius-challenge-open-data.s3.amazonaws.com/PHerc0139/volumes/20250728140407-9.362um-1.2m-113keV-masked.zarr --volume-root PHerc0139/volumes/20250728140407-9.362um-1.2m-113keV-masked.zarr --zpa-report /home/runner/work/scrollq/scrollq/artifacts/2026-10-03-pherc0139-sheetness-prereg/zpa.json --start 6377,2921,3465 --stop 6395,2967,3498 --out /home/runner/work/scrollq/scrollq/artifacts/2026-10-03-pherc0139-sheetness-run/groups/surface-0022/cutout.npy --manifest /home/runner/work/scrollq/scrollq/artifacts/2026-10-03-pherc0139-sheetness-run/groups/surface-0022/cutout.json
{
  "bbox_zyx_half_open": {
    "start": [
      6377,
      2921,
      3465
    ],
    "stop": [
      6395,
      2967,
      3498
    ]
  },
  "claim_boundary": "This manifest binds one local NumPy cutout to an exact audited level-0 ZYX box and records every touched source chunk. It does not establish papyrus sheet identity, topology, ink, or readability.",
  "coordinate_space": "level0-voxel-index",
  "ct_url": "https://vesuvius-challenge-open-data.s3.amazonaws.com/PHerc0139/volumes/20250728140407-9.362um-1.2m-113keV-masked.zarr",
  "cutout": {
    "dtype": "uint8",
    "path": "/home/runner/work/scrollq/scrollq/artifacts/2026-10-03-pherc0139-sheetness-run/groups/surface-0022/cutout.npy",
    "sha256": "49da09315f641d3779785f5de738e0a4f521672dcfef3d30290324806b738535",
    "shape_zyx": [
      18,
      46,
      33
    ]
  },
  "level": 0,
  "local_to_global": {
    "definition": "global_zyx = local_zyx + start_zyx",
    "kind": "integer-translation",
    "start_zyx": [
      6377,
      2921,
      3465
    ]
  },
  "schema": "scroliq-ct-cutout/1",
  "source_array": {
    "chunks_zyx": [
      128,
      128,
      128
    ],
    "dtype": "|u1",
    "path": "0",
    "shape_zyx": [
      20974,
      6621,
      6621
    ]
  },
  "source_attestation": {
    "absolute_scale_state": "unspecified",
    "algorithm": "zpa-metadata-semantics-v1",
    "axes": [
      "z",
      "y",
      "x"
    ],
    "base_declared_scale": [
      1.0,
      1.0,
      1.0
    ],
    "metadata_semantics_sha256": "58a956b0623bce7ba4f6fc38ec159cc4e500b2859b6619152574d5c9020c9bed",
    "spatial_axes": [
      {
        "index": 0,
        "name": "z",
        "unit": null
      },
      {
        "index": 1,
        "name": "y",
        "unit": null
      },
      {
        "index": 2,
        "name": "x",
        "unit": null
      }
    ],
    "state": "PRESENT"
  },
  "source_chunks": {
    "count": 2,
    "missing_count": 0,
    "touched_zyx": [
      [
        49,
        22,
        27
      ],
      [
        49,
        23,
        27
      ]
    ]
  },
  "status": "measured",
  "volume_root": "PHerc0139/volumes/20250728140407-9.362um-1.2m-113keV-masked.zarr",
  "zpa_report": {
    "integrity": "PASS",
    "path": "/home/runner/work/scrollq/scrollq/artifacts/2026-10-03-pherc0139-sheetness-prereg/zpa.json",
    "schema_version": "1.3.0",
    "sha256": "9a659bd974478032e1c4115c4e349ea4cd2711e090852500b7396bf480d92bdc"
  }
}
$ scroliq-sheetness /home/runner/work/scrollq/scrollq/artifacts/2026-10-03-pherc0139-sheetness-run/groups/surface-0022/cutout.npy --out-prefix /home/runner/work/scrollq/scrollq/artifacts/2026-10-03-pherc0139-sheetness-run/groups/surface-0022/sheetness --sigmas 0.8,1.2,1.8 --beta 0.5 --gamma 0.1 --bright-object --normalize-low 1.0 --normalize-high 99.0 --write-normal --max-voxels 2500000
{
  "input": {
    "dtype": "uint8",
    "path": "/home/runner/work/scrollq/scrollq/artifacts/2026-10-03-pherc0139-sheetness-run/groups/surface-0022/cutout.npy",
    "sha256": "49da09315f641d3779785f5de738e0a4f521672dcfef3d30290324806b738535",
    "shape_zyx": [
      18,
      46,
      33
    ],
    "voxels": 27324
  },
  "kind": "sheetness",
  "method": "itk-hessian-objectness-m2-n3-compatible",
  "normal": {
    "basis": "ZYX voxel axes",
    "interpretation": "unit eigenvector of the largest-absolute Hessian eigenvalue at the winning scale; sign is arbitrary",
    "output_path": "/home/runner/work/scrollq/scrollq/artifacts/2026-10-03-pherc0139-sheetness-run/groups/surface-0022/sheetness.normal-zyx.npy",
    "output_sha256": "cffacb727b52833cfcf3c9bb78e8ea4c31f21de972d40b30636accaea2fb1531"
  },
  "normalization": {
    "enabled": true,
    "lower_percentile": 1.0,
    "lower_value": 15.0,
    "upper_percentile": 99.0,
    "upper_value": 186.0
  },
  "parameters": {
    "beta": 0.5,
    "bright_object": true,
    "gamma": 0.1,
    "scale_objectness": false,
    "sigmas": [
      0.8,
      1.2,
      1.8
    ]
  },
  "per_scale": [
    {
      "response_max": 0.8163662552833557,
      "response_mean": 0.07910390198230743,
      "response_p99": 0.6170628070831299,
      "sigma": 0.8
    },
    {
      "response_max": 0.965313732624054,
      "response_mean": 0.13927456736564636,
      "response_p99": 0.8639207482337952,
      "sigma": 1.2
    },
    {
      "response_max": 0.9916364550590515,
      "response_mean": 0.17984126508235931,
      "response_p99": 0.9260373711585999,
      "sigma": 1.8
    }
  ],
  "response": {
    "nonzero_fraction": 0.5756111843068364,
    "output_path": "/home/runner/work/scrollq/scrollq/artifacts/2026-10-03-pherc0139-sheetness-run/groups/surface-0022/sheetness.sheetness.npy",
    "output_sha256": "d61e80d5951eefbf96cdbeff52a7f877664de109accebde08e95f02c92f9320d",
    "summary": {
      "max": 0.9916364550590515,
      "mean": 0.19038444757461548,
      "min": 0.0,
      "p50": 0.014541013166308403,
      "p90": 0.6661537885665894,
      "p99": 0.9261817932128906
    }
  },
  "schema_version": 1,
  "scope": "local 3-D cutout diagnostic; not by itself evidence of correct papyrus identity, winding identity, recto/verso, or readable ink",
  "status": "measured",
  "winning_scale": {
    "counts": {
      "0.800000011920929": 13674,
      "1.2000000476837158": 3612,
      "1.7999999523162842": 10038
    },
    "output_path": "/home/runner/work/scrollq/scrollq/artifacts/2026-10-03-pherc0139-sheetness-run/groups/surface-0022/sheetness.scale.npy",
    "output_sha256": "b21e6801d3cac5d263ef8ca7996b22f33aa8f625fae311be73099f3476bcfcf3"
  }
}
$ scroliq-sheetness-campaign seal-group --plan /home/runner/work/scrollq/scrollq/artifacts/2026-10-03-pherc0139-sheetness-campaign/campaign-plan.json --group-id surface-0022 --cutout-manifest /home/runner/work/scrollq/scrollq/artifacts/2026-10-03-pherc0139-sheetness-run/groups/surface-0022/cutout.json --sheetness-report /home/runner/work/scrollq/scrollq/artifacts/2026-10-03-pherc0139-sheetness-run/groups/surface-0022/sheetness.sheetness.json --out /home/runner/work/scrollq/scrollq/artifacts/2026-10-03-pherc0139-sheetness-run/specs/surface-0022.json
{
  "campaign_decision_rule": {
    "min_median_abs_cosine": 0.7,
    "min_median_normal_offset_margin": 0.0,
    "min_normal_completeness": 1.0,
    "min_normal_offset_win_fraction": 0.75,
    "min_score_completeness": 1.0
  },
  "campaign_group_id": "surface-0022",
  "campaign_plan_canonical_sha256": "f2f9817b2f5b71878ff8b82b481d8f17db601cd864c595a563633fcc9aea1439",
  "campaign_plan_sha256": "76c58373d2acd5513c505824832b3628b2edaf695072cfb48560fb8646a45a2e",
  "campaign_schema": "scroliq-sheetness-campaign/1",
  "claim_boundary": "This v3 spec materializes one already-frozen campaign group against the exact deterministic sheetness report/cutout bytes. Its local decision rule checks measurement completeness only; the scientific pass/fail rule is applied across all frozen groups by scroliq-sheetness-campaign aggregate.",
  "cutout_manifest_sha256": "77df1054c2e2e790c4c089b72d659e8af99a86226355a502f1ef529fb377993a",
  "decision_rule": {
    "min_median_abs_cosine": 0.0,
    "min_median_normal_offset_margin": -1.0,
    "min_normal_completeness": 1.0,
    "min_normal_offset_win_fraction": 0.0,
    "min_score_completeness": 1.0
  },
  "frozen_engine": {
    "code_revision": "65bb493b87795011e1bed1ed0b2e0272e0f5a733",
    "max_voxels": 2500000,
    "method": "itk-hessian-objectness-m2-n3-compatible",
    "normalization": {
      "enabled": true,
      "lower_percentile": 1.0,
      "upper_percentile": 99.0
    },
    "parameters": {
      "beta": 0.5,
      "bright_object": true,
      "gamma": 0.1,
      "scale_objectness": false,
      "sigmas": [
        0.8,
        1.2,
        1.8
      ]
    },
    "seed": null,
    "sheetness_benchmark_py_sha256": "0c0b3b5c4eeedfc8a5002b356439c874849301588c5a1c2ee53e9cf43eb88e79",
    "sheetness_campaign_py_sha256": "6ba6a78cb5ab45c8ddb462df59f99034ce0697617d3e3502e61b5f57b411a243",
    "sheetness_py_sha256": "d04c84aaadad5d3b42f372b9702c3980ae4dad8cc895fa0b02c9264d44473a51",
    "stochastic": false,
    "write_normal": true
  },
  "groups": [
    {
      "controls": [
        {
          "id": "surface-0022-offset-01",
          "role": "normal-offset",
          "zyx": [
            8.303089731705768,
            36.01600465289903,
            8.062603899064925
          ]
        },
        {
          "id": "surface-0022-offset-02",
          "role": "normal-offset",
          "zyx": [
            8.270929631477884,
            32.546332404574514,
            10.052664254219962
          ]
        },
        {
          "id": "surface-0022-offset-03",
          "role": "normal-offset",
          "zyx": [
            8.206609431022116,
            25.606987907925486,
            14.032784964530038
          ]
        },
        {
          "id": "surface-0022-offset-04",
          "role": "normal-offset",
          "zyx": [
            8.174449330794232,
            22.137315659600972,
            16.022845319685075
          ]
        },
        {
          "id": "surface-0022-wrong-wrap",
          "role": "wrong-wrap",
          "zyx": [
            8.045808929882696,
            8.258626666302462,
            23.983086740305225
          ]
        }
      ],
      "id": "surface-0022",
      "surface": {
        "reference_normal_zyx": [
          -0.008040025056989775,
          -0.8674180620811406,
          0.49751508878875395
        ],
        "zyx": [
          8.23876953125,
          29.07666015625,
          12.042724609375
        ]
      }
    }
  ],
  "input_sha256": "49da09315f641d3779785f5de738e0a4f521672dcfef3d30290324806b738535",
  "schema_version": 3,
  "sheetness_report_sha256": "1fa2ec0bf2e0789a5b36df89d65ff4cf389a3fddf32acaf034d2e640dad8ff07",
  "source_attestation": {
    "algorithm": "zpa-metadata-semantics-v1",
    "metadata_semantics_sha256": "58a956b0623bce7ba4f6fc38ec159cc4e500b2859b6619152574d5c9020c9bed",
    "state": "PRESENT"
  },
  "volume_root": "PHerc0139/volumes/20250728140407-9.362um-1.2m-113keV-masked.zarr"
}
$ scroliq-sheetness-eval --spec /home/runner/work/scrollq/scrollq/artifacts/2026-10-03-pherc0139-sheetness-run/specs/surface-0022.json --cutout-manifest /home/runner/work/scrollq/scrollq/artifacts/2026-10-03-pherc0139-sheetness-run/groups/surface-0022/cutout.json --report /home/runner/work/scrollq/scrollq/artifacts/2026-10-03-pherc0139-sheetness-run/groups/surface-0022/sheetness.sheetness.json --response /home/runner/work/scrollq/scrollq/artifacts/2026-10-03-pherc0139-sheetness-run/groups/surface-0022/sheetness.sheetness.npy --normal /home/runner/work/scrollq/scrollq/artifacts/2026-10-03-pherc0139-sheetness-run/groups/surface-0022/sheetness.normal-zyx.npy --out /home/runner/work/scrollq/scrollq/artifacts/2026-10-03-pherc0139-sheetness-run/results/surface-0022.json
{
  "claim_boundary": "This result tests whether a frozen sheetness field localizes a candidate surface relative to deliberate normal offsets on an exact audited CT volume. Wrong-wrap/competing-sheet probes are retained as mandatory descriptive controls, not a pass/fail target, because another papyrus sheet is itself sheet-like. This does not establish physical sheet identity/topology or demonstrate readable ink.",
  "decision_checks": {
    "median_abs_cosine": true,
    "median_normal_offset_margin": true,
    "normal_completeness": true,
    "normal_offset_win_fraction": true,
    "score_completeness": true
  },
  "engine": {
    "method": "itk-hessian-objectness-m2-n3-compatible",
    "normalization": {
      "enabled": true,
      "lower_percentile": 1.0,
      "lower_value": 15.0,
      "upper_percentile": 99.0,
      "upper_value": 186.0
    },
    "parameters": {
      "beta": 0.5,
      "bright_object": true,
      "gamma": 0.1,
      "scale_objectness": false,
      "sigmas": [
        0.8,
        1.2,
        1.8
      ]
    },
    "report_sha256": "1fa2ec0bf2e0789a5b36df89d65ff4cf389a3fddf32acaf034d2e640dad8ff07",
    "seed": null,
    "stochastic": false
  },
  "groups": [
    {
      "controls": [
        {
          "failure": null,
          "global_zyx": [
            6385.303089731706,
            2957.016004652899,
            3473.062603899065
          ],
          "id": "surface-0022-offset-01",
          "role": "normal-offset",
          "score": 0.6280977652355844,
          "zyx": [
            8.303089731705768,
            36.01600465289903,
            8.062603899064925
          ]
        },
        {
          "failure": null,
          "global_zyx": [
            6385.270929631478,
            2953.5463324045745,
            3475.05266425422
          ],
          "id": "surface-0022-offset-02",
          "role": "normal-offset",
          "score": 0.0,
          "zyx": [
            8.270929631477884,
            32.546332404574514,
            10.052664254219962
          ]
        },
        {
          "failure": null,
          "global_zyx": [
            6385.206609431022,
            2946.6069879079255,
            3479.03278496453
          ],
          "id": "surface-0022-offset-03",
          "role": "normal-offset",
          "score": 0.1435898460526116,
          "zyx": [
            8.206609431022116,
            25.606987907925486,
            14.032784964530038
          ]
        },
        {
          "failure": null,
          "global_zyx": [
            6385.174449330794,
            2943.137315659601,
            3481.022845319685
          ],
          "id": "surface-0022-offset-04",
          "role": "normal-offset",
          "score": 0.0,
          "zyx": [
            8.174449330794232,
            22.137315659600972,
            16.022845319685075
          ]
        },
        {
          "failure": null,
          "global_zyx": [
            6385.045808929883,
            2929.2586266663025,
            3488.983086740305
          ],
          "id": "surface-0022-wrong-wrap",
          "role": "wrong-wrap",
          "score": 0.0,
          "zyx": [
            8.045808929882696,
            8.258626666302462,
            23.983086740305225
          ]
        }
      ],
      "id": "surface-0022",
      "score_complete": true,
      "surface": {
        "global_zyx": [
          6385.23876953125,
          2950.07666015625,
          3477.042724609375
        ],
        "normal_failure": null,
        "predicted_normal_abs_cosine": 0.80623065073181,
        "reference_normal_zyx": [
          -0.008040025056989775,
          -0.8674180620811406,
          0.49751508878875395
        ],
        "score": 0.15626534089894087,
        "score_failure": null,
        "zyx": [
          8.23876953125,
          29.07666015625,
          12.042724609375
        ]
      },
      "surface_beats_all_normal_offsets": false,
      "surface_beats_all_wrong_wraps": true,
      "surface_minus_best_normal_offset": -0.4718324243366435,
      "surface_minus_best_wrong_wrap": 0.15626534089894087
    }
  ],
  "inputs": {
    "cutout_manifest_sha256": "77df1054c2e2e790c4c089b72d659e8af99a86226355a502f1ef529fb377993a",
    "cutout_sha256": "49da09315f641d3779785f5de738e0a4f521672dcfef3d30290324806b738535",
    "global_bbox_zyx_half_open": {
      "start": [
        6377,
        2921,
        3465
      ],
      "stop": [
        6395,
        2967,
        3498
      ]
    },
    "normal_sha256": "cffacb727b52833cfcf3c9bb78e8ea4c31f21de972d40b30636accaea2fb1531",
    "response_sha256": "d61e80d5951eefbf96cdbeff52a7f877664de109accebde08e95f02c92f9320d",
    "shape_zyx": [
      18,
      46,
      33
    ],
    "zpa_report_sha256": "9a659bd974478032e1c4115c4e349ea4cd2711e090852500b7396bf480d92bdc"
  },
  "metrics": {
    "group_count": 1,
    "median_abs_cosine": 0.80623065073181,
    "median_surface_minus_best_normal_offset": -0.4718324243366435,
    "median_surface_minus_best_wrong_wrap_descriptive": 0.15626534089894087,
    "normal_complete_count": 1,
    "normal_completeness": 1.0,
    "normal_offset_win_count": 0,
    "normal_offset_win_fraction": 0.0,
    "score_complete_count": 1,
    "score_completeness": 1.0,
    "wrong_wrap_win_count_descriptive": 1,
    "wrong_wrap_win_fraction_descriptive": 1.0
  },
  "schema": "scroliq-sheetness-benchmark/3",
  "source_attestation": {
    "algorithm": "zpa-metadata-semantics-v1",
    "metadata_semantics_sha256": "58a956b0623bce7ba4f6fc38ec159cc4e500b2859b6619152574d5c9020c9bed",
    "state": "PRESENT"
  },
  "spec": {
    "canonical_sha256": "e92be69c4874cb48dcb4404cc11d5661c8193a229501de7264fd61fc7b49f81a",
    "decision_rule": {
      "min_median_abs_cosine": 0.0,
      "min_median_normal_offset_margin": -1.0,
      "min_normal_completeness": 1.0,
      "min_normal_offset_win_fraction": 0.0,
      "min_score_completeness": 1.0
    },
    "file_sha256": "d927029cda9a105fba21c0412333b3541274b4743a1d7b91c266f96a20a16153"
  },
  "status": "pass",
  "volume_root": "PHerc0139/volumes/20250728140407-9.362um-1.2m-113keV-masked.zarr",
  "wrong_wrap_interpretation": "descriptive-only: a genuine competing papyrus sheet is also expected to be sheet-like, so wrong-wrap response measures the method's sheet-identity limitation and is not a pass/fail criterion"
}
$ scroliq-ct-cutout --ct-url https://vesuvius-challenge-open-data.s3.amazonaws.com/PHerc0139/volumes/20250728140407-9.362um-1.2m-113keV-masked.zarr --volume-root PHerc0139/volumes/20250728140407-9.362um-1.2m-113keV-masked.zarr --zpa-report /home/runner/work/scrollq/scrollq/artifacts/2026-10-03-pherc0139-sheetness-prereg/zpa.json --start 6535,2919,3432 --stop 6555,2959,3465 --out /home/runner/work/scrollq/scrollq/artifacts/2026-10-03-pherc0139-sheetness-run/groups/surface-0023/cutout.npy --manifest /home/runner/work/scrollq/scrollq/artifacts/2026-10-03-pherc0139-sheetness-run/groups/surface-0023/cutout.json
{
  "bbox_zyx_half_open": {
    "start": [
      6535,
      2919,
      3432
    ],
    "stop": [
      6555,
      2959,
      3465
    ]
  },
  "claim_boundary": "This manifest binds one local NumPy cutout to an exact audited level-0 ZYX box and records every touched source chunk. It does not establish papyrus sheet identity, topology, ink, or readability.",
  "coordinate_space": "level0-voxel-index",
  "ct_url": "https://vesuvius-challenge-open-data.s3.amazonaws.com/PHerc0139/volumes/20250728140407-9.362um-1.2m-113keV-masked.zarr",
  "cutout": {
    "dtype": "uint8",
    "path": "/home/runner/work/scrollq/scrollq/artifacts/2026-10-03-pherc0139-sheetness-run/groups/surface-0023/cutout.npy",
    "sha256": "e7e7caf1606d4ac21e779791c1033d5ad2fcccddd0bfc73bb3b7640073c5852a",
    "shape_zyx": [
      20,
      40,
      33
    ]
  },
  "level": 0,
  "local_to_global": {
    "definition": "global_zyx = local_zyx + start_zyx",
    "kind": "integer-translation",
    "start_zyx": [
      6535,
      2919,
      3432
    ]
  },
  "schema": "scroliq-ct-cutout/1",
  "source_array": {
    "chunks_zyx": [
      128,
      128,
      128
    ],
    "dtype": "|u1",
    "path": "0",
    "shape_zyx": [
      20974,
      6621,
      6621
    ]
  },
  "source_attestation": {
    "absolute_scale_state": "unspecified",
    "algorithm": "zpa-metadata-semantics-v1",
    "axes": [
      "z",
      "y",
      "x"
    ],
    "base_declared_scale": [
      1.0,
      1.0,
      1.0
    ],
    "metadata_semantics_sha256": "58a956b0623bce7ba4f6fc38ec159cc4e500b2859b6619152574d5c9020c9bed",
    "spatial_axes": [
      {
        "index": 0,
        "name": "z",
        "unit": null
      },
      {
        "index": 1,
        "name": "y",
        "unit": null
      },
      {
        "index": 2,
        "name": "x",
        "unit": null
      }
    ],
    "state": "PRESENT"
  },
  "source_chunks": {
    "count": 4,
    "missing_count": 0,
    "touched_zyx": [
      [
        51,
        22,
        26
      ],
      [
        51,
        22,
        27
      ],
      [
        51,
        23,
        26
      ],
      [
        51,
        23,
        27
      ]
    ]
  },
  "status": "measured",
  "volume_root": "PHerc0139/volumes/20250728140407-9.362um-1.2m-113keV-masked.zarr",
  "zpa_report": {
    "integrity": "PASS",
    "path": "/home/runner/work/scrollq/scrollq/artifacts/2026-10-03-pherc0139-sheetness-prereg/zpa.json",
    "schema_version": "1.3.0",
    "sha256": "9a659bd974478032e1c4115c4e349ea4cd2711e090852500b7396bf480d92bdc"
  }
}
$ scroliq-sheetness /home/runner/work/scrollq/scrollq/artifacts/2026-10-03-pherc0139-sheetness-run/groups/surface-0023/cutout.npy --out-prefix /home/runner/work/scrollq/scrollq/artifacts/2026-10-03-pherc0139-sheetness-run/groups/surface-0023/sheetness --sigmas 0.8,1.2,1.8 --beta 0.5 --gamma 0.1 --bright-object --normalize-low 1.0 --normalize-high 99.0 --write-normal --max-voxels 2500000
{
  "input": {
    "dtype": "uint8",
    "path": "/home/runner/work/scrollq/scrollq/artifacts/2026-10-03-pherc0139-sheetness-run/groups/surface-0023/cutout.npy",
    "sha256": "e7e7caf1606d4ac21e779791c1033d5ad2fcccddd0bfc73bb3b7640073c5852a",
    "shape_zyx": [
      20,
      40,
      33
    ],
    "voxels": 26400
  },
  "kind": "sheetness",
  "method": "itk-hessian-objectness-m2-n3-compatible",
  "normal": {
    "basis": "ZYX voxel axes",
    "interpretation": "unit eigenvector of the largest-absolute Hessian eigenvalue at the winning scale; sign is arbitrary",
    "output_path": "/home/runner/work/scrollq/scrollq/artifacts/2026-10-03-pherc0139-sheetness-run/groups/surface-0023/sheetness.normal-zyx.npy",
    "output_sha256": "1c3e0bbc34a5eaa8aec406161282e62ead77847fba7632bc20c0741334d43c7e"
  },
  "normalization": {
    "enabled": true,
    "lower_percentile": 1.0,
    "lower_value": 11.0,
    "upper_percentile": 99.0,
    "upper_value": 175.0
  },
  "parameters": {
    "beta": 0.5,
    "bright_object": true,
    "gamma": 0.1,
    "scale_objectness": false,
    "sigmas": [
      0.8,
      1.2,
      1.8
    ]
  },
  "per_scale": [
    {
      "response_max": 0.8760915994644165,
      "response_mean": 0.08072998374700546,
      "response_p99": 0.5891623497009277,
      "sigma": 0.8
    },
    {
      "response_max": 0.9642682075500488,
      "response_mean": 0.1372484564781189,
      "response_p99": 0.8073400259017944,
      "sigma": 1.2
    },
    {
      "response_max": 0.9530351758003235,
      "response_mean": 0.1611640900373459,
      "response_p99": 0.8509847521781921,
      "sigma": 1.8
    }
  ],
  "response": {
    "nonzero_fraction": 0.625530303030303,
    "output_path": "/home/runner/work/scrollq/scrollq/artifacts/2026-10-03-pherc0139-sheetness-run/groups/surface-0023/sheetness.sheetness.npy",
    "output_sha256": "793778c4644ff55221a48b7edbbd1025de28d9a17a0111072473fbc55bdd2bdf",
    "summary": {
      "max": 0.9642682075500488,
      "mean": 0.18307428061962128,
      "min": 0.0,
      "p50": 0.048031825572252274,
      "p90": 0.6035459637641907,
      "p99": 0.8615589141845703
    }
  },
  "schema_version": 1,
  "scope": "local 3-D cutout diagnostic; not by itself evidence of correct papyrus identity, winding identity, recto/verso, or readable ink",
  "status": "measured",
  "winning_scale": {
    "counts": {
      "0.800000011920929": 12121,
      "1.2000000476837158": 4728,
      "1.7999999523162842": 9551
    },
    "output_path": "/home/runner/work/scrollq/scrollq/artifacts/2026-10-03-pherc0139-sheetness-run/groups/surface-0023/sheetness.scale.npy",
    "output_sha256": "f07659b91c9b9e61f6dbf2e2a6cd60a6c61555233c5c34a66ea418a4dff12949"
  }
}
$ scroliq-sheetness-campaign seal-group --plan /home/runner/work/scrollq/scrollq/artifacts/2026-10-03-pherc0139-sheetness-campaign/campaign-plan.json --group-id surface-0023 --cutout-manifest /home/runner/work/scrollq/scrollq/artifacts/2026-10-03-pherc0139-sheetness-run/groups/surface-0023/cutout.json --sheetness-report /home/runner/work/scrollq/scrollq/artifacts/2026-10-03-pherc0139-sheetness-run/groups/surface-0023/sheetness.sheetness.json --out /home/runner/work/scrollq/scrollq/artifacts/2026-10-03-pherc0139-sheetness-run/specs/surface-0023.json
{
  "campaign_decision_rule": {
    "min_median_abs_cosine": 0.7,
    "min_median_normal_offset_margin": 0.0,
    "min_normal_completeness": 1.0,
    "min_normal_offset_win_fraction": 0.75,
    "min_score_completeness": 1.0
  },
  "campaign_group_id": "surface-0023",
  "campaign_plan_canonical_sha256": "f2f9817b2f5b71878ff8b82b481d8f17db601cd864c595a563633fcc9aea1439",
  "campaign_plan_sha256": "76c58373d2acd5513c505824832b3628b2edaf695072cfb48560fb8646a45a2e",
  "campaign_schema": "scroliq-sheetness-campaign/1",
  "claim_boundary": "This v3 spec materializes one already-frozen campaign group against the exact deterministic sheetness report/cutout bytes. Its local decision rule checks measurement completeness only; the scientific pass/fail rule is applied across all frozen groups by scroliq-sheetness-campaign aggregate.",
  "cutout_manifest_sha256": "86e1516fcf091583566606ae957e9cc57e8ab4d454866048741012afb6f9d02e",
  "decision_rule": {
    "min_median_abs_cosine": 0.0,
    "min_median_normal_offset_margin": -1.0,
    "min_normal_completeness": 1.0,
    "min_normal_offset_win_fraction": 0.0,
    "min_score_completeness": 1.0
  },
  "frozen_engine": {
    "code_revision": "65bb493b87795011e1bed1ed0b2e0272e0f5a733",
    "max_voxels": 2500000,
    "method": "itk-hessian-objectness-m2-n3-compatible",
    "normalization": {
      "enabled": true,
      "lower_percentile": 1.0,
      "upper_percentile": 99.0
    },
    "parameters": {
      "beta": 0.5,
      "bright_object": true,
      "gamma": 0.1,
      "scale_objectness": false,
      "sigmas": [
        0.8,
        1.2,
        1.8
      ]
    },
    "seed": null,
    "sheetness_benchmark_py_sha256": "0c0b3b5c4eeedfc8a5002b356439c874849301588c5a1c2ee53e9cf43eb88e79",
    "sheetness_campaign_py_sha256": "6ba6a78cb5ab45c8ddb462df59f99034ce0697617d3e3502e61b5f57b411a243",
    "sheetness_py_sha256": "d04c84aaadad5d3b42f372b9702c3980ae4dad8cc895fa0b02c9264d44473a51",
    "stochastic": false,
    "write_normal": true
  },
  "groups": [
    {
      "controls": [
        {
          "id": "surface-0023-offset-01",
          "role": "normal-offset",
          "zyx": [
            9.84709544486941,
            21.617280501458026,
            14.71958505620978
          ]
        },
        {
          "id": "surface-0023-offset-02",
          "role": "normal-offset",
          "zyx": [
            9.527307488059705,
            18.263474235103786,
            16.875905809354663
          ]
        },
        {
          "id": "surface-0023-offset-03",
          "role": "normal-offset",
          "zyx": [
            8.887731574440295,
            11.555861702396214,
            21.188547315645337
          ]
        },
        {
          "id": "surface-0023-offset-04",
          "role": "normal-offset",
          "zyx": [
            8.56794361763059,
            8.202055436041974,
            23.34486806879022
          ]
        },
        {
          "id": "surface-0023-wrong-wrap",
          "role": "wrong-wrap",
          "zyx": [
            10.726512326094962,
            30.840247733931392,
            8.789702985060558
          ]
        }
      ],
      "id": "surface-0023",
      "surface": {
        "reference_normal_zyx": [
          -0.07994698920238844,
          -0.8384515665884913,
          0.5390801882862863
        ],
        "zyx": [
          9.20751953125,
          14.90966796875,
          19.0322265625
        ]
      }
    }
  ],
  "input_sha256": "e7e7caf1606d4ac21e779791c1033d5ad2fcccddd0bfc73bb3b7640073c5852a",
  "schema_version": 3,
  "sheetness_report_sha256": "40e81402a0cea4b59cdc74cf39241264afbe8af58aa53d0a33248eac91c83809",
  "source_attestation": {
    "algorithm": "zpa-metadata-semantics-v1",
    "metadata_semantics_sha256": "58a956b0623bce7ba4f6fc38ec159cc4e500b2859b6619152574d5c9020c9bed",
    "state": "PRESENT"
  },
  "volume_root": "PHerc0139/volumes/20250728140407-9.362um-1.2m-113keV-masked.zarr"
}
$ scroliq-sheetness-eval --spec /home/runner/work/scrollq/scrollq/artifacts/2026-10-03-pherc0139-sheetness-run/specs/surface-0023.json --cutout-manifest /home/runner/work/scrollq/scrollq/artifacts/2026-10-03-pherc0139-sheetness-run/groups/surface-0023/cutout.json --report /home/runner/work/scrollq/scrollq/artifacts/2026-10-03-pherc0139-sheetness-run/groups/surface-0023/sheetness.sheetness.json --response /home/runner/work/scrollq/scrollq/artifacts/2026-10-03-pherc0139-sheetness-run/groups/surface-0023/sheetness.sheetness.npy --normal /home/runner/work/scrollq/scrollq/artifacts/2026-10-03-pherc0139-sheetness-run/groups/surface-0023/sheetness.normal-zyx.npy --out /home/runner/work/scrollq/scrollq/artifacts/2026-10-03-pherc0139-sheetness-run/results/surface-0023.json
{
  "claim_boundary": "This result tests whether a frozen sheetness field localizes a candidate surface relative to deliberate normal offsets on an exact audited CT volume. Wrong-wrap/competing-sheet probes are retained as mandatory descriptive controls, not a pass/fail target, because another papyrus sheet is itself sheet-like. This does not establish physical sheet identity/topology or demonstrate readable ink.",
  "decision_checks": {
    "median_abs_cosine": true,
    "median_normal_offset_margin": true,
    "normal_completeness": true,
    "normal_offset_win_fraction": true,
    "score_completeness": true
  },
  "engine": {
    "method": "itk-hessian-objectness-m2-n3-compatible",
    "normalization": {
      "enabled": true,
      "lower_percentile": 1.0,
      "lower_value": 11.0,
      "upper_percentile": 99.0,
      "upper_value": 175.0
    },
    "parameters": {
      "beta": 0.5,
      "bright_object": true,
      "gamma": 0.1,
      "scale_objectness": false,
      "sigmas": [
        0.8,
        1.2,
        1.8
      ]
    },
    "report_sha256": "40e81402a0cea4b59cdc74cf39241264afbe8af58aa53d0a33248eac91c83809",
    "seed": null,
    "stochastic": false
  },
  "groups": [
    {
      "controls": [
        {
          "failure": null,
          "global_zyx": [
            6544.847095444869,
            2940.617280501458,
            3446.71958505621
          ],
          "id": "surface-0023-offset-01",
          "role": "normal-offset",
          "score": 0.4628647393566964,
          "zyx": [
            9.84709544486941,
            21.617280501458026,
            14.71958505620978
          ]
        },
        {
          "failure": null,
          "global_zyx": [
            6544.52730748806,
            2937.263474235104,
            3448.8759058093547
          ],
          "id": "surface-0023-offset-02",
          "role": "normal-offset",
          "score": 0.0,
          "zyx": [
            9.527307488059705,
            18.263474235103786,
            16.875905809354663
          ]
        },
        {
          "failure": null,
          "global_zyx": [
            6543.88773157444,
            2930.555861702396,
            3453.1885473156453
          ],
          "id": "surface-0023-offset-03",
          "role": "normal-offset",
          "score": 0.014327224334406481,
          "zyx": [
            8.887731574440295,
            11.555861702396214,
            21.188547315645337
          ]
        },
        {
          "failure": null,
          "global_zyx": [
            6543.567943617631,
            2927.202055436042,
            3455.34486806879
          ],
          "id": "surface-0023-offset-04",
          "role": "normal-offset",
          "score": 0.2591678863817454,
          "zyx": [
            8.56794361763059,
            8.202055436041974,
            23.34486806879022
          ]
        },
        {
          "failure": null,
          "global_zyx": [
            6545.726512326095,
            2949.8402477339314,
            3440.7897029850606
          ],
          "id": "surface-0023-wrong-wrap",
          "role": "wrong-wrap",
          "score": 0.0,
          "zyx": [
            10.726512326094962,
            30.840247733931392,
            8.789702985060558
          ]
        }
      ],
      "id": "surface-0023",
      "score_complete": true,
      "surface": {
        "global_zyx": [
          6544.20751953125,
          2933.90966796875,
          3451.0322265625
        ],
        "normal_failure": null,
        "predicted_normal_abs_cosine": 0.9261267516893954,
        "reference_normal_zyx": [
          -0.07994698920238844,
          -0.8384515665884913,
          0.5390801882862863
        ],
        "score": 0.7447093216291831,
        "score_failure": null,
        "zyx": [
          9.20751953125,
          14.90966796875,
          19.0322265625
        ]
      },
      "surface_beats_all_normal_offsets": true,
      "surface_beats_all_wrong_wraps": true,
      "surface_minus_best_normal_offset": 0.2818445822724867,
      "surface_minus_best_wrong_wrap": 0.7447093216291831
    }
  ],
  "inputs": {
    "cutout_manifest_sha256": "86e1516fcf091583566606ae957e9cc57e8ab4d454866048741012afb6f9d02e",
    "cutout_sha256": "e7e7caf1606d4ac21e779791c1033d5ad2fcccddd0bfc73bb3b7640073c5852a",
    "global_bbox_zyx_half_open": {
      "start": [
        6535,
        2919,
        3432
      ],
      "stop": [
        6555,
        2959,
        3465
      ]
    },
    "normal_sha256": "1c3e0bbc34a5eaa8aec406161282e62ead77847fba7632bc20c0741334d43c7e",
    "response_sha256": "793778c4644ff55221a48b7edbbd1025de28d9a17a0111072473fbc55bdd2bdf",
    "shape_zyx": [
      20,
      40,
      33
    ],
    "zpa_report_sha256": "9a659bd974478032e1c4115c4e349ea4cd2711e090852500b7396bf480d92bdc"
  },
  "metrics": {
    "group_count": 1,
    "median_abs_cosine": 0.9261267516893954,
    "median_surface_minus_best_normal_offset": 0.2818445822724867,
    "median_surface_minus_best_wrong_wrap_descriptive": 0.7447093216291831,
    "normal_complete_count": 1,
    "normal_completeness": 1.0,
    "normal_offset_win_count": 1,
    "normal_offset_win_fraction": 1.0,
    "score_complete_count": 1,
    "score_completeness": 1.0,
    "wrong_wrap_win_count_descriptive": 1,
    "wrong_wrap_win_fraction_descriptive": 1.0
  },
  "schema": "scroliq-sheetness-benchmark/3",
  "source_attestation": {
    "algorithm": "zpa-metadata-semantics-v1",
    "metadata_semantics_sha256": "58a956b0623bce7ba4f6fc38ec159cc4e500b2859b6619152574d5c9020c9bed",
    "state": "PRESENT"
  },
  "spec": {
    "canonical_sha256": "d15d7551e32483018fe92ca37f37d953515ee7ffabc0e1073a20cc55bffa9025",
    "decision_rule": {
      "min_median_abs_cosine": 0.0,
      "min_median_normal_offset_margin": -1.0,
      "min_normal_completeness": 1.0,
      "min_normal_offset_win_fraction": 0.0,
      "min_score_completeness": 1.0
    },
    "file_sha256": "dc8c6b0676f0ca8ce32619219315f683d83e07df44e6c813ce9d099b3fec2d12"
  },
  "status": "pass",
  "volume_root": "PHerc0139/volumes/20250728140407-9.362um-1.2m-113keV-masked.zarr",
  "wrong_wrap_interpretation": "descriptive-only: a genuine competing papyrus sheet is also expected to be sheet-like, so wrong-wrap response measures the method's sheet-identity limitation and is not a pass/fail criterion"
}
$ scroliq-ct-cutout --ct-url https://vesuvius-challenge-open-data.s3.amazonaws.com/PHerc0139/volumes/20250728140407-9.362um-1.2m-113keV-masked.zarr --volume-root PHerc0139/volumes/20250728140407-9.362um-1.2m-113keV-masked.zarr --zpa-report /home/runner/work/scrollq/scrollq/artifacts/2026-10-03-pherc0139-sheetness-prereg/zpa.json --start 6673,2901,3262 --stop 6709,2937,3294 --out /home/runner/work/scrollq/scrollq/artifacts/2026-10-03-pherc0139-sheetness-run/groups/surface-0024/cutout.npy --manifest /home/runner/work/scrollq/scrollq/artifacts/2026-10-03-pherc0139-sheetness-run/groups/surface-0024/cutout.json
{
  "bbox_zyx_half_open": {
    "start": [
      6673,
      2901,
      3262
    ],
    "stop": [
      6709,
      2937,
      3294
    ]
  },
  "claim_boundary": "This manifest binds one local NumPy cutout to an exact audited level-0 ZYX box and records every touched source chunk. It does not establish papyrus sheet identity, topology, ink, or readability.",
  "coordinate_space": "level0-voxel-index",
  "ct_url": "https://vesuvius-challenge-open-data.s3.amazonaws.com/PHerc0139/volumes/20250728140407-9.362um-1.2m-113keV-masked.zarr",
  "cutout": {
    "dtype": "uint8",
    "path": "/home/runner/work/scrollq/scrollq/artifacts/2026-10-03-pherc0139-sheetness-run/groups/surface-0024/cutout.npy",
    "sha256": "b6229118b660608f3b4dde53350517575f39e1c7f6c99b54f32e850968e9c2d6",
    "shape_zyx": [
      36,
      36,
      32
    ]
  },
  "level": 0,
  "local_to_global": {
    "definition": "global_zyx = local_zyx + start_zyx",
    "kind": "integer-translation",
    "start_zyx": [
      6673,
      2901,
      3262
    ]
  },
  "schema": "scroliq-ct-cutout/1",
  "source_array": {
    "chunks_zyx": [
      128,
      128,
      128
    ],
    "dtype": "|u1",
    "path": "0",
    "shape_zyx": [
      20974,
      6621,
      6621
    ]
  },
  "source_attestation": {
    "absolute_scale_state": "unspecified",
    "algorithm": "zpa-metadata-semantics-v1",
    "axes": [
      "z",
      "y",
      "x"
    ],
    "base_declared_scale": [
      1.0,
      1.0,
      1.0
    ],
    "metadata_semantics_sha256": "58a956b0623bce7ba4f6fc38ec159cc4e500b2859b6619152574d5c9020c9bed",
    "spatial_axes": [
      {
        "index": 0,
        "name": "z",
        "unit": null
      },
      {
        "index": 1,
        "name": "y",
        "unit": null
      },
      {
        "index": 2,
        "name": "x",
        "unit": null
      }
    ],
    "state": "PRESENT"
  },
  "source_chunks": {
    "count": 1,
    "missing_count": 0,
    "touched_zyx": [
      [
        52,
        22,
        25
      ]
    ]
  },
  "status": "measured",
  "volume_root": "PHerc0139/volumes/20250728140407-9.362um-1.2m-113keV-masked.zarr",
  "zpa_report": {
    "integrity": "PASS",
    "path": "/home/runner/work/scrollq/scrollq/artifacts/2026-10-03-pherc0139-sheetness-prereg/zpa.json",
    "schema_version": "1.3.0",
    "sha256": "9a659bd974478032e1c4115c4e349ea4cd2711e090852500b7396bf480d92bdc"
  }
}
$ scroliq-sheetness /home/runner/work/scrollq/scrollq/artifacts/2026-10-03-pherc0139-sheetness-run/groups/surface-0024/cutout.npy --out-prefix /home/runner/work/scrollq/scrollq/artifacts/2026-10-03-pherc0139-sheetness-run/groups/surface-0024/sheetness --sigmas 0.8,1.2,1.8 --beta 0.5 --gamma 0.1 --bright-object --normalize-low 1.0 --normalize-high 99.0 --write-normal --max-voxels 2500000
{
  "input": {
    "dtype": "uint8",
    "path": "/home/runner/work/scrollq/scrollq/artifacts/2026-10-03-pherc0139-sheetness-run/groups/surface-0024/cutout.npy",
    "sha256": "b6229118b660608f3b4dde53350517575f39e1c7f6c99b54f32e850968e9c2d6",
    "shape_zyx": [
      36,
      36,
      32
    ],
    "voxels": 41472
  },
  "kind": "sheetness",
  "method": "itk-hessian-objectness-m2-n3-compatible",
  "normal": {
    "basis": "ZYX voxel axes",
    "interpretation": "unit eigenvector of the largest-absolute Hessian eigenvalue at the winning scale; sign is arbitrary",
    "output_path": "/home/runner/work/scrollq/scrollq/artifacts/2026-10-03-pherc0139-sheetness-run/groups/surface-0024/sheetness.normal-zyx.npy",
    "output_sha256": "f753aa804fba99aed5d39eafb6f45fc81bde15bef139477cb06726b098ca5846"
  },
  "normalization": {
    "enabled": true,
    "lower_percentile": 1.0,
    "lower_value": 9.0,
    "upper_percentile": 99.0,
    "upper_value": 179.0
  },
  "parameters": {
    "beta": 0.5,
    "bright_object": true,
    "gamma": 0.1,
    "scale_objectness": false,
    "sigmas": [
      0.8,
      1.2,
      1.8
    ]
  },
  "per_scale": [
    {
      "response_max": 0.87684565782547,
      "response_mean": 0.08911589533090591,
      "response_p99": 0.6663058996200562,
      "sigma": 0.8
    },
    {
      "response_max": 0.9713728427886963,
      "response_mean": 0.14881587028503418,
      "response_p99": 0.876187801361084,
      "sigma": 1.2
    },
    {
      "response_max": 0.9839878082275391,
      "response_mean": 0.17986954748630524,
      "response_p99": 0.9128308892250061,
      "sigma": 1.8
    }
  ],
  "response": {
    "nonzero_fraction": 0.5809702932098766,
    "output_path": "/home/runner/work/scrollq/scrollq/artifacts/2026-10-03-pherc0139-sheetness-run/groups/surface-0024/sheetness.sheetness.npy",
    "output_sha256": "192fac6350822c8f5ea3cec06933bff39e63c12e38c19982d3339675c8497106",
    "summary": {
      "max": 0.9839878082275391,
      "mean": 0.19675880670547485,
      "min": 0.0,
      "p50": 0.039061516523361206,
      "p90": 0.6604914665222168,
      "p99": 0.9189777970314026
    }
  },
  "schema_version": 1,
  "scope": "local 3-D cutout diagnostic; not by itself evidence of correct papyrus identity, winding identity, recto/verso, or readable ink",
  "status": "measured",
  "winning_scale": {
    "counts": {
      "0.800000011920929": 20541,
      "1.2000000476837158": 6159,
      "1.7999999523162842": 14772
    },
    "output_path": "/home/runner/work/scrollq/scrollq/artifacts/2026-10-03-pherc0139-sheetness-run/groups/surface-0024/sheetness.scale.npy",
    "output_sha256": "11bb3118b838b0834ee2e4eb06385b1ca26a9fb4e9653839c16fc5bcb87c026b"
  }
}
$ scroliq-sheetness-campaign seal-group --plan /home/runner/work/scrollq/scrollq/artifacts/2026-10-03-pherc0139-sheetness-campaign/campaign-plan.json --group-id surface-0024 --cutout-manifest /home/runner/work/scrollq/scrollq/artifacts/2026-10-03-pherc0139-sheetness-run/groups/surface-0024/cutout.json --sheetness-report /home/runner/work/scrollq/scrollq/artifacts/2026-10-03-pherc0139-sheetness-run/groups/surface-0024/sheetness.sheetness.json --out /home/runner/work/scrollq/scrollq/artifacts/2026-10-03-pherc0139-sheetness-run/specs/surface-0024.json
{
  "campaign_decision_rule": {
    "min_median_abs_cosine": 0.7,
    "min_median_normal_offset_margin": 0.0,
    "min_normal_completeness": 1.0,
    "min_normal_offset_win_fraction": 0.75,
    "min_score_completeness": 1.0
  },
  "campaign_group_id": "surface-0024",
  "campaign_plan_canonical_sha256": "f2f9817b2f5b71878ff8b82b481d8f17db601cd864c595a563633fcc9aea1439",
  "campaign_plan_sha256": "76c58373d2acd5513c505824832b3628b2edaf695072cfb48560fb8646a45a2e",
  "campaign_schema": "scroliq-sheetness-campaign/1",
  "claim_boundary": "This v3 spec materializes one already-frozen campaign group against the exact deterministic sheetness report/cutout bytes. Its local decision rule checks measurement completeness only; the scientific pass/fail rule is applied across all frozen groups by scroliq-sheetness-campaign aggregate.",
  "cutout_manifest_sha256": "c8e80e81d3c62fd55e2a60fa6c31f06217c63d03f77824beeb3f829b23e4bafe",
  "decision_rule": {
    "min_median_abs_cosine": 0.0,
    "min_median_normal_offset_margin": -1.0,
    "min_normal_completeness": 1.0,
    "min_normal_offset_win_fraction": 0.0,
    "min_score_completeness": 1.0
  },
  "frozen_engine": {
    "code_revision": "65bb493b87795011e1bed1ed0b2e0272e0f5a733",
    "max_voxels": 2500000,
    "method": "itk-hessian-objectness-m2-n3-compatible",
    "normalization": {
      "enabled": true,
      "lower_percentile": 1.0,
      "upper_percentile": 99.0
    },
    "parameters": {
      "beta": 0.5,
      "bright_object": true,
      "gamma": 0.1,
      "scale_objectness": false,
      "sigmas": [
        0.8,
        1.2,
        1.8
      ]
    },
    "seed": null,
    "sheetness_benchmark_py_sha256": "0c0b3b5c4eeedfc8a5002b356439c874849301588c5a1c2ee53e9cf43eb88e79",
    "sheetness_campaign_py_sha256": "6ba6a78cb5ab45c8ddb462df59f99034ce0697617d3e3502e61b5f57b411a243",
    "sheetness_py_sha256": "d04c84aaadad5d3b42f372b9702c3980ae4dad8cc895fa0b02c9264d44473a51",
    "stochastic": false,
    "write_normal": true
  },
  "groups": [
    {
      "controls": [
        {
          "id": "surface-0024-offset-01",
          "role": "normal-offset",
          "zyx": [
            8.952158719652289,
            26.111934864293744,
            8.450983072491454
          ]
        },
        {
          "id": "surface-0024-offset-02",
          "role": "normal-offset",
          "zyx": [
            11.387944594201144,
            23.6188336430846,
            10.4134798174955
          ]
        },
        {
          "id": "surface-0024-offset-03",
          "role": "normal-offset",
          "zyx": [
            16.259516343298856,
            18.6326312006654,
            14.3384733075045
          ]
        },
        {
          "id": "surface-0024-offset-04",
          "role": "normal-offset",
          "zyx": [
            18.69530221784771,
            16.139529979456256,
            16.300970052508546
          ]
        },
        {
          "id": "surface-0024-wrong-wrap",
          "role": "wrong-wrap",
          "zyx": [
            26.61160631013081,
            8.036951010525172,
            22.679084473772946
          ]
        }
      ],
      "id": "surface-0024",
      "surface": {
        "reference_normal_zyx": [
          0.6089464686371836,
          -0.6232753053023677,
          0.49062418625108967
        ],
        "zyx": [
          13.82373046875,
          21.125732421875,
          12.3759765625
        ]
      }
    }
  ],
  "input_sha256": "b6229118b660608f3b4dde53350517575f39e1c7f6c99b54f32e850968e9c2d6",
  "schema_version": 3,
  "sheetness_report_sha256": "192a82c41f79d85066d59f0a67992c1d9f268e0394affc3c3c6eeed4323e97a4",
  "source_attestation": {
    "algorithm": "zpa-metadata-semantics-v1",
    "metadata_semantics_sha256": "58a956b0623bce7ba4f6fc38ec159cc4e500b2859b6619152574d5c9020c9bed",
    "state": "PRESENT"
  },
  "volume_root": "PHerc0139/volumes/20250728140407-9.362um-1.2m-113keV-masked.zarr"
}
$ scroliq-sheetness-eval --spec /home/runner/work/scrollq/scrollq/artifacts/2026-10-03-pherc0139-sheetness-run/specs/surface-0024.json --cutout-manifest /home/runner/work/scrollq/scrollq/artifacts/2026-10-03-pherc0139-sheetness-run/groups/surface-0024/cutout.json --report /home/runner/work/scrollq/scrollq/artifacts/2026-10-03-pherc0139-sheetness-run/groups/surface-0024/sheetness.sheetness.json --response /home/runner/work/scrollq/scrollq/artifacts/2026-10-03-pherc0139-sheetness-run/groups/surface-0024/sheetness.sheetness.npy --normal /home/runner/work/scrollq/scrollq/artifacts/2026-10-03-pherc0139-sheetness-run/groups/surface-0024/sheetness.normal-zyx.npy --out /home/runner/work/scrollq/scrollq/artifacts/2026-10-03-pherc0139-sheetness-run/results/surface-0024.json
{
  "claim_boundary": "This result tests whether a frozen sheetness field localizes a candidate surface relative to deliberate normal offsets on an exact audited CT volume. Wrong-wrap/competing-sheet probes are retained as mandatory descriptive controls, not a pass/fail target, because another papyrus sheet is itself sheet-like. This does not establish physical sheet identity/topology or demonstrate readable ink.",
  "decision_checks": {
    "median_abs_cosine": true,
    "median_normal_offset_margin": true,
    "normal_completeness": true,
    "normal_offset_win_fraction": true,
    "score_completeness": true
  },
  "engine": {
    "method": "itk-hessian-objectness-m2-n3-compatible",
    "normalization": {
      "enabled": true,
      "lower_percentile": 1.0,
      "lower_value": 9.0,
      "upper_percentile": 99.0,
      "upper_value": 179.0
    },
    "parameters": {
      "beta": 0.5,
      "bright_object": true,
      "gamma": 0.1,
      "scale_objectness": false,
      "sigmas": [
        0.8,
        1.2,
        1.8
      ]
    },
    "report_sha256": "192a82c41f79d85066d59f0a67992c1d9f268e0394affc3c3c6eeed4323e97a4",
    "seed": null,
    "stochastic": false
  },
  "groups": [
    {
      "controls": [
        {
          "failure": null,
          "global_zyx": [
            6681.952158719652,
            2927.1119348642937,
            3270.4509830724915
          ],
          "id": "surface-0024-offset-01",
          "role": "normal-offset",
          "score": 0.6241652477464561,
          "zyx": [
            8.952158719652289,
            26.111934864293744,
            8.450983072491454
          ]
        },
        {
          "failure": null,
          "global_zyx": [
            6684.387944594201,
            2924.6188336430846,
            3272.4134798174955
          ],
          "id": "surface-0024-offset-02",
          "role": "normal-offset",
          "score": 0.0,
          "zyx": [
            11.387944594201144,
            23.6188336430846,
            10.4134798174955
          ]
        },
        {
          "failure": null,
          "global_zyx": [
            6689.259516343299,
            2919.6326312006654,
            3276.3384733075045
          ],
          "id": "surface-0024-offset-03",
          "role": "normal-offset",
          "score": 0.5478245089507913,
          "zyx": [
            16.259516343298856,
            18.6326312006654,
            14.3384733075045
          ]
        },
        {
          "failure": null,
          "global_zyx": [
            6691.695302217848,
            2917.1395299794563,
            3278.3009700525085
          ],
          "id": "surface-0024-offset-04",
          "role": "normal-offset",
          "score": 0.33659158200208905,
          "zyx": [
            18.69530221784771,
            16.139529979456256,
            16.300970052508546
          ]
        },
        {
          "failure": null,
          "global_zyx": [
            6699.611606310131,
            2909.036951010525,
            3284.679084473773
          ],
          "id": "surface-0024-wrong-wrap",
          "role": "wrong-wrap",
          "score": 0.2983364746159142,
          "zyx": [
            26.61160631013081,
            8.036951010525172,
            22.679084473772946
          ]
        }
      ],
      "id": "surface-0024",
      "score_complete": true,
      "surface": {
        "global_zyx": [
          6686.82373046875,
          2922.125732421875,
          3274.3759765625
        ],
        "normal_failure": null,
        "predicted_normal_abs_cosine": 0.9617127766446738,
        "reference_normal_zyx": [
          0.6089464686371836,
          -0.6232753053023677,
          0.49062418625108967
        ],
        "score": 0.0773644608806964,
        "score_failure": null,
        "zyx": [
          13.82373046875,
          21.125732421875,
          12.3759765625
        ]
      },
      "surface_beats_all_normal_offsets": false,
      "surface_beats_all_wrong_wraps": false,
      "surface_minus_best_normal_offset": -0.5468007868657597,
      "surface_minus_best_wrong_wrap": -0.22097201373521783
    }
  ],
  "inputs": {
    "cutout_manifest_sha256": "c8e80e81d3c62fd55e2a60fa6c31f06217c63d03f77824beeb3f829b23e4bafe",
    "cutout_sha256": "b6229118b660608f3b4dde53350517575f39e1c7f6c99b54f32e850968e9c2d6",
    "global_bbox_zyx_half_open": {
      "start": [
        6673,
        2901,
        3262
      ],
      "stop": [
        6709,
        2937,
        3294
      ]
    },
    "normal_sha256": "f753aa804fba99aed5d39eafb6f45fc81bde15bef139477cb06726b098ca5846",
    "response_sha256": "192fac6350822c8f5ea3cec06933bff39e63c12e38c19982d3339675c8497106",
    "shape_zyx": [
      36,
      36,
      32
    ],
    "zpa_report_sha256": "9a659bd974478032e1c4115c4e349ea4cd2711e090852500b7396bf480d92bdc"
  },
  "metrics": {
    "group_count": 1,
    "median_abs_cosine": 0.9617127766446738,
    "median_surface_minus_best_normal_offset": -0.5468007868657597,
    "median_surface_minus_best_wrong_wrap_descriptive": -0.22097201373521783,
    "normal_complete_count": 1,
    "normal_completeness": 1.0,
    "normal_offset_win_count": 0,
    "normal_offset_win_fraction": 0.0,
    "score_complete_count": 1,
    "score_completeness": 1.0,
    "wrong_wrap_win_count_descriptive": 0,
    "wrong_wrap_win_fraction_descriptive": 0.0
  },
  "schema": "scroliq-sheetness-benchmark/3",
  "source_attestation": {
    "algorithm": "zpa-metadata-semantics-v1",
    "metadata_semantics_sha256": "58a956b0623bce7ba4f6fc38ec159cc4e500b2859b6619152574d5c9020c9bed",
    "state": "PRESENT"
  },
  "spec": {
    "canonical_sha256": "cae2b23cbb739f1333e86e367f9cc21a05524875ae7f97d2679e3a2acad06522",
    "decision_rule": {
      "min_median_abs_cosine": 0.0,
      "min_median_normal_offset_margin": -1.0,
      "min_normal_completeness": 1.0,
      "min_normal_offset_win_fraction": 0.0,
      "min_score_completeness": 1.0
    },
    "file_sha256": "d7d6cf689361dc322b8dcb725262aee2bf775f3507a207e49785300350047a3f"
  },
  "status": "pass",
  "volume_root": "PHerc0139/volumes/20250728140407-9.362um-1.2m-113keV-masked.zarr",
  "wrong_wrap_interpretation": "descriptive-only: a genuine competing papyrus sheet is also expected to be sheet-like, so wrong-wrap response measures the method's sheet-identity limitation and is not a pass/fail criterion"
}
$ scroliq-ct-cutout --ct-url https://vesuvius-challenge-open-data.s3.amazonaws.com/PHerc0139/volumes/20250728140407-9.362um-1.2m-113keV-masked.zarr --volume-root PHerc0139/volumes/20250728140407-9.362um-1.2m-113keV-masked.zarr --zpa-report /home/runner/work/scrollq/scrollq/artifacts/2026-10-03-pherc0139-sheetness-prereg/zpa.json --start 6835,2834,2954 --stop 6855,2873,2986 --out /home/runner/work/scrollq/scrollq/artifacts/2026-10-03-pherc0139-sheetness-run/groups/surface-0025/cutout.npy --manifest /home/runner/work/scrollq/scrollq/artifacts/2026-10-03-pherc0139-sheetness-run/groups/surface-0025/cutout.json
{
  "bbox_zyx_half_open": {
    "start": [
      6835,
      2834,
      2954
    ],
    "stop": [
      6855,
      2873,
      2986
    ]
  },
  "claim_boundary": "This manifest binds one local NumPy cutout to an exact audited level-0 ZYX box and records every touched source chunk. It does not establish papyrus sheet identity, topology, ink, or readability.",
  "coordinate_space": "level0-voxel-index",
  "ct_url": "https://vesuvius-challenge-open-data.s3.amazonaws.com/PHerc0139/volumes/20250728140407-9.362um-1.2m-113keV-masked.zarr",
  "cutout": {
    "dtype": "uint8",
    "path": "/home/runner/work/scrollq/scrollq/artifacts/2026-10-03-pherc0139-sheetness-run/groups/surface-0025/cutout.npy",
    "sha256": "1c43c93c963fa6ec59d71d3b5684e8dd25192dbfa26b75b1302a7afd40866565",
    "shape_zyx": [
      20,
      39,
      32
    ]
  },
  "level": 0,
  "local_to_global": {
    "definition": "global_zyx = local_zyx + start_zyx",
    "kind": "integer-translation",
    "start_zyx": [
      6835,
      2834,
      2954
    ]
  },
  "schema": "scroliq-ct-cutout/1",
  "source_array": {
    "chunks_zyx": [
      128,
      128,
      128
    ],
    "dtype": "|u1",
    "path": "0",
    "shape_zyx": [
      20974,
      6621,
      6621
    ]
  },
  "source_attestation": {
    "absolute_scale_state": "unspecified",
    "algorithm": "zpa-metadata-semantics-v1",
    "axes": [
      "z",
      "y",
      "x"
    ],
    "base_declared_scale": [
      1.0,
      1.0,
      1.0
    ],
    "metadata_semantics_sha256": "58a956b0623bce7ba4f6fc38ec159cc4e500b2859b6619152574d5c9020c9bed",
    "spatial_axes": [
      {
        "index": 0,
        "name": "z",
        "unit": null
      },
      {
        "index": 1,
        "name": "y",
        "unit": null
      },
      {
        "index": 2,
        "name": "x",
        "unit": null
      }
    ],
    "state": "PRESENT"
  },
  "source_chunks": {
    "count": 1,
    "missing_count": 0,
    "touched_zyx": [
      [
        53,
        22,
        23
      ]
    ]
  },
  "status": "measured",
  "volume_root": "PHerc0139/volumes/20250728140407-9.362um-1.2m-113keV-masked.zarr",
  "zpa_report": {
    "integrity": "PASS",
    "path": "/home/runner/work/scrollq/scrollq/artifacts/2026-10-03-pherc0139-sheetness-prereg/zpa.json",
    "schema_version": "1.3.0",
    "sha256": "9a659bd974478032e1c4115c4e349ea4cd2711e090852500b7396bf480d92bdc"
  }
}
$ scroliq-sheetness /home/runner/work/scrollq/scrollq/artifacts/2026-10-03-pherc0139-sheetness-run/groups/surface-0025/cutout.npy --out-prefix /home/runner/work/scrollq/scrollq/artifacts/2026-10-03-pherc0139-sheetness-run/groups/surface-0025/sheetness --sigmas 0.8,1.2,1.8 --beta 0.5 --gamma 0.1 --bright-object --normalize-low 1.0 --normalize-high 99.0 --write-normal --max-voxels 2500000
{
  "input": {
    "dtype": "uint8",
    "path": "/home/runner/work/scrollq/scrollq/artifacts/2026-10-03-pherc0139-sheetness-run/groups/surface-0025/cutout.npy",
    "sha256": "1c43c93c963fa6ec59d71d3b5684e8dd25192dbfa26b75b1302a7afd40866565",
    "shape_zyx": [
      20,
      39,
      32
    ],
    "voxels": 24960
  },
  "kind": "sheetness",
  "method": "itk-hessian-objectness-m2-n3-compatible",
  "normal": {
    "basis": "ZYX voxel axes",
    "interpretation": "unit eigenvector of the largest-absolute Hessian eigenvalue at the winning scale; sign is arbitrary",
    "output_path": "/home/runner/work/scrollq/scrollq/artifacts/2026-10-03-pherc0139-sheetness-run/groups/surface-0025/sheetness.normal-zyx.npy",
    "output_sha256": "256706cdb4f3f27182559aa576325330bcbef12c188208c3254f75985e0f61f3"
  },
  "normalization": {
    "enabled": true,
    "lower_percentile": 1.0,
    "lower_value": 17.0,
    "upper_percentile": 99.0,
    "upper_value": 177.0
  },
  "parameters": {
    "beta": 0.5,
    "bright_object": true,
    "gamma": 0.1,
    "scale_objectness": false,
    "sigmas": [
      0.8,
      1.2,
      1.8
    ]
  },
  "per_scale": [
    {
      "response_max": 0.9133527278900146,
      "response_mean": 0.06351682543754578,
      "response_p99": 0.584388017654419,
      "sigma": 0.8
    },
    {
      "response_max": 0.983849823474884,
      "response_mean": 0.103763148188591,
      "response_p99": 0.7959666848182678,
      "sigma": 1.2
    },
    {
      "response_max": 0.9650870561599731,
      "response_mean": 0.1268262416124344,
      "response_p99": 0.8636536002159119,
      "sigma": 1.8
    }
  ],
  "response": {
    "nonzero_fraction": 0.6088541666666667,
    "output_path": "/home/runner/work/scrollq/scrollq/artifacts/2026-10-03-pherc0139-sheetness-run/groups/surface-0025/sheetness.sheetness.npy",
    "output_sha256": "fbd57551be114514f6b34771dca672a6449a6eb9b9747489abb2a92e4a7fa692",
    "summary": {
      "max": 0.983849823474884,
      "mean": 0.14419691264629364,
      "min": 0.0,
      "p50": 0.008107699453830719,
      "p90": 0.5203483700752258,
      "p99": 0.878377377986908
    }
  },
  "schema_version": 1,
  "scope": "local 3-D cutout diagnostic; not by itself evidence of correct papyrus identity, winding identity, recto/verso, or readable ink",
  "status": "measured",
  "winning_scale": {
    "counts": {
      "0.800000011920929": 12082,
      "1.2000000476837158": 4549,
      "1.7999999523162842": 8329
    },
    "output_path": "/home/runner/work/scrollq/scrollq/artifacts/2026-10-03-pherc0139-sheetness-run/groups/surface-0025/sheetness.scale.npy",
    "output_sha256": "c5468557b979546bd0b0d394cbee2d8ef97abf847ac65a34ff138870f5f169fc"
  }
}
$ scroliq-sheetness-campaign seal-group --plan /home/runner/work/scrollq/scrollq/artifacts/2026-10-03-pherc0139-sheetness-campaign/campaign-plan.json --group-id surface-0025 --cutout-manifest /home/runner/work/scrollq/scrollq/artifacts/2026-10-03-pherc0139-sheetness-run/groups/surface-0025/cutout.json --sheetness-report /home/runner/work/scrollq/scrollq/artifacts/2026-10-03-pherc0139-sheetness-run/groups/surface-0025/sheetness.sheetness.json --out /home/runner/work/scrollq/scrollq/artifacts/2026-10-03-pherc0139-sheetness-run/specs/surface-0025.json
{
  "campaign_decision_rule": {
    "min_median_abs_cosine": 0.7,
    "min_median_normal_offset_margin": 0.0,
    "min_normal_completeness": 1.0,
    "min_normal_offset_win_fraction": 0.75,
    "min_score_completeness": 1.0
  },
  "campaign_group_id": "surface-0025",
  "campaign_plan_canonical_sha256": "f2f9817b2f5b71878ff8b82b481d8f17db601cd864c595a563633fcc9aea1439",
  "campaign_plan_sha256": "76c58373d2acd5513c505824832b3628b2edaf695072cfb48560fb8646a45a2e",
  "campaign_schema": "scroliq-sheetness-campaign/1",
  "claim_boundary": "This v3 spec materializes one already-frozen campaign group against the exact deterministic sheetness report/cutout bytes. Its local decision rule checks measurement completeness only; the scientific pass/fail rule is applied across all frozen groups by scroliq-sheetness-campaign aggregate.",
  "cutout_manifest_sha256": "74be1e2cf4a05bf388bcec2e9b21e2444496c790472093fc7d67ea72fc4edac7",
  "decision_rule": {
    "min_median_abs_cosine": 0.0,
    "min_median_normal_offset_margin": -1.0,
    "min_normal_completeness": 1.0,
    "min_normal_offset_win_fraction": 0.0,
    "min_score_completeness": 1.0
  },
  "frozen_engine": {
    "code_revision": "65bb493b87795011e1bed1ed0b2e0272e0f5a733",
    "max_voxels": 2500000,
    "method": "itk-hessian-objectness-m2-n3-compatible",
    "normalization": {
      "enabled": true,
      "lower_percentile": 1.0,
      "upper_percentile": 99.0
    },
    "parameters": {
      "beta": 0.5,
      "bright_object": true,
      "gamma": 0.1,
      "scale_objectness": false,
      "sigmas": [
        0.8,
        1.2,
        1.8
      ]
    },
    "seed": null,
    "sheetness_benchmark_py_sha256": "0c0b3b5c4eeedfc8a5002b356439c874849301588c5a1c2ee53e9cf43eb88e79",
    "sheetness_campaign_py_sha256": "6ba6a78cb5ab45c8ddb462df59f99034ce0697617d3e3502e61b5f57b411a243",
    "sheetness_py_sha256": "d04c84aaadad5d3b42f372b9702c3980ae4dad8cc895fa0b02c9264d44473a51",
    "stochastic": false,
    "write_normal": true
  },
  "groups": [
    {
      "controls": [
        {
          "id": "surface-0025-offset-01",
          "role": "normal-offset",
          "zyx": [
            8.954580243410419,
            29.09159556174609,
            8.162132542819108
          ]
        },
        {
          "id": "surface-0025-offset-02",
          "role": "normal-offset",
          "zyx": [
            9.234614340454755,
            25.849508718373272,
            10.488170763597282
          ]
        },
        {
          "id": "surface-0025-offset-03",
          "role": "normal-offset",
          "zyx": [
            9.794682534545245,
            19.365335031626728,
            15.140247205152718
          ]
        },
        {
          "id": "surface-0025-offset-04",
          "role": "normal-offset",
          "zyx": [
            10.074716631589581,
            16.12324818825391,
            17.46628542593089
          ]
        },
        {
          "id": "surface-0025-wrong-wrap",
          "role": "wrong-wrap",
          "zyx": [
            10.7047933499407,
            8.828552790664617,
            22.6998714226811
          ]
        }
      ],
      "id": "surface-0025",
      "surface": {
        "reference_normal_zyx": [
          0.07000852426121179,
          -0.8105217108432663,
          0.5815095551944715
        ],
        "zyx": [
          9.5146484375,
          22.607421875,
          12.814208984375
        ]
      }
    }
  ],
  "input_sha256": "1c43c93c963fa6ec59d71d3b5684e8dd25192dbfa26b75b1302a7afd40866565",
  "schema_version": 3,
  "sheetness_report_sha256": "8975194be651cb82642c4a2f8b3833f3881910b635ab714d1214040e6a6a4808",
  "source_attestation": {
    "algorithm": "zpa-metadata-semantics-v1",
    "metadata_semantics_sha256": "58a956b0623bce7ba4f6fc38ec159cc4e500b2859b6619152574d5c9020c9bed",
    "state": "PRESENT"
  },
  "volume_root": "PHerc0139/volumes/20250728140407-9.362um-1.2m-113keV-masked.zarr"
}
$ scroliq-sheetness-eval --spec /home/runner/work/scrollq/scrollq/artifacts/2026-10-03-pherc0139-sheetness-run/specs/surface-0025.json --cutout-manifest /home/runner/work/scrollq/scrollq/artifacts/2026-10-03-pherc0139-sheetness-run/groups/surface-0025/cutout.json --report /home/runner/work/scrollq/scrollq/artifacts/2026-10-03-pherc0139-sheetness-run/groups/surface-0025/sheetness.sheetness.json --response /home/runner/work/scrollq/scrollq/artifacts/2026-10-03-pherc0139-sheetness-run/groups/surface-0025/sheetness.sheetness.npy --normal /home/runner/work/scrollq/scrollq/artifacts/2026-10-03-pherc0139-sheetness-run/groups/surface-0025/sheetness.normal-zyx.npy --out /home/runner/work/scrollq/scrollq/artifacts/2026-10-03-pherc0139-sheetness-run/results/surface-0025.json
{
  "claim_boundary": "This result tests whether a frozen sheetness field localizes a candidate surface relative to deliberate normal offsets on an exact audited CT volume. Wrong-wrap/competing-sheet probes are retained as mandatory descriptive controls, not a pass/fail target, because another papyrus sheet is itself sheet-like. This does not establish physical sheet identity/topology or demonstrate readable ink.",
  "decision_checks": {
    "median_abs_cosine": true,
    "median_normal_offset_margin": true,
    "normal_completeness": true,
    "normal_offset_win_fraction": true,
    "score_completeness": true
  },
  "engine": {
    "method": "itk-hessian-objectness-m2-n3-compatible",
    "normalization": {
      "enabled": true,
      "lower_percentile": 1.0,
      "lower_value": 17.0,
      "upper_percentile": 99.0,
      "upper_value": 177.0
    },
    "parameters": {
      "beta": 0.5,
      "bright_object": true,
      "gamma": 0.1,
      "scale_objectness": false,
      "sigmas": [
        0.8,
        1.2,
        1.8
      ]
    },
    "report_sha256": "8975194be651cb82642c4a2f8b3833f3881910b635ab714d1214040e6a6a4808",
    "seed": null,
    "stochastic": false
  },
  "groups": [
    {
      "controls": [
        {
          "failure": null,
          "global_zyx": [
            6843.95458024341,
            2863.091595561746,
            2962.162132542819
          ],
          "id": "surface-0025-offset-01",
          "role": "normal-offset",
          "score": 0.0005281114007816059,
          "zyx": [
            8.954580243410419,
            29.09159556174609,
            8.162132542819108
          ]
        },
        {
          "failure": null,
          "global_zyx": [
            6844.234614340455,
            2859.8495087183733,
            2964.4881707635973
          ],
          "id": "surface-0025-offset-02",
          "role": "normal-offset",
          "score": 0.0004267232959967786,
          "zyx": [
            9.234614340454755,
            25.849508718373272,
            10.488170763597282
          ]
        },
        {
          "failure": null,
          "global_zyx": [
            6844.794682534545,
            2853.3653350316267,
            2969.1402472051527
          ],
          "id": "surface-0025-offset-03",
          "role": "normal-offset",
          "score": 0.0,
          "zyx": [
            9.794682534545245,
            19.365335031626728,
            15.140247205152718
          ]
        },
        {
          "failure": null,
          "global_zyx": [
            6845.07471663159,
            2850.123248188254,
            2971.466285425931
          ],
          "id": "surface-0025-offset-04",
          "role": "normal-offset",
          "score": 0.20859032760342935,
          "zyx": [
            10.074716631589581,
            16.12324818825391,
            17.46628542593089
          ]
        },
        {
          "failure": null,
          "global_zyx": [
            6845.704793349941,
            2842.8285527906646,
            2976.699871422681
          ],
          "id": "surface-0025-wrong-wrap",
          "role": "wrong-wrap",
          "score": 0.021992609677628512,
          "zyx": [
            10.7047933499407,
            8.828552790664617,
            22.6998714226811
          ]
        }
      ],
      "id": "surface-0025",
      "score_complete": true,
      "surface": {
        "global_zyx": [
          6844.5146484375,
          2856.607421875,
          2966.814208984375
        ],
        "normal_failure": null,
        "predicted_normal_abs_cosine": 0.9044782281328945,
        "reference_normal_zyx": [
          0.07000852426121179,
          -0.8105217108432663,
          0.5815095551944715
        ],
        "score": 0.013169515641435429,
        "score_failure": null,
        "zyx": [
          9.5146484375,
          22.607421875,
          12.814208984375
        ]
      },
      "surface_beats_all_normal_offsets": false,
      "surface_beats_all_wrong_wraps": false,
      "surface_minus_best_normal_offset": -0.19542081196199393,
      "surface_minus_best_wrong_wrap": -0.008823094036193083
    }
  ],
  "inputs": {
    "cutout_manifest_sha256": "74be1e2cf4a05bf388bcec2e9b21e2444496c790472093fc7d67ea72fc4edac7",
    "cutout_sha256": "1c43c93c963fa6ec59d71d3b5684e8dd25192dbfa26b75b1302a7afd40866565",
    "global_bbox_zyx_half_open": {
      "start": [
        6835,
        2834,
        2954
      ],
      "stop": [
        6855,
        2873,
        2986
      ]
    },
    "normal_sha256": "256706cdb4f3f27182559aa576325330bcbef12c188208c3254f75985e0f61f3",
    "response_sha256": "fbd57551be114514f6b34771dca672a6449a6eb9b9747489abb2a92e4a7fa692",
    "shape_zyx": [
      20,
      39,
      32
    ],
    "zpa_report_sha256": "9a659bd974478032e1c4115c4e349ea4cd2711e090852500b7396bf480d92bdc"
  },
  "metrics": {
    "group_count": 1,
    "median_abs_cosine": 0.9044782281328945,
    "median_surface_minus_best_normal_offset": -0.19542081196199393,
    "median_surface_minus_best_wrong_wrap_descriptive": -0.008823094036193083,
    "normal_complete_count": 1,
    "normal_completeness": 1.0,
    "normal_offset_win_count": 0,
    "normal_offset_win_fraction": 0.0,
    "score_complete_count": 1,
    "score_completeness": 1.0,
    "wrong_wrap_win_count_descriptive": 0,
    "wrong_wrap_win_fraction_descriptive": 0.0
  },
  "schema": "scroliq-sheetness-benchmark/3",
  "source_attestation": {
    "algorithm": "zpa-metadata-semantics-v1",
    "metadata_semantics_sha256": "58a956b0623bce7ba4f6fc38ec159cc4e500b2859b6619152574d5c9020c9bed",
    "state": "PRESENT"
  },
  "spec": {
    "canonical_sha256": "7086cf249b2a68abe82859f683b15d29453ae26bf5c80e2c02a8a01d2774f277",
    "decision_rule": {
      "min_median_abs_cosine": 0.0,
      "min_median_normal_offset_margin": -1.0,
      "min_normal_completeness": 1.0,
      "min_normal_offset_win_fraction": 0.0,
      "min_score_completeness": 1.0
    },
    "file_sha256": "8fd039015759a3e5fc890028bd1f3973f16de000fa854e75cdf90fcec09da0e3"
  },
  "status": "pass",
  "volume_root": "PHerc0139/volumes/20250728140407-9.362um-1.2m-113keV-masked.zarr",
  "wrong_wrap_interpretation": "descriptive-only: a genuine competing papyrus sheet is also expected to be sheet-like, so wrong-wrap response measures the method's sheet-identity limitation and is not a pass/fail criterion"
}
$ scroliq-ct-cutout --ct-url https://vesuvius-challenge-open-data.s3.amazonaws.com/PHerc0139/volumes/20250728140407-9.362um-1.2m-113keV-masked.zarr --volume-root PHerc0139/volumes/20250728140407-9.362um-1.2m-113keV-masked.zarr --zpa-report /home/runner/work/scrollq/scrollq/artifacts/2026-10-03-pherc0139-sheetness-prereg/zpa.json --start 7086,4129,2152 --stop 7104,4172,2186 --out /home/runner/work/scrollq/scrollq/artifacts/2026-10-03-pherc0139-sheetness-run/groups/surface-0026/cutout.npy --manifest /home/runner/work/scrollq/scrollq/artifacts/2026-10-03-pherc0139-sheetness-run/groups/surface-0026/cutout.json
{
  "bbox_zyx_half_open": {
    "start": [
      7086,
      4129,
      2152
    ],
    "stop": [
      7104,
      4172,
      2186
    ]
  },
  "claim_boundary": "This manifest binds one local NumPy cutout to an exact audited level-0 ZYX box and records every touched source chunk. It does not establish papyrus sheet identity, topology, ink, or readability.",
  "coordinate_space": "level0-voxel-index",
  "ct_url": "https://vesuvius-challenge-open-data.s3.amazonaws.com/PHerc0139/volumes/20250728140407-9.362um-1.2m-113keV-masked.zarr",
  "cutout": {
    "dtype": "uint8",
    "path": "/home/runner/work/scrollq/scrollq/artifacts/2026-10-03-pherc0139-sheetness-run/groups/surface-0026/cutout.npy",
    "sha256": "3b4ac09f311c0b31d4fef1d41ae28638d1497fcd509d714fc63126493a1c836f",
    "shape_zyx": [
      18,
      43,
      34
    ]
  },
  "level": 0,
  "local_to_global": {
    "definition": "global_zyx = local_zyx + start_zyx",
    "kind": "integer-translation",
    "start_zyx": [
      7086,
      4129,
      2152
    ]
  },
  "schema": "scroliq-ct-cutout/1",
  "source_array": {
    "chunks_zyx": [
      128,
      128,
      128
    ],
    "dtype": "|u1",
    "path": "0",
    "shape_zyx": [
      20974,
      6621,
      6621
    ]
  },
  "source_attestation": {
    "absolute_scale_state": "unspecified",
    "algorithm": "zpa-metadata-semantics-v1",
    "axes": [
      "z",
      "y",
      "x"
    ],
    "base_declared_scale": [
      1.0,
      1.0,
      1.0
    ],
    "metadata_semantics_sha256": "58a956b0623bce7ba4f6fc38ec159cc4e500b2859b6619152574d5c9020c9bed",
    "spatial_axes": [
      {
        "index": 0,
        "name": "z",
        "unit": null
      },
      {
        "index": 1,
        "name": "y",
        "unit": null
      },
      {
        "index": 2,
        "name": "x",
        "unit": null
      }
    ],
    "state": "PRESENT"
  },
  "source_chunks": {
    "count": 2,
    "missing_count": 0,
    "touched_zyx": [
      [
        55,
        32,
        16
      ],
      [
        55,
        32,
        17
      ]
    ]
  },
  "status": "measured",
  "volume_root": "PHerc0139/volumes/20250728140407-9.362um-1.2m-113keV-masked.zarr",
  "zpa_report": {
    "integrity": "PASS",
    "path": "/home/runner/work/scrollq/scrollq/artifacts/2026-10-03-pherc0139-sheetness-prereg/zpa.json",
    "schema_version": "1.3.0",
    "sha256": "9a659bd974478032e1c4115c4e349ea4cd2711e090852500b7396bf480d92bdc"
  }
}
$ scroliq-sheetness /home/runner/work/scrollq/scrollq/artifacts/2026-10-03-pherc0139-sheetness-run/groups/surface-0026/cutout.npy --out-prefix /home/runner/work/scrollq/scrollq/artifacts/2026-10-03-pherc0139-sheetness-run/groups/surface-0026/sheetness --sigmas 0.8,1.2,1.8 --beta 0.5 --gamma 0.1 --bright-object --normalize-low 1.0 --normalize-high 99.0 --write-normal --max-voxels 2500000
{
  "input": {
    "dtype": "uint8",
    "path": "/home/runner/work/scrollq/scrollq/artifacts/2026-10-03-pherc0139-sheetness-run/groups/surface-0026/cutout.npy",
    "sha256": "3b4ac09f311c0b31d4fef1d41ae28638d1497fcd509d714fc63126493a1c836f",
    "shape_zyx": [
      18,
      43,
      34
    ],
    "voxels": 26316
  },
  "kind": "sheetness",
  "method": "itk-hessian-objectness-m2-n3-compatible",
  "normal": {
    "basis": "ZYX voxel axes",
    "interpretation": "unit eigenvector of the largest-absolute Hessian eigenvalue at the winning scale; sign is arbitrary",
    "output_path": "/home/runner/work/scrollq/scrollq/artifacts/2026-10-03-pherc0139-sheetness-run/groups/surface-0026/sheetness.normal-zyx.npy",
    "output_sha256": "9ecf17e10e715e5b813b38ce1522729aaed26e14494a3e69e262ce677f410030"
  },
  "normalization": {
    "enabled": true,
    "lower_percentile": 1.0,
    "lower_value": 21.0,
    "upper_percentile": 99.0,
    "upper_value": 164.0
  },
  "parameters": {
    "beta": 0.5,
    "bright_object": true,
    "gamma": 0.1,
    "scale_objectness": false,
    "sigmas": [
      0.8,
      1.2,
      1.8
    ]
  },
  "per_scale": [
    {
      "response_max": 0.7105083465576172,
      "response_mean": 0.05146915093064308,
      "response_p99": 0.5149539113044739,
      "sigma": 0.8
    },
    {
      "response_max": 0.9435213804244995,
      "response_mean": 0.1063227429986,
      "response_p99": 0.8456623554229736,
      "sigma": 1.2
    },
    {
      "response_max": 0.9875319004058838,
      "response_mean": 0.15483830869197845,
      "response_p99": 0.9472002983093262,
      "sigma": 1.8
    }
  ],
  "response": {
    "nonzero_fraction": 0.5992172062623499,
    "output_path": "/home/runner/work/scrollq/scrollq/artifacts/2026-10-03-pherc0139-sheetness-run/groups/surface-0026/sheetness.sheetness.npy",
    "output_sha256": "7c893a64a3df859787f7b22fc3d4d64272faedbdc3cbf95e35215a95f09c1784",
    "summary": {
      "max": 0.9875319004058838,
      "mean": 0.15884603559970856,
      "min": 0.0,
      "p50": 0.004277614410966635,
      "p90": 0.6569567918777466,
      "p99": 0.9472002983093262
    }
  },
  "schema_version": 1,
  "scope": "local 3-D cutout diagnostic; not by itself evidence of correct papyrus identity, winding identity, recto/verso, or readable ink",
  "status": "measured",
  "winning_scale": {
    "counts": {
      "0.800000011920929": 12225,
      "1.2000000476837158": 3042,
      "1.7999999523162842": 11049
    },
    "output_path": "/home/runner/work/scrollq/scrollq/artifacts/2026-10-03-pherc0139-sheetness-run/groups/surface-0026/sheetness.scale.npy",
    "output_sha256": "4aec32f7710b91cb26b7d920a22e13ee388e63bbdf0a63e3ffa553e17b8dd908"
  }
}
$ scroliq-sheetness-campaign seal-group --plan /home/runner/work/scrollq/scrollq/artifacts/2026-10-03-pherc0139-sheetness-campaign/campaign-plan.json --group-id surface-0026 --cutout-manifest /home/runner/work/scrollq/scrollq/artifacts/2026-10-03-pherc0139-sheetness-run/groups/surface-0026/cutout.json --sheetness-report /home/runner/work/scrollq/scrollq/artifacts/2026-10-03-pherc0139-sheetness-run/groups/surface-0026/sheetness.sheetness.json --out /home/runner/work/scrollq/scrollq/artifacts/2026-10-03-pherc0139-sheetness-run/specs/surface-0026.json
{
  "campaign_decision_rule": {
    "min_median_abs_cosine": 0.7,
    "min_median_normal_offset_margin": 0.0,
    "min_normal_completeness": 1.0,
    "min_normal_offset_win_fraction": 0.75,
    "min_score_completeness": 1.0
  },
  "campaign_group_id": "surface-0026",
  "campaign_plan_canonical_sha256": "f2f9817b2f5b71878ff8b82b481d8f17db601cd864c595a563633fcc9aea1439",
  "campaign_plan_sha256": "76c58373d2acd5513c505824832b3628b2edaf695072cfb48560fb8646a45a2e",
  "campaign_schema": "scroliq-sheetness-campaign/1",
  "claim_boundary": "This v3 spec materializes one already-frozen campaign group against the exact deterministic sheetness report/cutout bytes. Its local decision rule checks measurement completeness only; the scientific pass/fail rule is applied across all frozen groups by scroliq-sheetness-campaign aggregate.",
  "cutout_manifest_sha256": "e732a4b17d25728d336a06f2e46dd88d6b7e3618d927bf1657a8d7a23d5626cd",
  "decision_rule": {
    "min_median_abs_cosine": 0.0,
    "min_median_normal_offset_margin": -1.0,
    "min_normal_completeness": 1.0,
    "min_normal_offset_win_fraction": 0.0,
    "min_score_completeness": 1.0
  },
  "frozen_engine": {
    "code_revision": "65bb493b87795011e1bed1ed0b2e0272e0f5a733",
    "max_voxels": 2500000,
    "method": "itk-hessian-objectness-m2-n3-compatible",
    "normalization": {
      "enabled": true,
      "lower_percentile": 1.0,
      "upper_percentile": 99.0
    },
    "parameters": {
      "beta": 0.5,
      "bright_object": true,
      "gamma": 0.1,
      "scale_objectness": false,
      "sigmas": [
        0.8,
        1.2,
        1.8
      ]
    },
    "seed": null,
    "sheetness_benchmark_py_sha256": "0c0b3b5c4eeedfc8a5002b356439c874849301588c5a1c2ee53e9cf43eb88e79",
    "sheetness_campaign_py_sha256": "6ba6a78cb5ab45c8ddb462df59f99034ce0697617d3e3502e61b5f57b411a243",
    "sheetness_py_sha256": "d04c84aaadad5d3b42f372b9702c3980ae4dad8cc895fa0b02c9264d44473a51",
    "stochastic": false,
    "write_normal": true
  },
  "groups": [
    {
      "controls": [
        {
          "id": "surface-0026-offset-01",
          "role": "normal-offset",
          "zyx": [
            8.896203590497862,
            19.743164156695457,
            17.521071279361422
          ]
        },
        {
          "id": "surface-0026-offset-02",
          "role": "normal-offset",
          "zyx": [
            8.889996326499386,
            23.127929734597274,
            15.389563959993211
          ]
        },
        {
          "id": "surface-0026-offset-03",
          "role": "normal-offset",
          "zyx": [
            8.877581798500614,
            29.897460890402726,
            11.126549321256789
          ]
        },
        {
          "id": "surface-0026-offset-04",
          "role": "normal-offset",
          "zyx": [
            8.871374534502138,
            33.28222646830454,
            8.995042001888578
          ]
        },
        {
          "id": "surface-0026-wrong-wrap",
          "role": "wrong-wrap",
          "zyx": [
            8.917153106495789,
            8.319580331273755,
            24.71490848222902
          ]
        }
      ],
      "id": "surface-0026",
      "surface": {
        "reference_normal_zyx": [
          -0.0015518159997833308,
          0.846191394475624,
          -0.5328768298420393
        ],
        "zyx": [
          8.8837890625,
          26.5126953125,
          13.258056640625
        ]
      }
    }
  ],
  "input_sha256": "3b4ac09f311c0b31d4fef1d41ae28638d1497fcd509d714fc63126493a1c836f",
  "schema_version": 3,
  "sheetness_report_sha256": "2a5cfa59fec76db0b305d9e623136c961ec8f8c6d3f2456db8785e1fb2332842",
  "source_attestation": {
    "algorithm": "zpa-metadata-semantics-v1",
    "metadata_semantics_sha256": "58a956b0623bce7ba4f6fc38ec159cc4e500b2859b6619152574d5c9020c9bed",
    "state": "PRESENT"
  },
  "volume_root": "PHerc0139/volumes/20250728140407-9.362um-1.2m-113keV-masked.zarr"
}
$ scroliq-sheetness-eval --spec /home/runner/work/scrollq/scrollq/artifacts/2026-10-03-pherc0139-sheetness-run/specs/surface-0026.json --cutout-manifest /home/runner/work/scrollq/scrollq/artifacts/2026-10-03-pherc0139-sheetness-run/groups/surface-0026/cutout.json --report /home/runner/work/scrollq/scrollq/artifacts/2026-10-03-pherc0139-sheetness-run/groups/surface-0026/sheetness.sheetness.json --response /home/runner/work/scrollq/scrollq/artifacts/2026-10-03-pherc0139-sheetness-run/groups/surface-0026/sheetness.sheetness.npy --normal /home/runner/work/scrollq/scrollq/artifacts/2026-10-03-pherc0139-sheetness-run/groups/surface-0026/sheetness.normal-zyx.npy --out /home/runner/work/scrollq/scrollq/artifacts/2026-10-03-pherc0139-sheetness-run/results/surface-0026.json
{
  "claim_boundary": "This result tests whether a frozen sheetness field localizes a candidate surface relative to deliberate normal offsets on an exact audited CT volume. Wrong-wrap/competing-sheet probes are retained as mandatory descriptive controls, not a pass/fail target, because another papyrus sheet is itself sheet-like. This does not establish physical sheet identity/topology or demonstrate readable ink.",
  "decision_checks": {
    "median_abs_cosine": true,
    "median_normal_offset_margin": true,
    "normal_completeness": true,
    "normal_offset_win_fraction": true,
    "score_completeness": true
  },
  "engine": {
    "method": "itk-hessian-objectness-m2-n3-compatible",
    "normalization": {
      "enabled": true,
      "lower_percentile": 1.0,
      "lower_value": 21.0,
      "upper_percentile": 99.0,
      "upper_value": 164.0
    },
    "parameters": {
      "beta": 0.5,
      "bright_object": true,
      "gamma": 0.1,
      "scale_objectness": false,
      "sigmas": [
        0.8,
        1.2,
        1.8
      ]
    },
    "report_sha256": "2a5cfa59fec76db0b305d9e623136c961ec8f8c6d3f2456db8785e1fb2332842",
    "seed": null,
    "stochastic": false
  },
  "groups": [
    {
      "controls": [
        {
          "failure": null,
          "global_zyx": [
            7094.896203590498,
            4148.7431641566955,
            2169.5210712793614
          ],
          "id": "surface-0026-offset-01",
          "role": "normal-offset",
          "score": 0.47079504466084016,
          "zyx": [
            8.896203590497862,
            19.743164156695457,
            17.521071279361422
          ]
        },
        {
          "failure": null,
          "global_zyx": [
            7094.889996326499,
            4152.127929734597,
            2167.389563959993
          ],
          "id": "surface-0026-offset-02",
          "role": "normal-offset",
          "score": 0.1560585084789789,
          "zyx": [
            8.889996326499386,
            23.127929734597274,
            15.389563959993211
          ]
        },
        {
          "failure": null,
          "global_zyx": [
            7094.877581798501,
            4158.897460890403,
            2163.126549321257
          ],
          "id": "surface-0026-offset-03",
          "role": "normal-offset",
          "score": 0.006375832113177298,
          "zyx": [
            8.877581798500614,
            29.897460890402726,
            11.126549321256789
          ]
        },
        {
          "failure": null,
          "global_zyx": [
            7094.871374534502,
            4162.2822264683045,
            2160.9950420018886
          ],
          "id": "surface-0026-offset-04",
          "role": "normal-offset",
          "score": 0.00772058433906227,
          "zyx": [
            8.871374534502138,
            33.28222646830454,
            8.995042001888578
          ]
        },
        {
          "failure": null,
          "global_zyx": [
            7094.917153106496,
            4137.319580331274,
            2176.714908482229
          ],
          "id": "surface-0026-wrong-wrap",
          "role": "wrong-wrap",
          "score": 0.0409349664620429,
          "zyx": [
            8.917153106495789,
            8.319580331273755,
            24.71490848222902
          ]
        }
      ],
      "id": "surface-0026",
      "score_complete": true,
      "surface": {
        "global_zyx": [
          7094.8837890625,
          4155.5126953125,
          2165.258056640625
        ],
        "normal_failure": null,
        "predicted_normal_abs_cosine": 0.9464066601881981,
        "reference_normal_zyx": [
          -0.0015518159997833308,
          0.846191394475624,
          -0.5328768298420393
        ],
        "score": 0.0033096125596492106,
        "score_failure": null,
        "zyx": [
          8.8837890625,
          26.5126953125,
          13.258056640625
        ]
      },
      "surface_beats_all_normal_offsets": false,
      "surface_beats_all_wrong_wraps": false,
      "surface_minus_best_normal_offset": -0.4674854321011909,
      "surface_minus_best_wrong_wrap": -0.03762535390239369
    }
  ],
  "inputs": {
    "cutout_manifest_sha256": "e732a4b17d25728d336a06f2e46dd88d6b7e3618d927bf1657a8d7a23d5626cd",
    "cutout_sha256": "3b4ac09f311c0b31d4fef1d41ae28638d1497fcd509d714fc63126493a1c836f",
    "global_bbox_zyx_half_open": {
      "start": [
        7086,
        4129,
        2152
      ],
      "stop": [
        7104,
        4172,
        2186
      ]
    },
    "normal_sha256": "9ecf17e10e715e5b813b38ce1522729aaed26e14494a3e69e262ce677f410030",
    "response_sha256": "7c893a64a3df859787f7b22fc3d4d64272faedbdc3cbf95e35215a95f09c1784",
    "shape_zyx": [
      18,
      43,
      34
    ],
    "zpa_report_sha256": "9a659bd974478032e1c4115c4e349ea4cd2711e090852500b7396bf480d92bdc"
  },
  "metrics": {
    "group_count": 1,
    "median_abs_cosine": 0.9464066601881981,
    "median_surface_minus_best_normal_offset": -0.4674854321011909,
    "median_surface_minus_best_wrong_wrap_descriptive": -0.03762535390239369,
    "normal_complete_count": 1,
    "normal_completeness": 1.0,
    "normal_offset_win_count": 0,
    "normal_offset_win_fraction": 0.0,
    "score_complete_count": 1,
    "score_completeness": 1.0,
    "wrong_wrap_win_count_descriptive": 0,
    "wrong_wrap_win_fraction_descriptive": 0.0
  },
  "schema": "scroliq-sheetness-benchmark/3",
  "source_attestation": {
    "algorithm": "zpa-metadata-semantics-v1",
    "metadata_semantics_sha256": "58a956b0623bce7ba4f6fc38ec159cc4e500b2859b6619152574d5c9020c9bed",
    "state": "PRESENT"
  },
  "spec": {
    "canonical_sha256": "5732af1ab92606b0d171c54772787e9558e76d4d939126211154d5cff6bea039",
    "decision_rule": {
      "min_median_abs_cosine": 0.0,
      "min_median_normal_offset_margin": -1.0,
      "min_normal_completeness": 1.0,
      "min_normal_offset_win_fraction": 0.0,
      "min_score_completeness": 1.0
    },
    "file_sha256": "c42a87306425a6b166401e52103802758d4437926fde82562429c378431c2c93"
  },
  "status": "pass",
  "volume_root": "PHerc0139/volumes/20250728140407-9.362um-1.2m-113keV-masked.zarr",
  "wrong_wrap_interpretation": "descriptive-only: a genuine competing papyrus sheet is also expected to be sheet-like, so wrong-wrap response measures the method's sheet-identity limitation and is not a pass/fail criterion"
}
$ scroliq-ct-cutout --ct-url https://vesuvius-challenge-open-data.s3.amazonaws.com/PHerc0139/volumes/20250728140407-9.362um-1.2m-113keV-masked.zarr --volume-root PHerc0139/volumes/20250728140407-9.362um-1.2m-113keV-masked.zarr --zpa-report /home/runner/work/scrollq/scrollq/artifacts/2026-10-03-pherc0139-sheetness-prereg/zpa.json --start 7163,4453,2700 --stop 7183,4494,2727 --out /home/runner/work/scrollq/scrollq/artifacts/2026-10-03-pherc0139-sheetness-run/groups/surface-0027/cutout.npy --manifest /home/runner/work/scrollq/scrollq/artifacts/2026-10-03-pherc0139-sheetness-run/groups/surface-0027/cutout.json
{
  "bbox_zyx_half_open": {
    "start": [
      7163,
      4453,
      2700
    ],
    "stop": [
      7183,
      4494,
      2727
    ]
  },
  "claim_boundary": "This manifest binds one local NumPy cutout to an exact audited level-0 ZYX box and records every touched source chunk. It does not establish papyrus sheet identity, topology, ink, or readability.",
  "coordinate_space": "level0-voxel-index",
  "ct_url": "https://vesuvius-challenge-open-data.s3.amazonaws.com/PHerc0139/volumes/20250728140407-9.362um-1.2m-113keV-masked.zarr",
  "cutout": {
    "dtype": "uint8",
    "path": "/home/runner/work/scrollq/scrollq/artifacts/2026-10-03-pherc0139-sheetness-run/groups/surface-0027/cutout.npy",
    "sha256": "02d67f5b771b79068049699e50dec8de7de4ed29c76349f9f5343625a027ea3c",
    "shape_zyx": [
      20,
      41,
      27
    ]
  },
  "level": 0,
  "local_to_global": {
    "definition": "global_zyx = local_zyx + start_zyx",
    "kind": "integer-translation",
    "start_zyx": [
      7163,
      4453,
      2700
    ]
  },
  "schema": "scroliq-ct-cutout/1",
  "source_array": {
    "chunks_zyx": [
      128,
      128,
      128
    ],
    "dtype": "|u1",
    "path": "0",
    "shape_zyx": [
      20974,
      6621,
      6621
    ]
  },
  "source_attestation": {
    "absolute_scale_state": "unspecified",
    "algorithm": "zpa-metadata-semantics-v1",
    "axes": [
      "z",
      "y",
      "x"
    ],
    "base_declared_scale": [
      1.0,
      1.0,
      1.0
    ],
    "metadata_semantics_sha256": "58a956b0623bce7ba4f6fc38ec159cc4e500b2859b6619152574d5c9020c9bed",
    "spatial_axes": [
      {
        "index": 0,
        "name": "z",
        "unit": null
      },
      {
        "index": 1,
        "name": "y",
        "unit": null
      },
      {
        "index": 2,
        "name": "x",
        "unit": null
      }
    ],
    "state": "PRESENT"
  },
  "source_chunks": {
    "count": 4,
    "missing_count": 0,
    "touched_zyx": [
      [
        55,
        34,
        21
      ],
      [
        55,
        35,
        21
      ],
      [
        56,
        34,
        21
      ],
      [
        56,
        35,
        21
      ]
    ]
  },
  "status": "measured",
  "volume_root": "PHerc0139/volumes/20250728140407-9.362um-1.2m-113keV-masked.zarr",
  "zpa_report": {
    "integrity": "PASS",
    "path": "/home/runner/work/scrollq/scrollq/artifacts/2026-10-03-pherc0139-sheetness-prereg/zpa.json",
    "schema_version": "1.3.0",
    "sha256": "9a659bd974478032e1c4115c4e349ea4cd2711e090852500b7396bf480d92bdc"
  }
}
$ scroliq-sheetness /home/runner/work/scrollq/scrollq/artifacts/2026-10-03-pherc0139-sheetness-run/groups/surface-0027/cutout.npy --out-prefix /home/runner/work/scrollq/scrollq/artifacts/2026-10-03-pherc0139-sheetness-run/groups/surface-0027/sheetness --sigmas 0.8,1.2,1.8 --beta 0.5 --gamma 0.1 --bright-object --normalize-low 1.0 --normalize-high 99.0 --write-normal --max-voxels 2500000
{
  "input": {
    "dtype": "uint8",
    "path": "/home/runner/work/scrollq/scrollq/artifacts/2026-10-03-pherc0139-sheetness-run/groups/surface-0027/cutout.npy",
    "sha256": "02d67f5b771b79068049699e50dec8de7de4ed29c76349f9f5343625a027ea3c",
    "shape_zyx": [
      20,
      41,
      27
    ],
    "voxels": 22140
  },
  "kind": "sheetness",
  "method": "itk-hessian-objectness-m2-n3-compatible",
  "normal": {
    "basis": "ZYX voxel axes",
    "interpretation": "unit eigenvector of the largest-absolute Hessian eigenvalue at the winning scale; sign is arbitrary",
    "output_path": "/home/runner/work/scrollq/scrollq/artifacts/2026-10-03-pherc0139-sheetness-run/groups/surface-0027/sheetness.normal-zyx.npy",
    "output_sha256": "b023275c963e4e07794136dadc94243858e4792fd40ed17844d14338a5c72c19"
  },
  "normalization": {
    "enabled": true,
    "lower_percentile": 1.0,
    "lower_value": 24.0,
    "upper_percentile": 99.0,
    "upper_value": 168.0
  },
  "parameters": {
    "beta": 0.5,
    "bright_object": true,
    "gamma": 0.1,
    "scale_objectness": false,
    "sigmas": [
      0.8,
      1.2,
      1.8
    ]
  },
  "per_scale": [
    {
      "response_max": 0.8314340710639954,
      "response_mean": 0.05055579915642738,
      "response_p99": 0.5555051565170288,
      "sigma": 0.8
    },
    {
      "response_max": 0.9635491371154785,
      "response_mean": 0.09954856336116791,
      "response_p99": 0.8366973400115967,
      "sigma": 1.2
    },
    {
      "response_max": 0.9706680774688721,
      "response_mean": 0.14688242971897125,
      "response_p99": 0.9080089926719666,
      "sigma": 1.8
    }
  ],
  "response": {
    "nonzero_fraction": 0.5797651309846432,
    "output_path": "/home/runner/work/scrollq/scrollq/artifacts/2026-10-03-pherc0139-sheetness-run/groups/surface-0027/sheetness.sheetness.npy",
    "output_sha256": "55818817ce62fc71a839200085150f1c8ae6cb6ef5b496c8c48329a88bd1765a",
    "summary": {
      "max": 0.9706680774688721,
      "mean": 0.1516612321138382,
      "min": 0.0,
      "p50": 0.018360193818807602,
      "p90": 0.5448676943778992,
      "p99": 0.9080089926719666
    }
  },
  "schema_version": 1,
  "scope": "local 3-D cutout diagnostic; not by itself evidence of correct papyrus identity, winding identity, recto/verso, or readable ink",
  "status": "measured",
  "winning_scale": {
    "counts": {
      "0.800000011920929": 10948,
      "1.2000000476837158": 2058,
      "1.7999999523162842": 9134
    },
    "output_path": "/home/runner/work/scrollq/scrollq/artifacts/2026-10-03-pherc0139-sheetness-run/groups/surface-0027/sheetness.scale.npy",
    "output_sha256": "2303a0c4a493736cb998c04db050a5071e572e1094014a8065bcf88ad6782815"
  }
}
$ scroliq-sheetness-campaign seal-group --plan /home/runner/work/scrollq/scrollq/artifacts/2026-10-03-pherc0139-sheetness-campaign/campaign-plan.json --group-id surface-0027 --cutout-manifest /home/runner/work/scrollq/scrollq/artifacts/2026-10-03-pherc0139-sheetness-run/groups/surface-0027/cutout.json --sheetness-report /home/runner/work/scrollq/scrollq/artifacts/2026-10-03-pherc0139-sheetness-run/groups/surface-0027/sheetness.sheetness.json --out /home/runner/work/scrollq/scrollq/artifacts/2026-10-03-pherc0139-sheetness-run/specs/surface-0027.json
{
  "campaign_decision_rule": {
    "min_median_abs_cosine": 0.7,
    "min_median_normal_offset_margin": 0.0,
    "min_normal_completeness": 1.0,
    "min_normal_offset_win_fraction": 0.75,
    "min_score_completeness": 1.0
  },
  "campaign_group_id": "surface-0027",
  "campaign_plan_canonical_sha256": "f2f9817b2f5b71878ff8b82b481d8f17db601cd864c595a563633fcc9aea1439",
  "campaign_plan_sha256": "76c58373d2acd5513c505824832b3628b2edaf695072cfb48560fb8646a45a2e",
  "campaign_schema": "scroliq-sheetness-campaign/1",
  "claim_boundary": "This v3 spec materializes one already-frozen campaign group against the exact deterministic sheetness report/cutout bytes. Its local decision rule checks measurement completeness only; the scientific pass/fail rule is applied across all frozen groups by scroliq-sheetness-campaign aggregate.",
  "cutout_manifest_sha256": "0d13efd8088ebc0cc9873ed53b62a9bcd587e505928e3fd4d6029e0cc236277f",
  "decision_rule": {
    "min_median_abs_cosine": 0.0,
    "min_median_normal_offset_margin": -1.0,
    "min_normal_completeness": 1.0,
    "min_normal_offset_win_fraction": 0.0,
    "min_score_completeness": 1.0
  },
  "frozen_engine": {
    "code_revision": "65bb493b87795011e1bed1ed0b2e0272e0f5a733",
    "max_voxels": 2500000,
    "method": "itk-hessian-objectness-m2-n3-compatible",
    "normalization": {
      "enabled": true,
      "lower_percentile": 1.0,
      "upper_percentile": 99.0
    },
    "parameters": {
      "beta": 0.5,
      "bright_object": true,
      "gamma": 0.1,
      "scale_objectness": false,
      "sigmas": [
        0.8,
        1.2,
        1.8
      ]
    },
    "seed": null,
    "sheetness_benchmark_py_sha256": "0c0b3b5c4eeedfc8a5002b356439c874849301588c5a1c2ee53e9cf43eb88e79",
    "sheetness_campaign_py_sha256": "6ba6a78cb5ab45c8ddb462df59f99034ce0697617d3e3502e61b5f57b411a243",
    "sheetness_py_sha256": "d04c84aaadad5d3b42f372b9702c3980ae4dad8cc895fa0b02c9264d44473a51",
    "stochastic": false,
    "write_normal": true
  },
  "groups": [
    {
      "controls": [
        {
          "id": "surface-0027-offset-01",
          "role": "normal-offset",
          "zyx": [
            9.612509968935228,
            16.338937583079314,
            14.42165220889001
          ]
        },
        {
          "id": "surface-0027-offset-02",
          "role": "normal-offset",
          "zyx": [
            9.33970225009216,
            20.038121135289657,
            12.924449151320005
          ]
        },
        {
          "id": "surface-0027-offset-03",
          "role": "normal-offset",
          "zyx": [
            8.79408681240784,
            27.436488239710343,
            9.930043036179995
          ]
        },
        {
          "id": "surface-0027-offset-04",
          "role": "normal-offset",
          "zyx": [
            8.521279093564772,
            31.135671791920686,
            8.43283997860999
          ]
        },
        {
          "id": "surface-0027-wrong-wrap",
          "role": "wrong-wrap",
          "zyx": [
            10.192226371475044,
            8.478172534632904,
            17.60320870622627
          ]
        }
      ],
      "id": "surface-0027",
      "surface": {
        "reference_normal_zyx": [
          -0.06820192971063467,
          0.9247958880525625,
          -0.37430076439251075
        ],
        "zyx": [
          9.06689453125,
          23.7373046875,
          11.42724609375
        ]
      }
    }
  ],
  "input_sha256": "02d67f5b771b79068049699e50dec8de7de4ed29c76349f9f5343625a027ea3c",
  "schema_version": 3,
  "sheetness_report_sha256": "2231f3fc9afba716f9cb175bc5914be0a6bf6f934a2082533bdbf04b191b7b2d",
  "source_attestation": {
    "algorithm": "zpa-metadata-semantics-v1",
    "metadata_semantics_sha256": "58a956b0623bce7ba4f6fc38ec159cc4e500b2859b6619152574d5c9020c9bed",
    "state": "PRESENT"
  },
  "volume_root": "PHerc0139/volumes/20250728140407-9.362um-1.2m-113keV-masked.zarr"
}
$ scroliq-sheetness-eval --spec /home/runner/work/scrollq/scrollq/artifacts/2026-10-03-pherc0139-sheetness-run/specs/surface-0027.json --cutout-manifest /home/runner/work/scrollq/scrollq/artifacts/2026-10-03-pherc0139-sheetness-run/groups/surface-0027/cutout.json --report /home/runner/work/scrollq/scrollq/artifacts/2026-10-03-pherc0139-sheetness-run/groups/surface-0027/sheetness.sheetness.json --response /home/runner/work/scrollq/scrollq/artifacts/2026-10-03-pherc0139-sheetness-run/groups/surface-0027/sheetness.sheetness.npy --normal /home/runner/work/scrollq/scrollq/artifacts/2026-10-03-pherc0139-sheetness-run/groups/surface-0027/sheetness.normal-zyx.npy --out /home/runner/work/scrollq/scrollq/artifacts/2026-10-03-pherc0139-sheetness-run/results/surface-0027.json
{
  "claim_boundary": "This result tests whether a frozen sheetness field localizes a candidate surface relative to deliberate normal offsets on an exact audited CT volume. Wrong-wrap/competing-sheet probes are retained as mandatory descriptive controls, not a pass/fail target, because another papyrus sheet is itself sheet-like. This does not establish physical sheet identity/topology or demonstrate readable ink.",
  "decision_checks": {
    "median_abs_cosine": true,
    "median_normal_offset_margin": true,
    "normal_completeness": true,
    "normal_offset_win_fraction": true,
    "score_completeness": true
  },
  "engine": {
    "method": "itk-hessian-objectness-m2-n3-compatible",
    "normalization": {
      "enabled": true,
      "lower_percentile": 1.0,
      "lower_value": 24.0,
      "upper_percentile": 99.0,
      "upper_value": 168.0
    },
    "parameters": {
      "beta": 0.5,
      "bright_object": true,
      "gamma": 0.1,
      "scale_objectness": false,
      "sigmas": [
        0.8,
        1.2,
        1.8
      ]
    },
    "report_sha256": "2231f3fc9afba716f9cb175bc5914be0a6bf6f934a2082533bdbf04b191b7b2d",
    "seed": null,
    "stochastic": false
  },
  "groups": [
    {
      "controls": [
        {
          "failure": null,
          "global_zyx": [
            7172.612509968935,
            4469.338937583079,
            2714.42165220889
          ],
          "id": "surface-0027-offset-01",
          "role": "normal-offset",
          "score": 0.2741082841112758,
          "zyx": [
            9.612509968935228,
            16.338937583079314,
            14.42165220889001
          ]
        },
        {
          "failure": null,
          "global_zyx": [
            7172.339702250092,
            4473.03812113529,
            2712.92444915132
          ],
          "id": "surface-0027-offset-02",
          "role": "normal-offset",
          "score": 0.013555193449903264,
          "zyx": [
            9.33970225009216,
            20.038121135289657,
            12.924449151320005
          ]
        },
        {
          "failure": null,
          "global_zyx": [
            7171.794086812408,
            4480.43648823971,
            2709.93004303618
          ],
          "id": "surface-0027-offset-03",
          "role": "normal-offset",
          "score": 0.5555537807798956,
          "zyx": [
            8.79408681240784,
            27.436488239710343,
            9.930043036179995
          ]
        },
        {
          "failure": null,
          "global_zyx": [
            7171.521279093565,
            4484.135671791921,
            2708.43283997861
          ],
          "id": "surface-0027-offset-04",
          "role": "normal-offset",
          "score": 0.11702712121419824,
          "zyx": [
            8.521279093564772,
            31.135671791920686,
            8.43283997860999
          ]
        },
        {
          "failure": null,
          "global_zyx": [
            7173.192226371475,
            4461.478172534633,
            2717.6032087062263
          ],
          "id": "surface-0027-wrong-wrap",
          "role": "wrong-wrap",
          "score": 0.0,
          "zyx": [
            10.192226371475044,
            8.478172534632904,
            17.60320870622627
          ]
        }
      ],
      "id": "surface-0027",
      "score_complete": true,
      "surface": {
        "global_zyx": [
          7172.06689453125,
          4476.7373046875,
          2711.42724609375
        ],
        "normal_failure": null,
        "predicted_normal_abs_cosine": 0.9975648713570369,
        "reference_normal_zyx": [
          -0.06820192971063467,
          0.9247958880525625,
          -0.37430076439251075
        ],
        "score": 0.0,
        "score_failure": null,
        "zyx": [
          9.06689453125,
          23.7373046875,
          11.42724609375
        ]
      },
      "surface_beats_all_normal_offsets": false,
      "surface_beats_all_wrong_wraps": false,
      "surface_minus_best_normal_offset": -0.5555537807798956,
      "surface_minus_best_wrong_wrap": 0.0
    }
  ],
  "inputs": {
    "cutout_manifest_sha256": "0d13efd8088ebc0cc9873ed53b62a9bcd587e505928e3fd4d6029e0cc236277f",
    "cutout_sha256": "02d67f5b771b79068049699e50dec8de7de4ed29c76349f9f5343625a027ea3c",
    "global_bbox_zyx_half_open": {
      "start": [
        7163,
        4453,
        2700
      ],
      "stop": [
        7183,
        4494,
        2727
      ]
    },
    "normal_sha256": "b023275c963e4e07794136dadc94243858e4792fd40ed17844d14338a5c72c19",
    "response_sha256": "55818817ce62fc71a839200085150f1c8ae6cb6ef5b496c8c48329a88bd1765a",
    "shape_zyx": [
      20,
      41,
      27
    ],
    "zpa_report_sha256": "9a659bd974478032e1c4115c4e349ea4cd2711e090852500b7396bf480d92bdc"
  },
  "metrics": {
    "group_count": 1,
    "median_abs_cosine": 0.9975648713570369,
    "median_surface_minus_best_normal_offset": -0.5555537807798956,
    "median_surface_minus_best_wrong_wrap_descriptive": 0.0,
    "normal_complete_count": 1,
    "normal_completeness": 1.0,
    "normal_offset_win_count": 0,
    "normal_offset_win_fraction": 0.0,
    "score_complete_count": 1,
    "score_completeness": 1.0,
    "wrong_wrap_win_count_descriptive": 0,
    "wrong_wrap_win_fraction_descriptive": 0.0
  },
  "schema": "scroliq-sheetness-benchmark/3",
  "source_attestation": {
    "algorithm": "zpa-metadata-semantics-v1",
    "metadata_semantics_sha256": "58a956b0623bce7ba4f6fc38ec159cc4e500b2859b6619152574d5c9020c9bed",
    "state": "PRESENT"
  },
  "spec": {
    "canonical_sha256": "fa0bc8f73bfd21027fd6848ede121a5d7f5f7c3719c4448be21ec6cc64e2f640",
    "decision_rule": {
      "min_median_abs_cosine": 0.0,
      "min_median_normal_offset_margin": -1.0,
      "min_normal_completeness": 1.0,
      "min_normal_offset_win_fraction": 0.0,
      "min_score_completeness": 1.0
    },
    "file_sha256": "174cf65ccb00bf8b58a1e99f47cbc26425b468976ae0e801bbcc58c2df7a8b01"
  },
  "status": "pass",
  "volume_root": "PHerc0139/volumes/20250728140407-9.362um-1.2m-113keV-masked.zarr",
  "wrong_wrap_interpretation": "descriptive-only: a genuine competing papyrus sheet is also expected to be sheet-like, so wrong-wrap response measures the method's sheet-identity limitation and is not a pass/fail criterion"
}
$ scroliq-ct-cutout --ct-url https://vesuvius-challenge-open-data.s3.amazonaws.com/PHerc0139/volumes/20250728140407-9.362um-1.2m-113keV-masked.zarr --volume-root PHerc0139/volumes/20250728140407-9.362um-1.2m-113keV-masked.zarr --zpa-report /home/runner/work/scrollq/scrollq/artifacts/2026-10-03-pherc0139-sheetness-prereg/zpa.json --start 7278,4509,3222 --stop 7297,4564,3242 --out /home/runner/work/scrollq/scrollq/artifacts/2026-10-03-pherc0139-sheetness-run/groups/surface-0028/cutout.npy --manifest /home/runner/work/scrollq/scrollq/artifacts/2026-10-03-pherc0139-sheetness-run/groups/surface-0028/cutout.json
{
  "bbox_zyx_half_open": {
    "start": [
      7278,
      4509,
      3222
    ],
    "stop": [
      7297,
      4564,
      3242
    ]
  },
  "claim_boundary": "This manifest binds one local NumPy cutout to an exact audited level-0 ZYX box and records every touched source chunk. It does not establish papyrus sheet identity, topology, ink, or readability.",
  "coordinate_space": "level0-voxel-index",
  "ct_url": "https://vesuvius-challenge-open-data.s3.amazonaws.com/PHerc0139/volumes/20250728140407-9.362um-1.2m-113keV-masked.zarr",
  "cutout": {
    "dtype": "uint8",
    "path": "/home/runner/work/scrollq/scrollq/artifacts/2026-10-03-pherc0139-sheetness-run/groups/surface-0028/cutout.npy",
    "sha256": "109417d72a0b27e226130660e1b7351701a0cf78419b7db6d91d939275934996",
    "shape_zyx": [
      19,
      55,
      20
    ]
  },
  "level": 0,
  "local_to_global": {
    "definition": "global_zyx = local_zyx + start_zyx",
    "kind": "integer-translation",
    "start_zyx": [
      7278,
      4509,
      3222
    ]
  },
  "schema": "scroliq-ct-cutout/1",
  "source_array": {
    "chunks_zyx": [
      128,
      128,
      128
    ],
    "dtype": "|u1",
    "path": "0",
    "shape_zyx": [
      20974,
      6621,
      6621
    ]
  },
  "source_attestation": {
    "absolute_scale_state": "unspecified",
    "algorithm": "zpa-metadata-semantics-v1",
    "axes": [
      "z",
      "y",
      "x"
    ],
    "base_declared_scale": [
      1.0,
      1.0,
      1.0
    ],
    "metadata_semantics_sha256": "58a956b0623bce7ba4f6fc38ec159cc4e500b2859b6619152574d5c9020c9bed",
    "spatial_axes": [
      {
        "index": 0,
        "name": "z",
        "unit": null
      },
      {
        "index": 1,
        "name": "y",
        "unit": null
      },
      {
        "index": 2,
        "name": "x",
        "unit": null
      }
    ],
    "state": "PRESENT"
  },
  "source_chunks": {
    "count": 2,
    "missing_count": 0,
    "touched_zyx": [
      [
        56,
        35,
        25
      ],
      [
        57,
        35,
        25
      ]
    ]
  },
  "status": "measured",
  "volume_root": "PHerc0139/volumes/20250728140407-9.362um-1.2m-113keV-masked.zarr",
  "zpa_report": {
    "integrity": "PASS",
    "path": "/home/runner/work/scrollq/scrollq/artifacts/2026-10-03-pherc0139-sheetness-prereg/zpa.json",
    "schema_version": "1.3.0",
    "sha256": "9a659bd974478032e1c4115c4e349ea4cd2711e090852500b7396bf480d92bdc"
  }
}
$ scroliq-sheetness /home/runner/work/scrollq/scrollq/artifacts/2026-10-03-pherc0139-sheetness-run/groups/surface-0028/cutout.npy --out-prefix /home/runner/work/scrollq/scrollq/artifacts/2026-10-03-pherc0139-sheetness-run/groups/surface-0028/sheetness --sigmas 0.8,1.2,1.8 --beta 0.5 --gamma 0.1 --bright-object --normalize-low 1.0 --normalize-high 99.0 --write-normal --max-voxels 2500000
{
  "input": {
    "dtype": "uint8",
    "path": "/home/runner/work/scrollq/scrollq/artifacts/2026-10-03-pherc0139-sheetness-run/groups/surface-0028/cutout.npy",
    "sha256": "109417d72a0b27e226130660e1b7351701a0cf78419b7db6d91d939275934996",
    "shape_zyx": [
      19,
      55,
      20
    ],
    "voxels": 20900
  },
  "kind": "sheetness",
  "method": "itk-hessian-objectness-m2-n3-compatible",
  "normal": {
    "basis": "ZYX voxel axes",
    "interpretation": "unit eigenvector of the largest-absolute Hessian eigenvalue at the winning scale; sign is arbitrary",
    "output_path": "/home/runner/work/scrollq/scrollq/artifacts/2026-10-03-pherc0139-sheetness-run/groups/surface-0028/sheetness.normal-zyx.npy",
    "output_sha256": "44a72a09849d51fc934a6681c2eb030b5f1e8227d0211837234e7ffe665382ad"
  },
  "normalization": {
    "enabled": true,
    "lower_percentile": 1.0,
    "lower_value": 16.0,
    "upper_percentile": 99.0,
    "upper_value": 179.0
  },
  "parameters": {
    "beta": 0.5,
    "bright_object": true,
    "gamma": 0.1,
    "scale_objectness": false,
    "sigmas": [
      0.8,
      1.2,
      1.8
    ]
  },
  "per_scale": [
    {
      "response_max": 0.7679440975189209,
      "response_mean": 0.06605495512485504,
      "response_p99": 0.5171808004379272,
      "sigma": 0.8
    },
    {
      "response_max": 0.9525876641273499,
      "response_mean": 0.12964867055416107,
      "response_p99": 0.7935636043548584,
      "sigma": 1.2
    },
    {
      "response_max": 0.9704527854919434,
      "response_mean": 0.18496432900428772,
      "response_p99": 0.9138853549957275,
      "sigma": 1.8
    }
  ],
  "response": {
    "nonzero_fraction": 0.5581818181818182,
    "output_path": "/home/runner/work/scrollq/scrollq/artifacts/2026-10-03-pherc0139-sheetness-run/groups/surface-0028/sheetness.sheetness.npy",
    "output_sha256": "7bf1c3af909999e548e64991daea5116d1e422174f10a4f208cd533b206905ea",
    "summary": {
      "max": 0.9704527854919434,
      "mean": 0.19399496912956238,
      "min": 0.0,
      "p50": 0.010996775701642036,
      "p90": 0.677383303642273,
      "p99": 0.9153808951377869
    }
  },
  "schema_version": 1,
  "scope": "local 3-D cutout diagnostic; not by itself evidence of correct papyrus identity, winding identity, recto/verso, or readable ink",
  "status": "measured",
  "winning_scale": {
    "counts": {
      "0.800000011920929": 10296,
      "1.2000000476837158": 2772,
      "1.7999999523162842": 7832
    },
    "output_path": "/home/runner/work/scrollq/scrollq/artifacts/2026-10-03-pherc0139-sheetness-run/groups/surface-0028/sheetness.scale.npy",
    "output_sha256": "082cdcdb91cd4783f75d8a9e5bd3651e27fb1789b4ed0b0e6adbd28f271fbe85"
  }
}
$ scroliq-sheetness-campaign seal-group --plan /home/runner/work/scrollq/scrollq/artifacts/2026-10-03-pherc0139-sheetness-campaign/campaign-plan.json --group-id surface-0028 --cutout-manifest /home/runner/work/scrollq/scrollq/artifacts/2026-10-03-pherc0139-sheetness-run/groups/surface-0028/cutout.json --sheetness-report /home/runner/work/scrollq/scrollq/artifacts/2026-10-03-pherc0139-sheetness-run/groups/surface-0028/sheetness.sheetness.json --out /home/runner/work/scrollq/scrollq/artifacts/2026-10-03-pherc0139-sheetness-run/specs/surface-0028.json
{
  "campaign_decision_rule": {
    "min_median_abs_cosine": 0.7,
    "min_median_normal_offset_margin": 0.0,
    "min_normal_completeness": 1.0,
    "min_normal_offset_win_fraction": 0.75,
    "min_score_completeness": 1.0
  },
  "campaign_group_id": "surface-0028",
  "campaign_plan_canonical_sha256": "f2f9817b2f5b71878ff8b82b481d8f17db601cd864c595a563633fcc9aea1439",
  "campaign_plan_sha256": "76c58373d2acd5513c505824832b3628b2edaf695072cfb48560fb8646a45a2e",
  "campaign_schema": "scroliq-sheetness-campaign/1",
  "claim_boundary": "This v3 spec materializes one already-frozen campaign group against the exact deterministic sheetness report/cutout bytes. Its local decision rule checks measurement completeness only; the scientific pass/fail rule is applied across all frozen groups by scroliq-sheetness-campaign aggregate.",
  "cutout_manifest_sha256": "70e9fa55678791dce5ff5c90bffb5461c6b2a7166a08f79ab6e4875dbeef1050",
  "decision_rule": {
    "min_median_abs_cosine": 0.0,
    "min_median_normal_offset_margin": -1.0,
    "min_normal_completeness": 1.0,
    "min_normal_offset_win_fraction": 0.0,
    "min_score_completeness": 1.0
  },
  "frozen_engine": {
    "code_revision": "65bb493b87795011e1bed1ed0b2e0272e0f5a733",
    "max_voxels": 2500000,
    "method": "itk-hessian-objectness-m2-n3-compatible",
    "normalization": {
      "enabled": true,
      "lower_percentile": 1.0,
      "upper_percentile": 99.0
    },
    "parameters": {
      "beta": 0.5,
      "bright_object": true,
      "gamma": 0.1,
      "scale_objectness": false,
      "sigmas": [
        0.8,
        1.2,
        1.8
      ]
    },
    "seed": null,
    "sheetness_benchmark_py_sha256": "0c0b3b5c4eeedfc8a5002b356439c874849301588c5a1c2ee53e9cf43eb88e79",
    "sheetness_campaign_py_sha256": "6ba6a78cb5ab45c8ddb462df59f99034ce0697617d3e3502e61b5f57b411a243",
    "sheetness_py_sha256": "d04c84aaadad5d3b42f372b9702c3980ae4dad8cc895fa0b02c9264d44473a51",
    "stochastic": false,
    "write_normal": true
  },
  "groups": [
    {
      "controls": [
        {
          "id": "surface-0028-offset-01",
          "role": "normal-offset",
          "zyx": [
            9.024264942758236,
            29.248085719425944,
            9.221379044272453
          ]
        },
        {
          "id": "surface-0028-offset-02",
          "role": "normal-offset",
          "zyx": [
            8.931810205754118,
            33.23830067221297,
            8.9574912799485
          ]
        },
        {
          "id": "surface-0028-offset-03",
          "role": "normal-offset",
          "zyx": [
            8.746900731745882,
            41.21873057778703,
            8.4297157513015
          ]
        },
        {
          "id": "surface-0028-offset-04",
          "role": "normal-offset",
          "zyx": [
            8.654445994741764,
            45.208945530574056,
            8.165827986977547
          ]
        },
        {
          "id": "surface-0028-wrong-wrap",
          "role": "wrong-wrap",
          "zyx": [
            9.509652312030994,
            8.29945721729382,
            10.606789806971392
          ]
        }
      ],
      "id": "surface-0028",
      "surface": {
        "reference_normal_zyx": [
          -0.023113684251070788,
          0.9975537381967748,
          -0.06597194108090391
        ],
        "zyx": [
          8.83935546875,
          37.228515625,
          8.693603515625
        ]
      }
    }
  ],
  "input_sha256": "109417d72a0b27e226130660e1b7351701a0cf78419b7db6d91d939275934996",
  "schema_version": 3,
  "sheetness_report_sha256": "e3502e3b6e0e18a23d86f203fb5281134f4ef09757851acdeca9d51083965881",
  "source_attestation": {
    "algorithm": "zpa-metadata-semantics-v1",
    "metadata_semantics_sha256": "58a956b0623bce7ba4f6fc38ec159cc4e500b2859b6619152574d5c9020c9bed",
    "state": "PRESENT"
  },
  "volume_root": "PHerc0139/volumes/20250728140407-9.362um-1.2m-113keV-masked.zarr"
}
$ scroliq-sheetness-eval --spec /home/runner/work/scrollq/scrollq/artifacts/2026-10-03-pherc0139-sheetness-run/specs/surface-0028.json --cutout-manifest /home/runner/work/scrollq/scrollq/artifacts/2026-10-03-pherc0139-sheetness-run/groups/surface-0028/cutout.json --report /home/runner/work/scrollq/scrollq/artifacts/2026-10-03-pherc0139-sheetness-run/groups/surface-0028/sheetness.sheetness.json --response /home/runner/work/scrollq/scrollq/artifacts/2026-10-03-pherc0139-sheetness-run/groups/surface-0028/sheetness.sheetness.npy --normal /home/runner/work/scrollq/scrollq/artifacts/2026-10-03-pherc0139-sheetness-run/groups/surface-0028/sheetness.normal-zyx.npy --out /home/runner/work/scrollq/scrollq/artifacts/2026-10-03-pherc0139-sheetness-run/results/surface-0028.json
{
  "claim_boundary": "This result tests whether a frozen sheetness field localizes a candidate surface relative to deliberate normal offsets on an exact audited CT volume. Wrong-wrap/competing-sheet probes are retained as mandatory descriptive controls, not a pass/fail target, because another papyrus sheet is itself sheet-like. This does not establish physical sheet identity/topology or demonstrate readable ink.",
  "decision_checks": {
    "median_abs_cosine": true,
    "median_normal_offset_margin": true,
    "normal_completeness": true,
    "normal_offset_win_fraction": true,
    "score_completeness": true
  },
  "engine": {
    "method": "itk-hessian-objectness-m2-n3-compatible",
    "normalization": {
      "enabled": true,
      "lower_percentile": 1.0,
      "lower_value": 16.0,
      "upper_percentile": 99.0,
      "upper_value": 179.0
    },
    "parameters": {
      "beta": 0.5,
      "bright_object": true,
      "gamma": 0.1,
      "scale_objectness": false,
      "sigmas": [
        0.8,
        1.2,
        1.8
      ]
    },
    "report_sha256": "e3502e3b6e0e18a23d86f203fb5281134f4ef09757851acdeca9d51083965881",
    "seed": null,
    "stochastic": false
  },
  "groups": [
    {
      "controls": [
        {
          "failure": null,
          "global_zyx": [
            7287.024264942758,
            4538.248085719426,
            3231.2213790442725
          ],
          "id": "surface-0028-offset-01",
          "role": "normal-offset",
          "score": 0.18898902663696907,
          "zyx": [
            9.024264942758236,
            29.248085719425944,
            9.221379044272453
          ]
        },
        {
          "failure": null,
          "global_zyx": [
            7286.931810205754,
            4542.238300672213,
            3230.9574912799485
          ],
          "id": "surface-0028-offset-02",
          "role": "normal-offset",
          "score": 0.0,
          "zyx": [
            8.931810205754118,
            33.23830067221297,
            8.9574912799485
          ]
        },
        {
          "failure": null,
          "global_zyx": [
            7286.746900731746,
            4550.218730577787,
            3230.4297157513015
          ],
          "id": "surface-0028-offset-03",
          "role": "normal-offset",
          "score": 0.07072018900138391,
          "zyx": [
            8.746900731745882,
            41.21873057778703,
            8.4297157513015
          ]
        },
        {
          "failure": null,
          "global_zyx": [
            7286.654445994742,
            4554.208945530574,
            3230.1658279869775
          ],
          "id": "surface-0028-offset-04",
          "role": "normal-offset",
          "score": 0.0,
          "zyx": [
            8.654445994741764,
            45.208945530574056,
            8.165827986977547
          ]
        },
        {
          "failure": null,
          "global_zyx": [
            7287.509652312031,
            4517.299457217294,
            3232.6067898069714
          ],
          "id": "surface-0028-wrong-wrap",
          "role": "wrong-wrap",
          "score": 0.03150319241946056,
          "zyx": [
            9.509652312030994,
            8.29945721729382,
            10.606789806971392
          ]
        }
      ],
      "id": "surface-0028",
      "score_complete": true,
      "surface": {
        "global_zyx": [
          7286.83935546875,
          4546.228515625,
          3230.693603515625
        ],
        "normal_failure": null,
        "predicted_normal_abs_cosine": 0.9139224820201399,
        "reference_normal_zyx": [
          -0.023113684251070788,
          0.9975537381967748,
          -0.06597194108090391
        ],
        "score": 0.7147208976173085,
        "score_failure": null,
        "zyx": [
          8.83935546875,
          37.228515625,
          8.693603515625
        ]
      },
      "surface_beats_all_normal_offsets": true,
      "surface_beats_all_wrong_wraps": true,
      "surface_minus_best_normal_offset": 0.5257318709803395,
      "surface_minus_best_wrong_wrap": 0.683217705197848
    }
  ],
  "inputs": {
    "cutout_manifest_sha256": "70e9fa55678791dce5ff5c90bffb5461c6b2a7166a08f79ab6e4875dbeef1050",
    "cutout_sha256": "109417d72a0b27e226130660e1b7351701a0cf78419b7db6d91d939275934996",
    "global_bbox_zyx_half_open": {
      "start": [
        7278,
        4509,
        3222
      ],
      "stop": [
        7297,
        4564,
        3242
      ]
    },
    "normal_sha256": "44a72a09849d51fc934a6681c2eb030b5f1e8227d0211837234e7ffe665382ad",
    "response_sha256": "7bf1c3af909999e548e64991daea5116d1e422174f10a4f208cd533b206905ea",
    "shape_zyx": [
      19,
      55,
      20
    ],
    "zpa_report_sha256": "9a659bd974478032e1c4115c4e349ea4cd2711e090852500b7396bf480d92bdc"
  },
  "metrics": {
    "group_count": 1,
    "median_abs_cosine": 0.9139224820201399,
    "median_surface_minus_best_normal_offset": 0.5257318709803395,
    "median_surface_minus_best_wrong_wrap_descriptive": 0.683217705197848,
    "normal_complete_count": 1,
    "normal_completeness": 1.0,
    "normal_offset_win_count": 1,
    "normal_offset_win_fraction": 1.0,
    "score_complete_count": 1,
    "score_completeness": 1.0,
    "wrong_wrap_win_count_descriptive": 1,
    "wrong_wrap_win_fraction_descriptive": 1.0
  },
  "schema": "scroliq-sheetness-benchmark/3",
  "source_attestation": {
    "algorithm": "zpa-metadata-semantics-v1",
    "metadata_semantics_sha256": "58a956b0623bce7ba4f6fc38ec159cc4e500b2859b6619152574d5c9020c9bed",
    "state": "PRESENT"
  },
  "spec": {
    "canonical_sha256": "f6e19d6d87c81d857fbfb25b588a709ed05a55ee3cd09a3fee68cce25226bfad",
    "decision_rule": {
      "min_median_abs_cosine": 0.0,
      "min_median_normal_offset_margin": -1.0,
      "min_normal_completeness": 1.0,
      "min_normal_offset_win_fraction": 0.0,
      "min_score_completeness": 1.0
    },
    "file_sha256": "cdc525377ecea08e6151b1e5dc5b9f1d7416291a2aa96b463bfac47cbfba8efb"
  },
  "status": "pass",
  "volume_root": "PHerc0139/volumes/20250728140407-9.362um-1.2m-113keV-masked.zarr",
  "wrong_wrap_interpretation": "descriptive-only: a genuine competing papyrus sheet is also expected to be sheet-like, so wrong-wrap response measures the method's sheet-identity limitation and is not a pass/fail criterion"
}
$ scroliq-ct-cutout --ct-url https://vesuvius-challenge-open-data.s3.amazonaws.com/PHerc0139/volumes/20250728140407-9.362um-1.2m-113keV-masked.zarr --volume-root PHerc0139/volumes/20250728140407-9.362um-1.2m-113keV-masked.zarr --zpa-report /home/runner/work/scrollq/scrollq/artifacts/2026-10-03-pherc0139-sheetness-prereg/zpa.json --start 7416,4484,3601 --stop 7437,4522,3625 --out /home/runner/work/scrollq/scrollq/artifacts/2026-10-03-pherc0139-sheetness-run/groups/surface-0029/cutout.npy --manifest /home/runner/work/scrollq/scrollq/artifacts/2026-10-03-pherc0139-sheetness-run/groups/surface-0029/cutout.json
{
  "bbox_zyx_half_open": {
    "start": [
      7416,
      4484,
      3601
    ],
    "stop": [
      7437,
      4522,
      3625
    ]
  },
  "claim_boundary": "This manifest binds one local NumPy cutout to an exact audited level-0 ZYX box and records every touched source chunk. It does not establish papyrus sheet identity, topology, ink, or readability.",
  "coordinate_space": "level0-voxel-index",
  "ct_url": "https://vesuvius-challenge-open-data.s3.amazonaws.com/PHerc0139/volumes/20250728140407-9.362um-1.2m-113keV-masked.zarr",
  "cutout": {
    "dtype": "uint8",
    "path": "/home/runner/work/scrollq/scrollq/artifacts/2026-10-03-pherc0139-sheetness-run/groups/surface-0029/cutout.npy",
    "sha256": "c83e7098ea41ec536db311e3bd70b0eddc1cb409a71206a0c948ed3051117774",
    "shape_zyx": [
      21,
      38,
      24
    ]
  },
  "level": 0,
  "local_to_global": {
    "definition": "global_zyx = local_zyx + start_zyx",
    "kind": "integer-translation",
    "start_zyx": [
      7416,
      4484,
      3601
    ]
  },
  "schema": "scroliq-ct-cutout/1",
  "source_array": {
    "chunks_zyx": [
      128,
      128,
      128
    ],
    "dtype": "|u1",
    "path": "0",
    "shape_zyx": [
      20974,
      6621,
      6621
    ]
  },
  "source_attestation": {
    "absolute_scale_state": "unspecified",
    "algorithm": "zpa-metadata-semantics-v1",
    "axes": [
      "z",
      "y",
      "x"
    ],
    "base_declared_scale": [
      1.0,
      1.0,
      1.0
    ],
    "metadata_semantics_sha256": "58a956b0623bce7ba4f6fc38ec159cc4e500b2859b6619152574d5c9020c9bed",
    "spatial_axes": [
      {
        "index": 0,
        "name": "z",
        "unit": null
      },
      {
        "index": 1,
        "name": "y",
        "unit": null
      },
      {
        "index": 2,
        "name": "x",
        "unit": null
      }
    ],
    "state": "PRESENT"
  },
  "source_chunks": {
    "count": 2,
    "missing_count": 0,
    "touched_zyx": [
      [
        57,
        35,
        28
      ],
      [
        58,
        35,
        28
      ]
    ]
  },
  "status": "measured",
  "volume_root": "PHerc0139/volumes/20250728140407-9.362um-1.2m-113keV-masked.zarr",
  "zpa_report": {
    "integrity": "PASS",
    "path": "/home/runner/work/scrollq/scrollq/artifacts/2026-10-03-pherc0139-sheetness-prereg/zpa.json",
    "schema_version": "1.3.0",
    "sha256": "9a659bd974478032e1c4115c4e349ea4cd2711e090852500b7396bf480d92bdc"
  }
}
$ scroliq-sheetness /home/runner/work/scrollq/scrollq/artifacts/2026-10-03-pherc0139-sheetness-run/groups/surface-0029/cutout.npy --out-prefix /home/runner/work/scrollq/scrollq/artifacts/2026-10-03-pherc0139-sheetness-run/groups/surface-0029/sheetness --sigmas 0.8,1.2,1.8 --beta 0.5 --gamma 0.1 --bright-object --normalize-low 1.0 --normalize-high 99.0 --write-normal --max-voxels 2500000
{
  "input": {
    "dtype": "uint8",
    "path": "/home/runner/work/scrollq/scrollq/artifacts/2026-10-03-pherc0139-sheetness-run/groups/surface-0029/cutout.npy",
    "sha256": "c83e7098ea41ec536db311e3bd70b0eddc1cb409a71206a0c948ed3051117774",
    "shape_zyx": [
      21,
      38,
      24
    ],
    "voxels": 19152
  },
  "kind": "sheetness",
  "method": "itk-hessian-objectness-m2-n3-compatible",
  "normal": {
    "basis": "ZYX voxel axes",
    "interpretation": "unit eigenvector of the largest-absolute Hessian eigenvalue at the winning scale; sign is arbitrary",
    "output_path": "/home/runner/work/scrollq/scrollq/artifacts/2026-10-03-pherc0139-sheetness-run/groups/surface-0029/sheetness.normal-zyx.npy",
    "output_sha256": "90d0482ee0789d903fb0db1fd2039a8f98b5acd12a5826ff174b14f31f334155"
  },
  "normalization": {
    "enabled": true,
    "lower_percentile": 1.0,
    "lower_value": 21.0,
    "upper_percentile": 99.0,
    "upper_value": 211.4900000000016
  },
  "parameters": {
    "beta": 0.5,
    "bright_object": true,
    "gamma": 0.1,
    "scale_objectness": false,
    "sigmas": [
      0.8,
      1.2,
      1.8
    ]
  },
  "per_scale": [
    {
      "response_max": 0.782584011554718,
      "response_mean": 0.05471089854836464,
      "response_p99": 0.5734305381774902,
      "sigma": 0.8
    },
    {
      "response_max": 0.9606727361679077,
      "response_mean": 0.09734050184488297,
      "response_p99": 0.8093051910400391,
      "sigma": 1.2
    },
    {
      "response_max": 0.980782151222229,
      "response_mean": 0.12593187391757965,
      "response_p99": 0.8902071714401245,
      "sigma": 1.8
    }
  ],
  "response": {
    "nonzero_fraction": 0.554093567251462,
    "output_path": "/home/runner/work/scrollq/scrollq/artifacts/2026-10-03-pherc0139-sheetness-run/groups/surface-0029/sheetness.sheetness.npy",
    "output_sha256": "85f0951edaf6714a19e3a6ef3302d95ba31d0d3537ae28a245b0e82254a73ce6",
    "summary": {
      "max": 0.980782151222229,
      "mean": 0.13666793704032898,
      "min": 0.0,
      "p50": 0.005870810244232416,
      "p90": 0.49669796228408813,
      "p99": 0.8921033143997192
    }
  },
  "schema_version": 1,
  "scope": "local 3-D cutout diagnostic; not by itself evidence of correct papyrus identity, winding identity, recto/verso, or readable ink",
  "status": "measured",
  "winning_scale": {
    "counts": {
      "0.800000011920929": 10085,
      "1.2000000476837158": 2991,
      "1.7999999523162842": 6076
    },
    "output_path": "/home/runner/work/scrollq/scrollq/artifacts/2026-10-03-pherc0139-sheetness-run/groups/surface-0029/sheetness.scale.npy",
    "output_sha256": "89fe529af59659a6cc0c327b1e857adee574df6fbaaa1b539e4ed8b9af05692a"
  }
}
$ scroliq-sheetness-campaign seal-group --plan /home/runner/work/scrollq/scrollq/artifacts/2026-10-03-pherc0139-sheetness-campaign/campaign-plan.json --group-id surface-0029 --cutout-manifest /home/runner/work/scrollq/scrollq/artifacts/2026-10-03-pherc0139-sheetness-run/groups/surface-0029/cutout.json --sheetness-report /home/runner/work/scrollq/scrollq/artifacts/2026-10-03-pherc0139-sheetness-run/groups/surface-0029/sheetness.sheetness.json --out /home/runner/work/scrollq/scrollq/artifacts/2026-10-03-pherc0139-sheetness-run/specs/surface-0029.json
{
  "campaign_decision_rule": {
    "min_median_abs_cosine": 0.7,
    "min_median_normal_offset_margin": 0.0,
    "min_normal_completeness": 1.0,
    "min_normal_offset_win_fraction": 0.75,
    "min_score_completeness": 1.0
  },
  "campaign_group_id": "surface-0029",
  "campaign_plan_canonical_sha256": "f2f9817b2f5b71878ff8b82b481d8f17db601cd864c595a563633fcc9aea1439",
  "campaign_plan_sha256": "76c58373d2acd5513c505824832b3628b2edaf695072cfb48560fb8646a45a2e",
  "campaign_schema": "scroliq-sheetness-campaign/1",
  "claim_boundary": "This v3 spec materializes one already-frozen campaign group against the exact deterministic sheetness report/cutout bytes. Its local decision rule checks measurement completeness only; the scientific pass/fail rule is applied across all frozen groups by scroliq-sheetness-campaign aggregate.",
  "cutout_manifest_sha256": "78458c5e86d7871b00ae26a9ad9665851227e4da5050e46226430fd16dd86b03",
  "decision_rule": {
    "min_median_abs_cosine": 0.0,
    "min_median_normal_offset_margin": -1.0,
    "min_normal_completeness": 1.0,
    "min_normal_offset_win_fraction": 0.0,
    "min_score_completeness": 1.0
  },
  "frozen_engine": {
    "code_revision": "65bb493b87795011e1bed1ed0b2e0272e0f5a733",
    "max_voxels": 2500000,
    "method": "itk-hessian-objectness-m2-n3-compatible",
    "normalization": {
      "enabled": true,
      "lower_percentile": 1.0,
      "upper_percentile": 99.0
    },
    "parameters": {
      "beta": 0.5,
      "bright_object": true,
      "gamma": 0.1,
      "scale_objectness": false,
      "sigmas": [
        0.8,
        1.2,
        1.8
      ]
    },
    "seed": null,
    "sheetness_benchmark_py_sha256": "0c0b3b5c4eeedfc8a5002b356439c874849301588c5a1c2ee53e9cf43eb88e79",
    "sheetness_campaign_py_sha256": "6ba6a78cb5ab45c8ddb462df59f99034ce0697617d3e3502e61b5f57b411a243",
    "sheetness_py_sha256": "d04c84aaadad5d3b42f372b9702c3980ae4dad8cc895fa0b02c9264d44473a51",
    "stochastic": false,
    "write_normal": true
  },
  "groups": [
    {
      "controls": [
        {
          "id": "surface-0029-offset-01",
          "role": "normal-offset",
          "zyx": [
            11.15772394564192,
            13.54568831094366,
            9.784225134585995
          ]
        },
        {
          "id": "surface-0029-offset-02",
          "role": "normal-offset",
          "zyx": [
            10.61523892594596,
            17.33143790547183,
            10.956321551668225
          ]
        },
        {
          "id": "surface-0029-offset-03",
          "role": "normal-offset",
          "zyx": [
            9.53026888655404,
            24.90293709452817,
            13.300514385831775
          ]
        },
        {
          "id": "surface-0029-offset-04",
          "role": "normal-offset",
          "zyx": [
            8.98778386685808,
            28.68868668905634,
            14.472610802914005
          ]
        },
        {
          "id": "surface-0029-wrong-wrap",
          "role": "wrong-wrap",
          "zyx": [
            11.903640847724091,
            8.340282618468336,
            8.172592561098554
          ]
        }
      ],
      "id": "surface-0029",
      "surface": {
        "reference_normal_zyx": [
          -0.13562125492399968,
          0.9464373986320045,
          0.2930241042704912
        ],
        "zyx": [
          10.07275390625,
          21.1171875,
          12.12841796875
        ]
      }
    }
  ],
  "input_sha256": "c83e7098ea41ec536db311e3bd70b0eddc1cb409a71206a0c948ed3051117774",
  "schema_version": 3,
  "sheetness_report_sha256": "b5839bf73430bb7a7d07801e8d16fbcc8fc81dd7640c5f46dfc05cbccfdcb701",
  "source_attestation": {
    "algorithm": "zpa-metadata-semantics-v1",
    "metadata_semantics_sha256": "58a956b0623bce7ba4f6fc38ec159cc4e500b2859b6619152574d5c9020c9bed",
    "state": "PRESENT"
  },
  "volume_root": "PHerc0139/volumes/20250728140407-9.362um-1.2m-113keV-masked.zarr"
}
$ scroliq-sheetness-eval --spec /home/runner/work/scrollq/scrollq/artifacts/2026-10-03-pherc0139-sheetness-run/specs/surface-0029.json --cutout-manifest /home/runner/work/scrollq/scrollq/artifacts/2026-10-03-pherc0139-sheetness-run/groups/surface-0029/cutout.json --report /home/runner/work/scrollq/scrollq/artifacts/2026-10-03-pherc0139-sheetness-run/groups/surface-0029/sheetness.sheetness.json --response /home/runner/work/scrollq/scrollq/artifacts/2026-10-03-pherc0139-sheetness-run/groups/surface-0029/sheetness.sheetness.npy --normal /home/runner/work/scrollq/scrollq/artifacts/2026-10-03-pherc0139-sheetness-run/groups/surface-0029/sheetness.normal-zyx.npy --out /home/runner/work/scrollq/scrollq/artifacts/2026-10-03-pherc0139-sheetness-run/results/surface-0029.json
{
  "claim_boundary": "This result tests whether a frozen sheetness field localizes a candidate surface relative to deliberate normal offsets on an exact audited CT volume. Wrong-wrap/competing-sheet probes are retained as mandatory descriptive controls, not a pass/fail target, because another papyrus sheet is itself sheet-like. This does not establish physical sheet identity/topology or demonstrate readable ink.",
  "decision_checks": {
    "median_abs_cosine": true,
    "median_normal_offset_margin": true,
    "normal_completeness": true,
    "normal_offset_win_fraction": true,
    "score_completeness": true
  },
  "engine": {
    "method": "itk-hessian-objectness-m2-n3-compatible",
    "normalization": {
      "enabled": true,
      "lower_percentile": 1.0,
      "lower_value": 21.0,
      "upper_percentile": 99.0,
      "upper_value": 211.4900000000016
    },
    "parameters": {
      "beta": 0.5,
      "bright_object": true,
      "gamma": 0.1,
      "scale_objectness": false,
      "sigmas": [
        0.8,
        1.2,
        1.8
      ]
    },
    "report_sha256": "b5839bf73430bb7a7d07801e8d16fbcc8fc81dd7640c5f46dfc05cbccfdcb701",
    "seed": null,
    "stochastic": false
  },
  "groups": [
    {
      "controls": [
        {
          "failure": null,
          "global_zyx": [
            7427.157723945642,
            4497.545688310944,
            3610.784225134586
          ],
          "id": "surface-0029-offset-01",
          "role": "normal-offset",
          "score": 0.5407621421242069,
          "zyx": [
            11.15772394564192,
            13.54568831094366,
            9.784225134585995
          ]
        },
        {
          "failure": null,
          "global_zyx": [
            7426.615238925946,
            4501.331437905472,
            3611.956321551668
          ],
          "id": "surface-0029-offset-02",
          "role": "normal-offset",
          "score": 4.054569653379163e-05,
          "zyx": [
            10.61523892594596,
            17.33143790547183,
            10.956321551668225
          ]
        },
        {
          "failure": null,
          "global_zyx": [
            7425.530268886554,
            4508.902937094528,
            3614.300514385832
          ],
          "id": "surface-0029-offset-03",
          "role": "normal-offset",
          "score": 0.0,
          "zyx": [
            9.53026888655404,
            24.90293709452817,
            13.300514385831775
          ]
        },
        {
          "failure": null,
          "global_zyx": [
            7424.987783866858,
            4512.688686689056,
            3615.472610802914
          ],
          "id": "surface-0029-offset-04",
          "role": "normal-offset",
          "score": 0.1382402457532039,
          "zyx": [
            8.98778386685808,
            28.68868668905634,
            14.472610802914005
          ]
        },
        {
          "failure": null,
          "global_zyx": [
            7427.903640847724,
            4492.340282618468,
            3609.1725925610986
          ],
          "id": "surface-0029-wrong-wrap",
          "role": "wrong-wrap",
          "score": 0.0,
          "zyx": [
            11.903640847724091,
            8.340282618468336,
            8.172592561098554
          ]
        }
      ],
      "id": "surface-0029",
      "score_complete": true,
      "surface": {
        "global_zyx": [
          7426.07275390625,
          4505.1171875,
          3613.12841796875
        ],
        "normal_failure": null,
        "predicted_normal_abs_cosine": 0.6086660303875034,
        "reference_normal_zyx": [
          -0.13562125492399968,
          0.9464373986320045,
          0.2930241042704912
        ],
        "score": 0.027826816451794148,
        "score_failure": null,
        "zyx": [
          10.07275390625,
          21.1171875,
          12.12841796875
        ]
      },
      "surface_beats_all_normal_offsets": false,
      "surface_beats_all_wrong_wraps": true,
      "surface_minus_best_normal_offset": -0.5129353256724127,
      "surface_minus_best_wrong_wrap": 0.027826816451794148
    }
  ],
  "inputs": {
    "cutout_manifest_sha256": "78458c5e86d7871b00ae26a9ad9665851227e4da5050e46226430fd16dd86b03",
    "cutout_sha256": "c83e7098ea41ec536db311e3bd70b0eddc1cb409a71206a0c948ed3051117774",
    "global_bbox_zyx_half_open": {
      "start": [
        7416,
        4484,
        3601
      ],
      "stop": [
        7437,
        4522,
        3625
      ]
    },
    "normal_sha256": "90d0482ee0789d903fb0db1fd2039a8f98b5acd12a5826ff174b14f31f334155",
    "response_sha256": "85f0951edaf6714a19e3a6ef3302d95ba31d0d3537ae28a245b0e82254a73ce6",
    "shape_zyx": [
      21,
      38,
      24
    ],
    "zpa_report_sha256": "9a659bd974478032e1c4115c4e349ea4cd2711e090852500b7396bf480d92bdc"
  },
  "metrics": {
    "group_count": 1,
    "median_abs_cosine": 0.6086660303875034,
    "median_surface_minus_best_normal_offset": -0.5129353256724127,
    "median_surface_minus_best_wrong_wrap_descriptive": 0.027826816451794148,
    "normal_complete_count": 1,
    "normal_completeness": 1.0,
    "normal_offset_win_count": 0,
    "normal_offset_win_fraction": 0.0,
    "score_complete_count": 1,
    "score_completeness": 1.0,
    "wrong_wrap_win_count_descriptive": 1,
    "wrong_wrap_win_fraction_descriptive": 1.0
  },
  "schema": "scroliq-sheetness-benchmark/3",
  "source_attestation": {
    "algorithm": "zpa-metadata-semantics-v1",
    "metadata_semantics_sha256": "58a956b0623bce7ba4f6fc38ec159cc4e500b2859b6619152574d5c9020c9bed",
    "state": "PRESENT"
  },
  "spec": {
    "canonical_sha256": "ccd6e6c6bec7600a97c90ddd94d3997c9bc1942e7cd7cf71cd08dde938750fb3",
    "decision_rule": {
      "min_median_abs_cosine": 0.0,
      "min_median_normal_offset_margin": -1.0,
      "min_normal_completeness": 1.0,
      "min_normal_offset_win_fraction": 0.0,
      "min_score_completeness": 1.0
    },
    "file_sha256": "1d1b435b9dab4bb307705f21e79c3d99f32c62e961419cf2e7860fbecfe3f1af"
  },
  "status": "pass",
  "volume_root": "PHerc0139/volumes/20250728140407-9.362um-1.2m-113keV-masked.zarr",
  "wrong_wrap_interpretation": "descriptive-only: a genuine competing papyrus sheet is also expected to be sheet-like, so wrong-wrap response measures the method's sheet-identity limitation and is not a pass/fail criterion"
}
$ scroliq-ct-cutout --ct-url https://vesuvius-challenge-open-data.s3.amazonaws.com/PHerc0139/volumes/20250728140407-9.362um-1.2m-113keV-masked.zarr --volume-root PHerc0139/volumes/20250728140407-9.362um-1.2m-113keV-masked.zarr --zpa-report /home/runner/work/scrollq/scrollq/artifacts/2026-10-03-pherc0139-sheetness-prereg/zpa.json --start 7568,4263,3986 --stop 7587,4300,4017 --out /home/runner/work/scrollq/scrollq/artifacts/2026-10-03-pherc0139-sheetness-run/groups/surface-0030/cutout.npy --manifest /home/runner/work/scrollq/scrollq/artifacts/2026-10-03-pherc0139-sheetness-run/groups/surface-0030/cutout.json
{
  "bbox_zyx_half_open": {
    "start": [
      7568,
      4263,
      3986
    ],
    "stop": [
      7587,
      4300,
      4017
    ]
  },
  "claim_boundary": "This manifest binds one local NumPy cutout to an exact audited level-0 ZYX box and records every touched source chunk. It does not establish papyrus sheet identity, topology, ink, or readability.",
  "coordinate_space": "level0-voxel-index",
  "ct_url": "https://vesuvius-challenge-open-data.s3.amazonaws.com/PHerc0139/volumes/20250728140407-9.362um-1.2m-113keV-masked.zarr",
  "cutout": {
    "dtype": "uint8",
    "path": "/home/runner/work/scrollq/scrollq/artifacts/2026-10-03-pherc0139-sheetness-run/groups/surface-0030/cutout.npy",
    "sha256": "9b049f7ee7ef33093fe1215c0519e5ae413acafae06ee0b49dbcd69e72fac149",
    "shape_zyx": [
      19,
      37,
      31
    ]
  },
  "level": 0,
  "local_to_global": {
    "definition": "global_zyx = local_zyx + start_zyx",
    "kind": "integer-translation",
    "start_zyx": [
      7568,
      4263,
      3986
    ]
  },
  "schema": "scroliq-ct-cutout/1",
  "source_array": {
    "chunks_zyx": [
      128,
      128,
      128
    ],
    "dtype": "|u1",
    "path": "0",
    "shape_zyx": [
      20974,
      6621,
      6621
    ]
  },
  "source_attestation": {
    "absolute_scale_state": "unspecified",
    "algorithm": "zpa-metadata-semantics-v1",
    "axes": [
      "z",
      "y",
      "x"
    ],
    "base_declared_scale": [
      1.0,
      1.0,
      1.0
    ],
    "metadata_semantics_sha256": "58a956b0623bce7ba4f6fc38ec159cc4e500b2859b6619152574d5c9020c9bed",
    "spatial_axes": [
      {
        "index": 0,
        "name": "z",
        "unit": null
      },
      {
        "index": 1,
        "name": "y",
        "unit": null
      },
      {
        "index": 2,
        "name": "x",
        "unit": null
      }
    ],
    "state": "PRESENT"
  },
  "source_chunks": {
    "count": 1,
    "missing_count": 0,
    "touched_zyx": [
      [
        59,
        33,
        31
      ]
    ]
  },
  "status": "measured",
  "volume_root": "PHerc0139/volumes/20250728140407-9.362um-1.2m-113keV-masked.zarr",
  "zpa_report": {
    "integrity": "PASS",
    "path": "/home/runner/work/scrollq/scrollq/artifacts/2026-10-03-pherc0139-sheetness-prereg/zpa.json",
    "schema_version": "1.3.0",
    "sha256": "9a659bd974478032e1c4115c4e349ea4cd2711e090852500b7396bf480d92bdc"
  }
}
$ scroliq-sheetness /home/runner/work/scrollq/scrollq/artifacts/2026-10-03-pherc0139-sheetness-run/groups/surface-0030/cutout.npy --out-prefix /home/runner/work/scrollq/scrollq/artifacts/2026-10-03-pherc0139-sheetness-run/groups/surface-0030/sheetness --sigmas 0.8,1.2,1.8 --beta 0.5 --gamma 0.1 --bright-object --normalize-low 1.0 --normalize-high 99.0 --write-normal --max-voxels 2500000
{
  "input": {
    "dtype": "uint8",
    "path": "/home/runner/work/scrollq/scrollq/artifacts/2026-10-03-pherc0139-sheetness-run/groups/surface-0030/cutout.npy",
    "sha256": "9b049f7ee7ef33093fe1215c0519e5ae413acafae06ee0b49dbcd69e72fac149",
    "shape_zyx": [
      19,
      37,
      31
    ],
    "voxels": 21793
  },
  "kind": "sheetness",
  "method": "itk-hessian-objectness-m2-n3-compatible",
  "normal": {
    "basis": "ZYX voxel axes",
    "interpretation": "unit eigenvector of the largest-absolute Hessian eigenvalue at the winning scale; sign is arbitrary",
    "output_path": "/home/runner/work/scrollq/scrollq/artifacts/2026-10-03-pherc0139-sheetness-run/groups/surface-0030/sheetness.normal-zyx.npy",
    "output_sha256": "140d54b385c251a505a5631296d55c7647885b553397646e7d342ee72b607469"
  },
  "normalization": {
    "enabled": true,
    "lower_percentile": 1.0,
    "lower_value": 25.0,
    "upper_percentile": 99.0,
    "upper_value": 182.0
  },
  "parameters": {
    "beta": 0.5,
    "bright_object": true,
    "gamma": 0.1,
    "scale_objectness": false,
    "sigmas": [
      0.8,
      1.2,
      1.8
    ]
  },
  "per_scale": [
    {
      "response_max": 0.7548964619636536,
      "response_mean": 0.04527848958969116,
      "response_p99": 0.4691719114780426,
      "sigma": 0.8
    },
    {
      "response_max": 0.9384040832519531,
      "response_mean": 0.08739928901195526,
      "response_p99": 0.7307775616645813,
      "sigma": 1.2
    },
    {
      "response_max": 0.9689087271690369,
      "response_mean": 0.13504497706890106,
      "response_p99": 0.9026625156402588,
      "sigma": 1.8
    }
  ],
  "response": {
    "nonzero_fraction": 0.6182260358830817,
    "output_path": "/home/runner/work/scrollq/scrollq/artifacts/2026-10-03-pherc0139-sheetness-run/groups/surface-0030/sheetness.sheetness.npy",
    "output_sha256": "440d505892f480476c3455ac3c7d6091026c4835edeb62cfc4e689e3ef6d81f7",
    "summary": {
      "max": 0.9689087271690369,
      "mean": 0.14081008732318878,
      "min": 0.0,
      "p50": 0.0037808488123118877,
      "p90": 0.6169743537902832,
      "p99": 0.9026983380317688
    }
  },
  "schema_version": 1,
  "scope": "local 3-D cutout diagnostic; not by itself evidence of correct papyrus identity, winding identity, recto/verso, or readable ink",
  "status": "measured",
  "winning_scale": {
    "counts": {
      "0.800000011920929": 10061,
      "1.2000000476837158": 3238,
      "1.7999999523162842": 8494
    },
    "output_path": "/home/runner/work/scrollq/scrollq/artifacts/2026-10-03-pherc0139-sheetness-run/groups/surface-0030/sheetness.scale.npy",
    "output_sha256": "1045c537289e144ed72cf27e9a2751d372b1f6a256117464cbd8882c8277cdf7"
  }
}
$ scroliq-sheetness-campaign seal-group --plan /home/runner/work/scrollq/scrollq/artifacts/2026-10-03-pherc0139-sheetness-campaign/campaign-plan.json --group-id surface-0030 --cutout-manifest /home/runner/work/scrollq/scrollq/artifacts/2026-10-03-pherc0139-sheetness-run/groups/surface-0030/cutout.json --sheetness-report /home/runner/work/scrollq/scrollq/artifacts/2026-10-03-pherc0139-sheetness-run/groups/surface-0030/sheetness.sheetness.json --out /home/runner/work/scrollq/scrollq/artifacts/2026-10-03-pherc0139-sheetness-run/specs/surface-0030.json
{
  "campaign_decision_rule": {
    "min_median_abs_cosine": 0.7,
    "min_median_normal_offset_margin": 0.0,
    "min_normal_completeness": 1.0,
    "min_normal_offset_win_fraction": 0.75,
    "min_score_completeness": 1.0
  },
  "campaign_group_id": "surface-0030",
  "campaign_plan_canonical_sha256": "f2f9817b2f5b71878ff8b82b481d8f17db601cd864c595a563633fcc9aea1439",
  "campaign_plan_sha256": "76c58373d2acd5513c505824832b3628b2edaf695072cfb48560fb8646a45a2e",
  "campaign_schema": "scroliq-sheetness-campaign/1",
  "claim_boundary": "This v3 spec materializes one already-frozen campaign group against the exact deterministic sheetness report/cutout bytes. Its local decision rule checks measurement completeness only; the scientific pass/fail rule is applied across all frozen groups by scroliq-sheetness-campaign aggregate.",
  "cutout_manifest_sha256": "9f1ba5d2c03bdf9aa13ff4787aeea4e43d7cc7bd66ceb1c51723c9dcc53ace00",
  "decision_rule": {
    "min_median_abs_cosine": 0.0,
    "min_median_normal_offset_margin": -1.0,
    "min_normal_completeness": 1.0,
    "min_normal_offset_win_fraction": 0.0,
    "min_score_completeness": 1.0
  },
  "frozen_engine": {
    "code_revision": "65bb493b87795011e1bed1ed0b2e0272e0f5a733",
    "max_voxels": 2500000,
    "method": "itk-hessian-objectness-m2-n3-compatible",
    "normalization": {
      "enabled": true,
      "lower_percentile": 1.0,
      "upper_percentile": 99.0
    },
    "parameters": {
      "beta": 0.5,
      "bright_object": true,
      "gamma": 0.1,
      "scale_objectness": false,
      "sigmas": [
        0.8,
        1.2,
        1.8
      ]
    },
    "seed": null,
    "sheetness_benchmark_py_sha256": "0c0b3b5c4eeedfc8a5002b356439c874849301588c5a1c2ee53e9cf43eb88e79",
    "sheetness_campaign_py_sha256": "6ba6a78cb5ab45c8ddb462df59f99034ce0697617d3e3502e61b5f57b411a243",
    "sheetness_py_sha256": "d04c84aaadad5d3b42f372b9702c3980ae4dad8cc895fa0b02c9264d44473a51",
    "stochastic": false,
    "write_normal": true
  },
  "groups": [
    {
      "controls": [
        {
          "id": "surface-0030-offset-01",
          "role": "normal-offset",
          "zyx": [
            8.995183014280883,
            14.387010608833407,
            12.747385468176162
          ]
        },
        {
          "id": "surface-0030-offset-02",
          "role": "normal-offset",
          "zyx": [
            8.944857132140896,
            17.781395929417158,
            14.862950546588308
          ]
        },
        {
          "id": "surface-0030-offset-03",
          "role": "normal-offset",
          "zyx": [
            8.844205367859104,
            24.570166570582842,
            19.09408070341169
          ]
        },
        {
          "id": "surface-0030-offset-04",
          "role": "normal-offset",
          "zyx": [
            8.793879485719117,
            27.964551891166593,
            21.209645781823838
          ]
        },
        {
          "id": "surface-0030-wrong-wrap",
          "role": "wrong-wrap",
          "zyx": [
            9.089544043295064,
            8.02253813274001,
            8.780700946153956
          ]
        }
      ],
      "id": "surface-0030",
      "surface": {
        "reference_normal_zyx": [
          -0.012581470535157506,
          0.8485963301458034,
          0.5288912696029758
        ],
        "zyx": [
          8.89453125,
          21.17578125,
          16.978515625
        ]
      }
    }
  ],
  "input_sha256": "9b049f7ee7ef33093fe1215c0519e5ae413acafae06ee0b49dbcd69e72fac149",
  "schema_version": 3,
  "sheetness_report_sha256": "acfa7470ef74a4a6f086eec913f9a0f17f5b7ff4b3b2906158f41b75304fcbac",
  "source_attestation": {
    "algorithm": "zpa-metadata-semantics-v1",
    "metadata_semantics_sha256": "58a956b0623bce7ba4f6fc38ec159cc4e500b2859b6619152574d5c9020c9bed",
    "state": "PRESENT"
  },
  "volume_root": "PHerc0139/volumes/20250728140407-9.362um-1.2m-113keV-masked.zarr"
}
$ scroliq-sheetness-eval --spec /home/runner/work/scrollq/scrollq/artifacts/2026-10-03-pherc0139-sheetness-run/specs/surface-0030.json --cutout-manifest /home/runner/work/scrollq/scrollq/artifacts/2026-10-03-pherc0139-sheetness-run/groups/surface-0030/cutout.json --report /home/runner/work/scrollq/scrollq/artifacts/2026-10-03-pherc0139-sheetness-run/groups/surface-0030/sheetness.sheetness.json --response /home/runner/work/scrollq/scrollq/artifacts/2026-10-03-pherc0139-sheetness-run/groups/surface-0030/sheetness.sheetness.npy --normal /home/runner/work/scrollq/scrollq/artifacts/2026-10-03-pherc0139-sheetness-run/groups/surface-0030/sheetness.normal-zyx.npy --out /home/runner/work/scrollq/scrollq/artifacts/2026-10-03-pherc0139-sheetness-run/results/surface-0030.json
{
  "claim_boundary": "This result tests whether a frozen sheetness field localizes a candidate surface relative to deliberate normal offsets on an exact audited CT volume. Wrong-wrap/competing-sheet probes are retained as mandatory descriptive controls, not a pass/fail target, because another papyrus sheet is itself sheet-like. This does not establish physical sheet identity/topology or demonstrate readable ink.",
  "decision_checks": {
    "median_abs_cosine": true,
    "median_normal_offset_margin": true,
    "normal_completeness": true,
    "normal_offset_win_fraction": true,
    "score_completeness": true
  },
  "engine": {
    "method": "itk-hessian-objectness-m2-n3-compatible",
    "normalization": {
      "enabled": true,
      "lower_percentile": 1.0,
      "lower_value": 25.0,
      "upper_percentile": 99.0,
      "upper_value": 182.0
    },
    "parameters": {
      "beta": 0.5,
      "bright_object": true,
      "gamma": 0.1,
      "scale_objectness": false,
      "sigmas": [
        0.8,
        1.2,
        1.8
      ]
    },
    "report_sha256": "acfa7470ef74a4a6f086eec913f9a0f17f5b7ff4b3b2906158f41b75304fcbac",
    "seed": null,
    "stochastic": false
  },
  "groups": [
    {
      "controls": [
        {
          "failure": null,
          "global_zyx": [
            7576.995183014281,
            4277.387010608833,
            3998.747385468176
          ],
          "id": "surface-0030-offset-01",
          "role": "normal-offset",
          "score": 0.003911485216874689,
          "zyx": [
            8.995183014280883,
            14.387010608833407,
            12.747385468176162
          ]
        },
        {
          "failure": null,
          "global_zyx": [
            7576.944857132141,
            4280.781395929417,
            4000.8629505465883
          ],
          "id": "surface-0030-offset-02",
          "role": "normal-offset",
          "score": 2.152149839922577e-06,
          "zyx": [
            8.944857132140896,
            17.781395929417158,
            14.862950546588308
          ]
        },
        {
          "failure": null,
          "global_zyx": [
            7576.844205367859,
            4287.570166570583,
            4005.0940807034117
          ],
          "id": "surface-0030-offset-03",
          "role": "normal-offset",
          "score": 0.35352841088673226,
          "zyx": [
            8.844205367859104,
            24.570166570582842,
            19.09408070341169
          ]
        },
        {
          "failure": null,
          "global_zyx": [
            7576.793879485719,
            4290.964551891167,
            4007.209645781824
          ],
          "id": "surface-0030-offset-04",
          "role": "normal-offset",
          "score": 0.0,
          "zyx": [
            8.793879485719117,
            27.964551891166593,
            21.209645781823838
          ]
        },
        {
          "failure": null,
          "global_zyx": [
            7577.089544043295,
            4271.02253813274,
            3994.780700946154
          ],
          "id": "surface-0030-wrong-wrap",
          "role": "wrong-wrap",
          "score": 0.0,
          "zyx": [
            9.089544043295064,
            8.02253813274001,
            8.780700946153956
          ]
        }
      ],
      "id": "surface-0030",
      "score_complete": true,
      "surface": {
        "global_zyx": [
          7576.89453125,
          4284.17578125,
          4002.978515625
        ],
        "normal_failure": null,
        "predicted_normal_abs_cosine": 0.9975267729635798,
        "reference_normal_zyx": [
          -0.012581470535157506,
          0.8485963301458034,
          0.5288912696029758
        ],
        "score": 0.8375231997554966,
        "score_failure": null,
        "zyx": [
          8.89453125,
          21.17578125,
          16.978515625
        ]
      },
      "surface_beats_all_normal_offsets": true,
      "surface_beats_all_wrong_wraps": true,
      "surface_minus_best_normal_offset": 0.48399478886876435,
      "surface_minus_best_wrong_wrap": 0.8375231997554966
    }
  ],
  "inputs": {
    "cutout_manifest_sha256": "9f1ba5d2c03bdf9aa13ff4787aeea4e43d7cc7bd66ceb1c51723c9dcc53ace00",
    "cutout_sha256": "9b049f7ee7ef33093fe1215c0519e5ae413acafae06ee0b49dbcd69e72fac149",
    "global_bbox_zyx_half_open": {
      "start": [
        7568,
        4263,
        3986
      ],
      "stop": [
        7587,
        4300,
        4017
      ]
    },
    "normal_sha256": "140d54b385c251a505a5631296d55c7647885b553397646e7d342ee72b607469",
    "response_sha256": "440d505892f480476c3455ac3c7d6091026c4835edeb62cfc4e689e3ef6d81f7",
    "shape_zyx": [
      19,
      37,
      31
    ],
    "zpa_report_sha256": "9a659bd974478032e1c4115c4e349ea4cd2711e090852500b7396bf480d92bdc"
  },
  "metrics": {
    "group_count": 1,
    "median_abs_cosine": 0.9975267729635798,
    "median_surface_minus_best_normal_offset": 0.48399478886876435,
    "median_surface_minus_best_wrong_wrap_descriptive": 0.8375231997554966,
    "normal_complete_count": 1,
    "normal_completeness": 1.0,
    "normal_offset_win_count": 1,
    "normal_offset_win_fraction": 1.0,
    "score_complete_count": 1,
    "score_completeness": 1.0,
    "wrong_wrap_win_count_descriptive": 1,
    "wrong_wrap_win_fraction_descriptive": 1.0
  },
  "schema": "scroliq-sheetness-benchmark/3",
  "source_attestation": {
    "algorithm": "zpa-metadata-semantics-v1",
    "metadata_semantics_sha256": "58a956b0623bce7ba4f6fc38ec159cc4e500b2859b6619152574d5c9020c9bed",
    "state": "PRESENT"
  },
  "spec": {
    "canonical_sha256": "2432533d62d2c46561d257b543d768c95f56eee59996078218fb24fc5010ef48",
    "decision_rule": {
      "min_median_abs_cosine": 0.0,
      "min_median_normal_offset_margin": -1.0,
      "min_normal_completeness": 1.0,
      "min_normal_offset_win_fraction": 0.0,
      "min_score_completeness": 1.0
    },
    "file_sha256": "b63e9d09fe45064b08503131deb4873a340a467b702d71f2b7ea70506801d4db"
  },
  "status": "pass",
  "volume_root": "PHerc0139/volumes/20250728140407-9.362um-1.2m-113keV-masked.zarr",
  "wrong_wrap_interpretation": "descriptive-only: a genuine competing papyrus sheet is also expected to be sheet-like, so wrong-wrap response measures the method's sheet-identity limitation and is not a pass/fail criterion"
}
$ scroliq-ct-cutout --ct-url https://vesuvius-challenge-open-data.s3.amazonaws.com/PHerc0139/volumes/20250728140407-9.362um-1.2m-113keV-masked.zarr --volume-root PHerc0139/volumes/20250728140407-9.362um-1.2m-113keV-masked.zarr --zpa-report /home/runner/work/scrollq/scrollq/artifacts/2026-10-03-pherc0139-sheetness-prereg/zpa.json --start 7720,4060,4110 --stop 7746,4090,4161 --out /home/runner/work/scrollq/scrollq/artifacts/2026-10-03-pherc0139-sheetness-run/groups/surface-0031/cutout.npy --manifest /home/runner/work/scrollq/scrollq/artifacts/2026-10-03-pherc0139-sheetness-run/groups/surface-0031/cutout.json
{
  "bbox_zyx_half_open": {
    "start": [
      7720,
      4060,
      4110
    ],
    "stop": [
      7746,
      4090,
      4161
    ]
  },
  "claim_boundary": "This manifest binds one local NumPy cutout to an exact audited level-0 ZYX box and records every touched source chunk. It does not establish papyrus sheet identity, topology, ink, or readability.",
  "coordinate_space": "level0-voxel-index",
  "ct_url": "https://vesuvius-challenge-open-data.s3.amazonaws.com/PHerc0139/volumes/20250728140407-9.362um-1.2m-113keV-masked.zarr",
  "cutout": {
    "dtype": "uint8",
    "path": "/home/runner/work/scrollq/scrollq/artifacts/2026-10-03-pherc0139-sheetness-run/groups/surface-0031/cutout.npy",
    "sha256": "e6d97e8a76a626e862f74c082c9f08a5b5643670427ab4f8bf4a9fb36144bee6",
    "shape_zyx": [
      26,
      30,
      51
    ]
  },
  "level": 0,
  "local_to_global": {
    "definition": "global_zyx = local_zyx + start_zyx",
    "kind": "integer-translation",
    "start_zyx": [
      7720,
      4060,
      4110
    ]
  },
  "schema": "scroliq-ct-cutout/1",
  "source_array": {
    "chunks_zyx": [
      128,
      128,
      128
    ],
    "dtype": "|u1",
    "path": "0",
    "shape_zyx": [
      20974,
      6621,
      6621
    ]
  },
  "source_attestation": {
    "absolute_scale_state": "unspecified",
    "algorithm": "zpa-metadata-semantics-v1",
    "axes": [
      "z",
      "y",
      "x"
    ],
    "base_declared_scale": [
      1.0,
      1.0,
      1.0
    ],
    "metadata_semantics_sha256": "58a956b0623bce7ba4f6fc38ec159cc4e500b2859b6619152574d5c9020c9bed",
    "spatial_axes": [
      {
        "index": 0,
        "name": "z",
        "unit": null
      },
      {
        "index": 1,
        "name": "y",
        "unit": null
      },
      {
        "index": 2,
        "name": "x",
        "unit": null
      }
    ],
    "state": "PRESENT"
  },
  "source_chunks": {
    "count": 1,
    "missing_count": 0,
    "touched_zyx": [
      [
        60,
        31,
        32
      ]
    ]
  },
  "status": "measured",
  "volume_root": "PHerc0139/volumes/20250728140407-9.362um-1.2m-113keV-masked.zarr",
  "zpa_report": {
    "integrity": "PASS",
    "path": "/home/runner/work/scrollq/scrollq/artifacts/2026-10-03-pherc0139-sheetness-prereg/zpa.json",
    "schema_version": "1.3.0",
    "sha256": "9a659bd974478032e1c4115c4e349ea4cd2711e090852500b7396bf480d92bdc"
  }
}
$ scroliq-sheetness /home/runner/work/scrollq/scrollq/artifacts/2026-10-03-pherc0139-sheetness-run/groups/surface-0031/cutout.npy --out-prefix /home/runner/work/scrollq/scrollq/artifacts/2026-10-03-pherc0139-sheetness-run/groups/surface-0031/sheetness --sigmas 0.8,1.2,1.8 --beta 0.5 --gamma 0.1 --bright-object --normalize-low 1.0 --normalize-high 99.0 --write-normal --max-voxels 2500000
{
  "input": {
    "dtype": "uint8",
    "path": "/home/runner/work/scrollq/scrollq/artifacts/2026-10-03-pherc0139-sheetness-run/groups/surface-0031/cutout.npy",
    "sha256": "e6d97e8a76a626e862f74c082c9f08a5b5643670427ab4f8bf4a9fb36144bee6",
    "shape_zyx": [
      26,
      30,
      51
    ],
    "voxels": 39780
  },
  "kind": "sheetness",
  "method": "itk-hessian-objectness-m2-n3-compatible",
  "normal": {
    "basis": "ZYX voxel axes",
    "interpretation": "unit eigenvector of the largest-absolute Hessian eigenvalue at the winning scale; sign is arbitrary",
    "output_path": "/home/runner/work/scrollq/scrollq/artifacts/2026-10-03-pherc0139-sheetness-run/groups/surface-0031/sheetness.normal-zyx.npy",
    "output_sha256": "f6207b39207faf80fa967625c0d1545a15ef9d8bbb561c453f0739a5fb604a8c"
  },
  "normalization": {
    "enabled": true,
    "lower_percentile": 1.0,
    "lower_value": 22.0,
    "upper_percentile": 99.0,
    "upper_value": 171.0
  },
  "parameters": {
    "beta": 0.5,
    "bright_object": true,
    "gamma": 0.1,
    "scale_objectness": false,
    "sigmas": [
      0.8,
      1.2,
      1.8
    ]
  },
  "per_scale": [
    {
      "response_max": 0.8774983882904053,
      "response_mean": 0.0666012093424797,
      "response_p99": 0.6298134326934814,
      "sigma": 0.8
    },
    {
      "response_max": 0.9808533191680908,
      "response_mean": 0.11857729405164719,
      "response_p99": 0.8764402270317078,
      "sigma": 1.2
    },
    {
      "response_max": 0.9905085563659668,
      "response_mean": 0.15978728234767914,
      "response_p99": 0.932562530040741,
      "sigma": 1.8
    }
  ],
  "response": {
    "nonzero_fraction": 0.59534942182001,
    "output_path": "/home/runner/work/scrollq/scrollq/artifacts/2026-10-03-pherc0139-sheetness-run/groups/surface-0031/sheetness.sheetness.npy",
    "output_sha256": "00377590ec9fa5427dccff3b1ed57b1cdbacd9211b51378714c35428bf49fe26",
    "summary": {
      "max": 0.9905085563659668,
      "mean": 0.16922593116760254,
      "min": 0.0,
      "p50": 0.005272333510220051,
      "p90": 0.6270262002944946,
      "p99": 0.9332785606384277
    }
  },
  "schema_version": 1,
  "scope": "local 3-D cutout diagnostic; not by itself evidence of correct papyrus identity, winding identity, recto/verso, or readable ink",
  "status": "measured",
  "winning_scale": {
    "counts": {
      "0.800000011920929": 19285,
      "1.2000000476837158": 5528,
      "1.7999999523162842": 14967
    },
    "output_path": "/home/runner/work/scrollq/scrollq/artifacts/2026-10-03-pherc0139-sheetness-run/groups/surface-0031/sheetness.scale.npy",
    "output_sha256": "5d2e7e626b263405d7bc34e6c088789eb67fb8d79415d520194b752de52a4631"
  }
}
$ scroliq-sheetness-campaign seal-group --plan /home/runner/work/scrollq/scrollq/artifacts/2026-10-03-pherc0139-sheetness-campaign/campaign-plan.json --group-id surface-0031 --cutout-manifest /home/runner/work/scrollq/scrollq/artifacts/2026-10-03-pherc0139-sheetness-run/groups/surface-0031/cutout.json --sheetness-report /home/runner/work/scrollq/scrollq/artifacts/2026-10-03-pherc0139-sheetness-run/groups/surface-0031/sheetness.sheetness.json --out /home/runner/work/scrollq/scrollq/artifacts/2026-10-03-pherc0139-sheetness-run/specs/surface-0031.json
{
  "campaign_decision_rule": {
    "min_median_abs_cosine": 0.7,
    "min_median_normal_offset_margin": 0.0,
    "min_normal_completeness": 1.0,
    "min_normal_offset_win_fraction": 0.75,
    "min_score_completeness": 1.0
  },
  "campaign_group_id": "surface-0031",
  "campaign_plan_canonical_sha256": "f2f9817b2f5b71878ff8b82b481d8f17db601cd864c595a563633fcc9aea1439",
  "campaign_plan_sha256": "76c58373d2acd5513c505824832b3628b2edaf695072cfb48560fb8646a45a2e",
  "campaign_schema": "scroliq-sheetness-campaign/1",
  "claim_boundary": "This v3 spec materializes one already-frozen campaign group against the exact deterministic sheetness report/cutout bytes. Its local decision rule checks measurement completeness only; the scientific pass/fail rule is applied across all frozen groups by scroliq-sheetness-campaign aggregate.",
  "cutout_manifest_sha256": "fd551c29db2d0420a53c76ea7b0e8b0cb7b2d301c35518c596633c31fdc5b99d",
  "decision_rule": {
    "min_median_abs_cosine": 0.0,
    "min_median_normal_offset_margin": -1.0,
    "min_normal_completeness": 1.0,
    "min_normal_offset_win_fraction": 0.0,
    "min_score_completeness": 1.0
  },
  "frozen_engine": {
    "code_revision": "65bb493b87795011e1bed1ed0b2e0272e0f5a733",
    "max_voxels": 2500000,
    "method": "itk-hessian-objectness-m2-n3-compatible",
    "normalization": {
      "enabled": true,
      "lower_percentile": 1.0,
      "upper_percentile": 99.0
    },
    "parameters": {
      "beta": 0.5,
      "bright_object": true,
      "gamma": 0.1,
      "scale_objectness": false,
      "sigmas": [
        0.8,
        1.2,
        1.8
      ]
    },
    "seed": null,
    "sheetness_benchmark_py_sha256": "0c0b3b5c4eeedfc8a5002b356439c874849301588c5a1c2ee53e9cf43eb88e79",
    "sheetness_campaign_py_sha256": "6ba6a78cb5ab45c8ddb462df59f99034ce0697617d3e3502e61b5f57b411a243",
    "sheetness_py_sha256": "d04c84aaadad5d3b42f372b9702c3980ae4dad8cc895fa0b02c9264d44473a51",
    "stochastic": false,
    "write_normal": true
  },
  "groups": [
    {
      "controls": [
        {
          "id": "surface-0031-offset-01",
          "role": "normal-offset",
          "zyx": [
            12.920763048664412,
            15.128042929775802,
            27.073636734082356
          ]
        },
        {
          "id": "surface-0031-offset-02",
          "role": "normal-offset",
          "zyx": [
            13.87249089933266,
            16.3578447070754,
            30.758986335791633
          ]
        },
        {
          "id": "surface-0031-offset-03",
          "role": "normal-offset",
          "zyx": [
            15.77594660066734,
            18.8174482616746,
            38.12968553920837
          ]
        },
        {
          "id": "surface-0031-offset-04",
          "role": "normal-offset",
          "zyx": [
            16.727674451335588,
            20.047250038974198,
            41.815035140917644
          ]
        },
        {
          "id": "surface-0031-wrong-wrap",
          "role": "wrong-wrap",
          "zyx": [
            8.162123795325897,
            8.979034043278261,
            8.646888725539611
          ]
        }
      ],
      "id": "surface-0031",
      "surface": {
        "reference_normal_zyx": [
          0.23793196266693745,
          0.3074504443248898,
          0.9213374004271655
        ],
        "zyx": [
          14.82421875,
          17.587646484375,
          34.4443359375
        ]
      }
    }
  ],
  "input_sha256": "e6d97e8a76a626e862f74c082c9f08a5b5643670427ab4f8bf4a9fb36144bee6",
  "schema_version": 3,
  "sheetness_report_sha256": "2aff3ee860463526d0fc6b9bb5a74711535be61385c213328c51280fcb6e0596",
  "source_attestation": {
    "algorithm": "zpa-metadata-semantics-v1",
    "metadata_semantics_sha256": "58a956b0623bce7ba4f6fc38ec159cc4e500b2859b6619152574d5c9020c9bed",
    "state": "PRESENT"
  },
  "volume_root": "PHerc0139/volumes/20250728140407-9.362um-1.2m-113keV-masked.zarr"
}
$ scroliq-sheetness-eval --spec /home/runner/work/scrollq/scrollq/artifacts/2026-10-03-pherc0139-sheetness-run/specs/surface-0031.json --cutout-manifest /home/runner/work/scrollq/scrollq/artifacts/2026-10-03-pherc0139-sheetness-run/groups/surface-0031/cutout.json --report /home/runner/work/scrollq/scrollq/artifacts/2026-10-03-pherc0139-sheetness-run/groups/surface-0031/sheetness.sheetness.json --response /home/runner/work/scrollq/scrollq/artifacts/2026-10-03-pherc0139-sheetness-run/groups/surface-0031/sheetness.sheetness.npy --normal /home/runner/work/scrollq/scrollq/artifacts/2026-10-03-pherc0139-sheetness-run/groups/surface-0031/sheetness.normal-zyx.npy --out /home/runner/work/scrollq/scrollq/artifacts/2026-10-03-pherc0139-sheetness-run/results/surface-0031.json
{
  "claim_boundary": "This result tests whether a frozen sheetness field localizes a candidate surface relative to deliberate normal offsets on an exact audited CT volume. Wrong-wrap/competing-sheet probes are retained as mandatory descriptive controls, not a pass/fail target, because another papyrus sheet is itself sheet-like. This does not establish physical sheet identity/topology or demonstrate readable ink.",
  "decision_checks": {
    "median_abs_cosine": true,
    "median_normal_offset_margin": true,
    "normal_completeness": true,
    "normal_offset_win_fraction": true,
    "score_completeness": true
  },
  "engine": {
    "method": "itk-hessian-objectness-m2-n3-compatible",
    "normalization": {
      "enabled": true,
      "lower_percentile": 1.0,
      "lower_value": 22.0,
      "upper_percentile": 99.0,
      "upper_value": 171.0
    },
    "parameters": {
      "beta": 0.5,
      "bright_object": true,
      "gamma": 0.1,
      "scale_objectness": false,
      "sigmas": [
        0.8,
        1.2,
        1.8
      ]
    },
    "report_sha256": "2aff3ee860463526d0fc6b9bb5a74711535be61385c213328c51280fcb6e0596",
    "seed": null,
    "stochastic": false
  },
  "groups": [
    {
      "controls": [
        {
          "failure": null,
          "global_zyx": [
            7732.920763048664,
            4075.128042929776,
            4137.073636734082
          ],
          "id": "surface-0031-offset-01",
          "role": "normal-offset",
          "score": 0.003361077954514617,
          "zyx": [
            12.920763048664412,
            15.128042929775802,
            27.073636734082356
          ]
        },
        {
          "failure": null,
          "global_zyx": [
            7733.872490899333,
            4076.3578447070754,
            4140.758986335792
          ],
          "id": "surface-0031-offset-02",
          "role": "normal-offset",
          "score": 0.43809697076891146,
          "zyx": [
            13.87249089933266,
            16.3578447070754,
            30.758986335791633
          ]
        },
        {
          "failure": null,
          "global_zyx": [
            7735.775946600667,
            4078.8174482616746,
            4148.129685539208
          ],
          "id": "surface-0031-offset-03",
          "role": "normal-offset",
          "score": 0.0,
          "zyx": [
            15.77594660066734,
            18.8174482616746,
            38.12968553920837
          ]
        },
        {
          "failure": null,
          "global_zyx": [
            7736.727674451336,
            4080.047250038974,
            4151.815035140918
          ],
          "id": "surface-0031-offset-04",
          "role": "normal-offset",
          "score": 0.009369467886247327,
          "zyx": [
            16.727674451335588,
            20.047250038974198,
            41.815035140917644
          ]
        },
        {
          "failure": null,
          "global_zyx": [
            7728.162123795326,
            4068.9790340432783,
            4118.64688872554
          ],
          "id": "surface-0031-wrong-wrap",
          "role": "wrong-wrap",
          "score": 0.6728318042125261,
          "zyx": [
            8.162123795325897,
            8.979034043278261,
            8.646888725539611
          ]
        }
      ],
      "id": "surface-0031",
      "score_complete": true,
      "surface": {
        "global_zyx": [
          7734.82421875,
          4077.587646484375,
          4144.4443359375
        ],
        "normal_failure": null,
        "predicted_normal_abs_cosine": 0.9881276834265877,
        "reference_normal_zyx": [
          0.23793196266693745,
          0.3074504443248898,
          0.9213374004271655
        ],
        "score": 0.6081259329480926,
        "score_failure": null,
        "zyx": [
          14.82421875,
          17.587646484375,
          34.4443359375
        ]
      },
      "surface_beats_all_normal_offsets": true,
      "surface_beats_all_wrong_wraps": false,
      "surface_minus_best_normal_offset": 0.17002896217918112,
      "surface_minus_best_wrong_wrap": -0.0647058712644335
    }
  ],
  "inputs": {
    "cutout_manifest_sha256": "fd551c29db2d0420a53c76ea7b0e8b0cb7b2d301c35518c596633c31fdc5b99d",
    "cutout_sha256": "e6d97e8a76a626e862f74c082c9f08a5b5643670427ab4f8bf4a9fb36144bee6",
    "global_bbox_zyx_half_open": {
      "start": [
        7720,
        4060,
        4110
      ],
      "stop": [
        7746,
        4090,
        4161
      ]
    },
    "normal_sha256": "f6207b39207faf80fa967625c0d1545a15ef9d8bbb561c453f0739a5fb604a8c",
    "response_sha256": "00377590ec9fa5427dccff3b1ed57b1cdbacd9211b51378714c35428bf49fe26",
    "shape_zyx": [
      26,
      30,
      51
    ],
    "zpa_report_sha256": "9a659bd974478032e1c4115c4e349ea4cd2711e090852500b7396bf480d92bdc"
  },
  "metrics": {
    "group_count": 1,
    "median_abs_cosine": 0.9881276834265877,
    "median_surface_minus_best_normal_offset": 0.17002896217918112,
    "median_surface_minus_best_wrong_wrap_descriptive": -0.0647058712644335,
    "normal_complete_count": 1,
    "normal_completeness": 1.0,
    "normal_offset_win_count": 1,
    "normal_offset_win_fraction": 1.0,
    "score_complete_count": 1,
    "score_completeness": 1.0,
    "wrong_wrap_win_count_descriptive": 0,
    "wrong_wrap_win_fraction_descriptive": 0.0
  },
  "schema": "scroliq-sheetness-benchmark/3",
  "source_attestation": {
    "algorithm": "zpa-metadata-semantics-v1",
    "metadata_semantics_sha256": "58a956b0623bce7ba4f6fc38ec159cc4e500b2859b6619152574d5c9020c9bed",
    "state": "PRESENT"
  },
  "spec": {
    "canonical_sha256": "ceb1700a42ec3022edd7f61673d63137dbb3c7c88ffe302f00c3bb1f350a5884",
    "decision_rule": {
      "min_median_abs_cosine": 0.0,
      "min_median_normal_offset_margin": -1.0,
      "min_normal_completeness": 1.0,
      "min_normal_offset_win_fraction": 0.0,
      "min_score_completeness": 1.0
    },
    "file_sha256": "4815af50529bd4a0a82f70b10c72b059ce82109126cb0b6675145766016c349b"
  },
  "status": "pass",
  "volume_root": "PHerc0139/volumes/20250728140407-9.362um-1.2m-113keV-masked.zarr",
  "wrong_wrap_interpretation": "descriptive-only: a genuine competing papyrus sheet is also expected to be sheet-like, so wrong-wrap response measures the method's sheet-identity limitation and is not a pass/fail criterion"
}
$ scroliq-ct-cutout --ct-url https://vesuvius-challenge-open-data.s3.amazonaws.com/PHerc0139/volumes/20250728140407-9.362um-1.2m-113keV-masked.zarr --volume-root PHerc0139/volumes/20250728140407-9.362um-1.2m-113keV-masked.zarr --zpa-report /home/runner/work/scrollq/scrollq/artifacts/2026-10-03-pherc0139-sheetness-prereg/zpa.json --start 7722,2756,3864 --stop 7754,2789,3908 --out /home/runner/work/scrollq/scrollq/artifacts/2026-10-03-pherc0139-sheetness-run/groups/surface-0032/cutout.npy --manifest /home/runner/work/scrollq/scrollq/artifacts/2026-10-03-pherc0139-sheetness-run/groups/surface-0032/cutout.json
{
  "bbox_zyx_half_open": {
    "start": [
      7722,
      2756,
      3864
    ],
    "stop": [
      7754,
      2789,
      3908
    ]
  },
  "claim_boundary": "This manifest binds one local NumPy cutout to an exact audited level-0 ZYX box and records every touched source chunk. It does not establish papyrus sheet identity, topology, ink, or readability.",
  "coordinate_space": "level0-voxel-index",
  "ct_url": "https://vesuvius-challenge-open-data.s3.amazonaws.com/PHerc0139/volumes/20250728140407-9.362um-1.2m-113keV-masked.zarr",
  "cutout": {
    "dtype": "uint8",
    "path": "/home/runner/work/scrollq/scrollq/artifacts/2026-10-03-pherc0139-sheetness-run/groups/surface-0032/cutout.npy",
    "sha256": "71ef32014e11a9de77aa9d202db4ecad8f8e61571d3d74d3e14ead6bfe302302",
    "shape_zyx": [
      32,
      33,
      44
    ]
  },
  "level": 0,
  "local_to_global": {
    "definition": "global_zyx = local_zyx + start_zyx",
    "kind": "integer-translation",
    "start_zyx": [
      7722,
      2756,
      3864
    ]
  },
  "schema": "scroliq-ct-cutout/1",
  "source_array": {
    "chunks_zyx": [
      128,
      128,
      128
    ],
    "dtype": "|u1",
    "path": "0",
    "shape_zyx": [
      20974,
      6621,
      6621
    ]
  },
  "source_attestation": {
    "absolute_scale_state": "unspecified",
    "algorithm": "zpa-metadata-semantics-v1",
    "axes": [
      "z",
      "y",
      "x"
    ],
    "base_declared_scale": [
      1.0,
      1.0,
      1.0
    ],
    "metadata_semantics_sha256": "58a956b0623bce7ba4f6fc38ec159cc4e500b2859b6619152574d5c9020c9bed",
    "spatial_axes": [
      {
        "index": 0,
        "name": "z",
        "unit": null
      },
      {
        "index": 1,
        "name": "y",
        "unit": null
      },
      {
        "index": 2,
        "name": "x",
        "unit": null
      }
    ],
    "state": "PRESENT"
  },
  "source_chunks": {
    "count": 1,
    "missing_count": 0,
    "touched_zyx": [
      [
        60,
        21,
        30
      ]
    ]
  },
  "status": "measured",
  "volume_root": "PHerc0139/volumes/20250728140407-9.362um-1.2m-113keV-masked.zarr",
  "zpa_report": {
    "integrity": "PASS",
    "path": "/home/runner/work/scrollq/scrollq/artifacts/2026-10-03-pherc0139-sheetness-prereg/zpa.json",
    "schema_version": "1.3.0",
    "sha256": "9a659bd974478032e1c4115c4e349ea4cd2711e090852500b7396bf480d92bdc"
  }
}
$ scroliq-sheetness /home/runner/work/scrollq/scrollq/artifacts/2026-10-03-pherc0139-sheetness-run/groups/surface-0032/cutout.npy --out-prefix /home/runner/work/scrollq/scrollq/artifacts/2026-10-03-pherc0139-sheetness-run/groups/surface-0032/sheetness --sigmas 0.8,1.2,1.8 --beta 0.5 --gamma 0.1 --bright-object --normalize-low 1.0 --normalize-high 99.0 --write-normal --max-voxels 2500000
{
  "input": {
    "dtype": "uint8",
    "path": "/home/runner/work/scrollq/scrollq/artifacts/2026-10-03-pherc0139-sheetness-run/groups/surface-0032/cutout.npy",
    "sha256": "71ef32014e11a9de77aa9d202db4ecad8f8e61571d3d74d3e14ead6bfe302302",
    "shape_zyx": [
      32,
      33,
      44
    ],
    "voxels": 46464
  },
  "kind": "sheetness",
  "method": "itk-hessian-objectness-m2-n3-compatible",
  "normal": {
    "basis": "ZYX voxel axes",
    "interpretation": "unit eigenvector of the largest-absolute Hessian eigenvalue at the winning scale; sign is arbitrary",
    "output_path": "/home/runner/work/scrollq/scrollq/artifacts/2026-10-03-pherc0139-sheetness-run/groups/surface-0032/sheetness.normal-zyx.npy",
    "output_sha256": "b2b1c48ebb9ff7a133ebcf77bdc739f9eae05097daf449055ab4e2f071c78f89"
  },
  "normalization": {
    "enabled": true,
    "lower_percentile": 1.0,
    "lower_value": 8.0,
    "upper_percentile": 99.0,
    "upper_value": 207.0
  },
  "parameters": {
    "beta": 0.5,
    "bright_object": true,
    "gamma": 0.1,
    "scale_objectness": false,
    "sigmas": [
      0.8,
      1.2,
      1.8
    ]
  },
  "per_scale": [
    {
      "response_max": 0.9138568043708801,
      "response_mean": 0.08152545988559723,
      "response_p99": 0.718544065952301,
      "sigma": 0.8
    },
    {
      "response_max": 0.9872266054153442,
      "response_mean": 0.13713790476322174,
      "response_p99": 0.9156506657600403,
      "sigma": 1.2
    },
    {
      "response_max": 0.9912669062614441,
      "response_mean": 0.16824892163276672,
      "response_p99": 0.9486479759216309,
      "sigma": 1.8
    }
  ],
  "response": {
    "nonzero_fraction": 0.5869059917355371,
    "output_path": "/home/runner/work/scrollq/scrollq/artifacts/2026-10-03-pherc0139-sheetness-run/groups/surface-0032/sheetness.sheetness.npy",
    "output_sha256": "d9c32b2ae1f7b45e9269dfe4aedd6d6cadb7e01c1bba86780f69d2cc4bfad765",
    "summary": {
      "max": 0.9912669062614441,
      "mean": 0.18348924815654755,
      "min": 0.0,
      "p50": 0.010142703540623188,
      "p90": 0.6356568932533264,
      "p99": 0.9521104693412781
    }
  },
  "schema_version": 1,
  "scope": "local 3-D cutout diagnostic; not by itself evidence of correct papyrus identity, winding identity, recto/verso, or readable ink",
  "status": "measured",
  "winning_scale": {
    "counts": {
      "0.800000011920929": 22959,
      "1.2000000476837158": 7185,
      "1.7999999523162842": 16320
    },
    "output_path": "/home/runner/work/scrollq/scrollq/artifacts/2026-10-03-pherc0139-sheetness-run/groups/surface-0032/sheetness.scale.npy",
    "output_sha256": "66150584243f3eb049d09faa4e85499865134599539a22878f1d206708eaecf2"
  }
}
$ scroliq-sheetness-campaign seal-group --plan /home/runner/work/scrollq/scrollq/artifacts/2026-10-03-pherc0139-sheetness-campaign/campaign-plan.json --group-id surface-0032 --cutout-manifest /home/runner/work/scrollq/scrollq/artifacts/2026-10-03-pherc0139-sheetness-run/groups/surface-0032/cutout.json --sheetness-report /home/runner/work/scrollq/scrollq/artifacts/2026-10-03-pherc0139-sheetness-run/groups/surface-0032/sheetness.sheetness.json --out /home/runner/work/scrollq/scrollq/artifacts/2026-10-03-pherc0139-sheetness-run/specs/surface-0032.json
{
  "campaign_decision_rule": {
    "min_median_abs_cosine": 0.7,
    "min_median_normal_offset_margin": 0.0,
    "min_normal_completeness": 1.0,
    "min_normal_offset_win_fraction": 0.75,
    "min_score_completeness": 1.0
  },
  "campaign_group_id": "surface-0032",
  "campaign_plan_canonical_sha256": "f2f9817b2f5b71878ff8b82b481d8f17db601cd864c595a563633fcc9aea1439",
  "campaign_plan_sha256": "76c58373d2acd5513c505824832b3628b2edaf695072cfb48560fb8646a45a2e",
  "campaign_schema": "scroliq-sheetness-campaign/1",
  "claim_boundary": "This v3 spec materializes one already-frozen campaign group against the exact deterministic sheetness report/cutout bytes. Its local decision rule checks measurement completeness only; the scientific pass/fail rule is applied across all frozen groups by scroliq-sheetness-campaign aggregate.",
  "cutout_manifest_sha256": "c0253e1c7d701ea0edb222b070f3de1f9711f97168976ea15e53b0fb91ee058c",
  "decision_rule": {
    "min_median_abs_cosine": 0.0,
    "min_median_normal_offset_margin": -1.0,
    "min_normal_completeness": 1.0,
    "min_normal_offset_win_fraction": 0.0,
    "min_score_completeness": 1.0
  },
  "frozen_engine": {
    "code_revision": "65bb493b87795011e1bed1ed0b2e0272e0f5a733",
    "max_voxels": 2500000,
    "method": "itk-hessian-objectness-m2-n3-compatible",
    "normalization": {
      "enabled": true,
      "lower_percentile": 1.0,
      "upper_percentile": 99.0
    },
    "parameters": {
      "beta": 0.5,
      "bright_object": true,
      "gamma": 0.1,
      "scale_objectness": false,
      "sigmas": [
        0.8,
        1.2,
        1.8
      ]
    },
    "seed": null,
    "sheetness_benchmark_py_sha256": "0c0b3b5c4eeedfc8a5002b356439c874849301588c5a1c2ee53e9cf43eb88e79",
    "sheetness_campaign_py_sha256": "6ba6a78cb5ab45c8ddb462df59f99034ce0697617d3e3502e61b5f57b411a243",
    "sheetness_py_sha256": "d04c84aaadad5d3b42f372b9702c3980ae4dad8cc895fa0b02c9264d44473a51",
    "stochastic": false,
    "write_normal": true
  },
  "groups": [
    {
      "controls": [
        {
          "id": "surface-0032-offset-01",
          "role": "normal-offset",
          "zyx": [
            15.61823166808972,
            15.939316696425522,
            21.631210621012542
          ]
        },
        {
          "id": "surface-0032-offset-02",
          "role": "normal-offset",
          "zyx": [
            13.94339317779486,
            14.06633803571276,
            24.74358382613127
          ]
        },
        {
          "id": "surface-0032-offset-03",
          "role": "normal-offset",
          "zyx": [
            10.59371619720514,
            10.32038071428724,
            30.96833023636873
          ]
        },
        {
          "id": "surface-0032-offset-04",
          "role": "normal-offset",
          "zyx": [
            8.91887770691028,
            8.447402053574478,
            34.08070344148746
          ]
        },
        {
          "id": "surface-0032-wrong-wrap",
          "role": "wrong-wrap",
          "zyx": [
            22.526940440557155,
            23.665353671865432,
            8.792671149897615
          ]
        }
      ],
      "id": "surface-0032",
      "surface": {
        "reference_normal_zyx": [
          -0.41870962257375327,
          -0.4682446651781738,
          0.7780933012796891
        ],
        "zyx": [
          12.2685546875,
          12.193359375,
          27.85595703125
        ]
      }
    }
  ],
  "input_sha256": "71ef32014e11a9de77aa9d202db4ecad8f8e61571d3d74d3e14ead6bfe302302",
  "schema_version": 3,
  "sheetness_report_sha256": "cf7bf7f979296610ff5c5eec5f57c3eb12d4582f02cc5f8308bf579b8c802f60",
  "source_attestation": {
    "algorithm": "zpa-metadata-semantics-v1",
    "metadata_semantics_sha256": "58a956b0623bce7ba4f6fc38ec159cc4e500b2859b6619152574d5c9020c9bed",
    "state": "PRESENT"
  },
  "volume_root": "PHerc0139/volumes/20250728140407-9.362um-1.2m-113keV-masked.zarr"
}
$ scroliq-sheetness-eval --spec /home/runner/work/scrollq/scrollq/artifacts/2026-10-03-pherc0139-sheetness-run/specs/surface-0032.json --cutout-manifest /home/runner/work/scrollq/scrollq/artifacts/2026-10-03-pherc0139-sheetness-run/groups/surface-0032/cutout.json --report /home/runner/work/scrollq/scrollq/artifacts/2026-10-03-pherc0139-sheetness-run/groups/surface-0032/sheetness.sheetness.json --response /home/runner/work/scrollq/scrollq/artifacts/2026-10-03-pherc0139-sheetness-run/groups/surface-0032/sheetness.sheetness.npy --normal /home/runner/work/scrollq/scrollq/artifacts/2026-10-03-pherc0139-sheetness-run/groups/surface-0032/sheetness.normal-zyx.npy --out /home/runner/work/scrollq/scrollq/artifacts/2026-10-03-pherc0139-sheetness-run/results/surface-0032.json
{
  "claim_boundary": "This result tests whether a frozen sheetness field localizes a candidate surface relative to deliberate normal offsets on an exact audited CT volume. Wrong-wrap/competing-sheet probes are retained as mandatory descriptive controls, not a pass/fail target, because another papyrus sheet is itself sheet-like. This does not establish physical sheet identity/topology or demonstrate readable ink.",
  "decision_checks": {
    "median_abs_cosine": true,
    "median_normal_offset_margin": true,
    "normal_completeness": true,
    "normal_offset_win_fraction": true,
    "score_completeness": true
  },
  "engine": {
    "method": "itk-hessian-objectness-m2-n3-compatible",
    "normalization": {
      "enabled": true,
      "lower_percentile": 1.0,
      "lower_value": 8.0,
      "upper_percentile": 99.0,
      "upper_value": 207.0
    },
    "parameters": {
      "beta": 0.5,
      "bright_object": true,
      "gamma": 0.1,
      "scale_objectness": false,
      "sigmas": [
        0.8,
        1.2,
        1.8
      ]
    },
    "report_sha256": "cf7bf7f979296610ff5c5eec5f57c3eb12d4582f02cc5f8308bf579b8c802f60",
    "seed": null,
    "stochastic": false
  },
  "groups": [
    {
      "controls": [
        {
          "failure": null,
          "global_zyx": [
            7737.61823166809,
            2771.9393166964255,
            3885.6312106210125
          ],
          "id": "surface-0032-offset-01",
          "role": "normal-offset",
          "score": 0.9424510114265408,
          "zyx": [
            15.61823166808972,
            15.939316696425522,
            21.631210621012542
          ]
        },
        {
          "failure": null,
          "global_zyx": [
            7735.943393177795,
            2770.0663380357128,
            3888.7435838261313
          ],
          "id": "surface-0032-offset-02",
          "role": "normal-offset",
          "score": 0.03881319728670955,
          "zyx": [
            13.94339317779486,
            14.06633803571276,
            24.74358382613127
          ]
        },
        {
          "failure": null,
          "global_zyx": [
            7732.593716197205,
            2766.3203807142872,
            3894.9683302363687
          ],
          "id": "surface-0032-offset-03",
          "role": "normal-offset",
          "score": 0.5638451453067964,
          "zyx": [
            10.59371619720514,
            10.32038071428724,
            30.96833023636873
          ]
        },
        {
          "failure": null,
          "global_zyx": [
            7730.91887770691,
            2764.4474020535745,
            3898.0807034414875
          ],
          "id": "surface-0032-offset-04",
          "role": "normal-offset",
          "score": 0.0,
          "zyx": [
            8.91887770691028,
            8.447402053574478,
            34.08070344148746
          ]
        },
        {
          "failure": null,
          "global_zyx": [
            7744.526940440557,
            2779.6653536718654,
            3872.7926711498976
          ],
          "id": "surface-0032-wrong-wrap",
          "role": "wrong-wrap",
          "score": 0.07140724931318762,
          "zyx": [
            22.526940440557155,
            23.665353671865432,
            8.792671149897615
          ]
        }
      ],
      "id": "surface-0032",
      "score_complete": true,
      "surface": {
        "global_zyx": [
          7734.2685546875,
          2768.193359375,
          3891.85595703125
        ],
        "normal_failure": null,
        "predicted_normal_abs_cosine": 0.7408432347050665,
        "reference_normal_zyx": [
          -0.41870962257375327,
          -0.4682446651781738,
          0.7780933012796891
        ],
        "score": 0.09085536056147192,
        "score_failure": null,
        "zyx": [
          12.2685546875,
          12.193359375,
          27.85595703125
        ]
      },
      "surface_beats_all_normal_offsets": false,
      "surface_beats_all_wrong_wraps": true,
      "surface_minus_best_normal_offset": -0.8515956508650688,
      "surface_minus_best_wrong_wrap": 0.0194481112482843
    }
  ],
  "inputs": {
    "cutout_manifest_sha256": "c0253e1c7d701ea0edb222b070f3de1f9711f97168976ea15e53b0fb91ee058c",
    "cutout_sha256": "71ef32014e11a9de77aa9d202db4ecad8f8e61571d3d74d3e14ead6bfe302302",
    "global_bbox_zyx_half_open": {
      "start": [
        7722,
        2756,
        3864
      ],
      "stop": [
        7754,
        2789,
        3908
      ]
    },
    "normal_sha256": "b2b1c48ebb9ff7a133ebcf77bdc739f9eae05097daf449055ab4e2f071c78f89",
    "response_sha256": "d9c32b2ae1f7b45e9269dfe4aedd6d6cadb7e01c1bba86780f69d2cc4bfad765",
    "shape_zyx": [
      32,
      33,
      44
    ],
    "zpa_report_sha256": "9a659bd974478032e1c4115c4e349ea4cd2711e090852500b7396bf480d92bdc"
  },
  "metrics": {
    "group_count": 1,
    "median_abs_cosine": 0.7408432347050665,
    "median_surface_minus_best_normal_offset": -0.8515956508650688,
    "median_surface_minus_best_wrong_wrap_descriptive": 0.0194481112482843,
    "normal_complete_count": 1,
    "normal_completeness": 1.0,
    "normal_offset_win_count": 0,
    "normal_offset_win_fraction": 0.0,
    "score_complete_count": 1,
    "score_completeness": 1.0,
    "wrong_wrap_win_count_descriptive": 1,
    "wrong_wrap_win_fraction_descriptive": 1.0
  },
  "schema": "scroliq-sheetness-benchmark/3",
  "source_attestation": {
    "algorithm": "zpa-metadata-semantics-v1",
    "metadata_semantics_sha256": "58a956b0623bce7ba4f6fc38ec159cc4e500b2859b6619152574d5c9020c9bed",
    "state": "PRESENT"
  },
  "spec": {
    "canonical_sha256": "15452e0fda270c02ff71fc77a4f01ba76fcc9f1ff2605e3f760cd8cea08a93f3",
    "decision_rule": {
      "min_median_abs_cosine": 0.0,
      "min_median_normal_offset_margin": -1.0,
      "min_normal_completeness": 1.0,
      "min_normal_offset_win_fraction": 0.0,
      "min_score_completeness": 1.0
    },
    "file_sha256": "e71dbae5c8c506cdef5c1c479b1baba8dec2f57d0d6a00d26b105efe0328c87a"
  },
  "status": "pass",
  "volume_root": "PHerc0139/volumes/20250728140407-9.362um-1.2m-113keV-masked.zarr",
  "wrong_wrap_interpretation": "descriptive-only: a genuine competing papyrus sheet is also expected to be sheet-like, so wrong-wrap response measures the method's sheet-identity limitation and is not a pass/fail criterion"
}
$ scroliq-sheetness-campaign aggregate --plan /home/runner/work/scrollq/scrollq/artifacts/2026-10-03-pherc0139-sheetness-campaign/campaign-plan.json --specs-dir /home/runner/work/scrollq/scrollq/artifacts/2026-10-03-pherc0139-sheetness-run/specs --results-dir /home/runner/work/scrollq/scrollq/artifacts/2026-10-03-pherc0139-sheetness-run/results --out /home/runner/work/scrollq/scrollq/artifacts/2026-10-03-pherc0139-sheetness-run/sheetness-result.json
{
  "campaign_plan": {
    "canonical_sha256": "f2f9817b2f5b71878ff8b82b481d8f17db601cd864c595a563633fcc9aea1439",
    "file_sha256": "76c58373d2acd5513c505824832b3628b2edaf695072cfb48560fb8646a45a2e"
  },
  "claim_boundary": "This aggregate tests whether the frozen Hessian sheetness signal localizes the known reference surface relative to deliberate normal offsets and aligns with its local normal. Wrong-wrap comparison is descriptive only. A pass does not establish global sheet identity, topology, ink or readability.",
  "decision_checks": {
    "median_abs_cosine": true,
    "median_normal_offset_margin": false,
    "no_invalid_or_missing_groups": true,
    "normal_completeness": true,
    "normal_offset_win_fraction": false,
    "score_completeness": true
  },
  "decision_rule": {
    "min_median_abs_cosine": 0.7,
    "min_median_normal_offset_margin": 0.0,
    "min_normal_completeness": 1.0,
    "min_normal_offset_win_fraction": 0.75,
    "min_score_completeness": 1.0
  },
  "engine": {
    "code_revision": "65bb493b87795011e1bed1ed0b2e0272e0f5a733",
    "max_voxels": 2500000,
    "method": "itk-hessian-objectness-m2-n3-compatible",
    "normalization": {
      "enabled": true,
      "lower_percentile": 1.0,
      "upper_percentile": 99.0
    },
    "parameters": {
      "beta": 0.5,
      "bright_object": true,
      "gamma": 0.1,
      "scale_objectness": false,
      "sigmas": [
        0.8,
        1.2,
        1.8
      ]
    },
    "seed": null,
    "sheetness_benchmark_py_sha256": "0c0b3b5c4eeedfc8a5002b356439c874849301588c5a1c2ee53e9cf43eb88e79",
    "sheetness_campaign_py_sha256": "6ba6a78cb5ab45c8ddb462df59f99034ce0697617d3e3502e61b5f57b411a243",
    "sheetness_py_sha256": "d04c84aaadad5d3b42f372b9702c3980ae4dad8cc895fa0b02c9264d44473a51",
    "stochastic": false,
    "write_normal": true
  },
  "failures": [],
  "groups": [
    {
      "id": "surface-0001",
      "predicted_normal_abs_cosine": 0.922988916883732,
      "result_sha256": "95d4969c7f9a26c67691e3ac8fd98ebba3272826a5d5600f37cff73b04c94103",
      "score_complete": true,
      "spec_sha256": "5eedd8e169fc4e058b6c569eed78565146d7275bd84288940d4ebfef7bcd6f9f",
      "status": "measured",
      "surface_beats_all_normal_offsets": false,
      "surface_beats_all_wrong_wraps": false,
      "surface_minus_best_normal_offset": -0.05892624136637398,
      "surface_minus_best_wrong_wrap": -0.15264485158379199
    },
    {
      "id": "surface-0002",
      "predicted_normal_abs_cosine": 0.7481589591433674,
      "result_sha256": "7e7024e92b62188394e343326859a158f3fa4ef69661f7809eee45bf2f99a8d0",
      "score_complete": true,
      "spec_sha256": "5f7da5e25ae0cd288db426b90e99e018edcf0e3fdc736ecea23d584a234f787d",
      "status": "measured",
      "surface_beats_all_normal_offsets": true,
      "surface_beats_all_wrong_wraps": true,
      "surface_minus_best_normal_offset": 0.5901870534417569,
      "surface_minus_best_wrong_wrap": 0.7093477508678292
    },
    {
      "id": "surface-0003",
      "predicted_normal_abs_cosine": 0.8372447925848274,
      "result_sha256": "7c312f3a26ee115e4e53f0b1b01a7ebadfa8aa846a7f233f4c8317fae7946d26",
      "score_complete": true,
      "spec_sha256": "c52a5bcdc3eaeb9c836191329134e382114493883aeb73589ce0d8aa1197c529",
      "status": "measured",
      "surface_beats_all_normal_offsets": false,
      "surface_beats_all_wrong_wraps": false,
      "surface_minus_best_normal_offset": -0.04283822888912106,
      "surface_minus_best_wrong_wrap": -0.15147187736634424
    },
    {
      "id": "surface-0004",
      "predicted_normal_abs_cosine": 0.8871539031931819,
      "result_sha256": "1c6cb2a6ad87493ec878e81c480d49f0c2257c025d169ae74dc263ee644547fa",
      "score_complete": true,
      "spec_sha256": "c840684c5a82fe24dcdf5a89a58dd4e252a4468f307e95db04e43f4983fdb5c0",
      "status": "measured",
      "surface_beats_all_normal_offsets": false,
      "surface_beats_all_wrong_wraps": false,
      "surface_minus_best_normal_offset": -0.19501983361986303,
      "surface_minus_best_wrong_wrap": -0.23442460475443078
    },
    {
      "id": "surface-0005",
      "predicted_normal_abs_cosine": 0.8953765769735875,
      "result_sha256": "0df6465563cf05d4de26215f36e721e0b76e2002686011b0fe42155fd96791b9",
      "score_complete": true,
      "spec_sha256": "7ddf1215bebc1089648b7cdc865b2e729baefafe00d460a0d78a5d8cace6908a",
      "status": "measured",
      "surface_beats_all_normal_offsets": false,
      "surface_beats_all_wrong_wraps": false,
      "surface_minus_best_normal_offset": -0.4131276855108377,
      "surface_minus_best_wrong_wrap": -0.1768164315142701
    },
    {
      "id": "surface-0006",
      "predicted_normal_abs_cosine": 0.9895485416236729,
      "result_sha256": "79b9bd2de056b1a791915d871165683c1fde26a30f70986f48d0e43924c025f0",
      "score_complete": true,
      "spec_sha256": "b984e07a208e7b5e9a3b6a584363e8334e923ca40b1a85fe7d55217dd2b91eee",
      "status": "measured",
      "surface_beats_all_normal_offsets": false,
      "surface_beats_all_wrong_wraps": true,
      "surface_minus_best_normal_offset": -0.5031923714992685,
      "surface_minus_best_wrong_wrap": 0.10058276868006986
    },
    {
      "id": "surface-0007",
      "predicted_normal_abs_cosine": 0.8742252617273454,
      "result_sha256": "5cc83d84f8f207d7b275987d831732a71939223bed0d1c5681e0a28c93dffb2a",
      "score_complete": true,
      "spec_sha256": "e0bbbb65ebcc0cf4984329332f2c238696fa30be4ef20348c8206c8359f67e05",
      "status": "measured",
      "surface_beats_all_normal_offsets": false,
      "surface_beats_all_wrong_wraps": false,
      "surface_minus_best_normal_offset": -0.21604474123145823,
      "surface_minus_best_wrong_wrap": -0.7770713822905659
    },
    {
      "id": "surface-0008",
      "predicted_normal_abs_cosine": 0.937577420380254,
      "result_sha256": "c51b829e57482c65234dc824f77a62ac32779ab4052181e46607e5a768c8a9ed",
      "score_complete": true,
      "spec_sha256": "4032d200aa7d92e958764ec5a2f8fa2a9b43e72fbb1ba4567aab9c9a79b4c612",
      "status": "measured",
      "surface_beats_all_normal_offsets": true,
      "surface_beats_all_wrong_wraps": true,
      "surface_minus_best_normal_offset": 0.7692501241623225,
      "surface_minus_best_wrong_wrap": 0.3809406535045076
    },
    {
      "id": "surface-0009",
      "predicted_normal_abs_cosine": 0.9255508615498991,
      "result_sha256": "83777e11cdacd82be0cb59c958ebb2668d5f24da7b66bad06b7d50671cb52bf3",
      "score_complete": true,
      "spec_sha256": "3d8f33c225fbe70a4c88120d1ab596fe11f169a83116ed23f11916b800110069",
      "status": "measured",
      "surface_beats_all_normal_offsets": false,
      "surface_beats_all_wrong_wraps": false,
      "surface_minus_best_normal_offset": -0.7719506307750897,
      "surface_minus_best_wrong_wrap": -0.03370734531099487
    },
    {
      "id": "surface-0010",
      "predicted_normal_abs_cosine": 0.9325282544156617,
      "result_sha256": "5039f599d06ffa0e02234adc6010c1366591f53991112ea5fb0842bea533c26f",
      "score_complete": true,
      "spec_sha256": "1ac73622371dedb952095786783c27f41a490ed5ea5c7c8fbaf08f5db89d80ca",
      "status": "measured",
      "surface_beats_all_normal_offsets": false,
      "surface_beats_all_wrong_wraps": false,
      "surface_minus_best_normal_offset": -0.2649418756180677,
      "surface_minus_best_wrong_wrap": -0.4187481461885054
    },
    {
      "id": "surface-0011",
      "predicted_normal_abs_cosine": 0.9989091974088169,
      "result_sha256": "ed1e9c96cfbfd405b3381973250733e1c3f589c1ca2c301002e71c33f3031ee2",
      "score_complete": true,
      "spec_sha256": "32150c5ce4339924acb0d12ed1736d0c9ccbc147269bb766fb440c8cc571aa46",
      "status": "measured",
      "surface_beats_all_normal_offsets": false,
      "surface_beats_all_wrong_wraps": true,
      "surface_minus_best_normal_offset": -0.382202841727316,
      "surface_minus_best_wrong_wrap": 0.18573082016041545
    },
    {
      "id": "surface-0012",
      "predicted_normal_abs_cosine": 0.9824012262034638,
      "result_sha256": "fdeacadf09ceb8ddfd80b735e5900860322bc26f96f47f75700e97c0762f209d",
      "score_complete": true,
      "spec_sha256": "5568715d4b6f07930991d1d20478a70779a9a6b7d96f862867d52c3a917873eb",
      "status": "measured",
      "surface_beats_all_normal_offsets": true,
      "surface_beats_all_wrong_wraps": true,
      "surface_minus_best_normal_offset": 0.1359565255348864,
      "surface_minus_best_wrong_wrap": 0.20041679063132467
    },
    {
      "id": "surface-0013",
      "predicted_normal_abs_cosine": 0.9681642486778668,
      "result_sha256": "80828c66a1252516ecbb389429e4c8009374733ff455438e44407dd75a2933f7",
      "score_complete": true,
      "spec_sha256": "5b6b9c00dbc1bfe4a8fc28e5e44b38f82d7466708dcb52aaba579abde5fdc618",
      "status": "measured",
      "surface_beats_all_normal_offsets": false,
      "surface_beats_all_wrong_wraps": true,
      "surface_minus_best_normal_offset": -0.5585176937342402,
      "surface_minus_best_wrong_wrap": 0.19058626926344907
    },
    {
      "id": "surface-0014",
      "predicted_normal_abs_cosine": 0.85987862740431,
      "result_sha256": "b258048aa5415fe752cb10593b827aefff07ad19d212d996373fbc0ae2ac0198",
      "score_complete": true,
      "spec_sha256": "c5a1e687545718f1a9e9ae9dc4ad88430824950981ce935ad54c80622d907e94",
      "status": "measured",
      "surface_beats_all_normal_offsets": false,
      "surface_beats_all_wrong_wraps": true,
      "surface_minus_best_normal_offset": -0.1450933310346038,
      "surface_minus_best_wrong_wrap": 0.137772883015637
    },
    {
      "id": "surface-0015",
      "predicted_normal_abs_cosine": 0.9999991720661093,
      "result_sha256": "12e16451e22f42f92e9ba58b1a2efa085ea734b17ddea9774eb24b0ba68601d0",
      "score_complete": true,
      "spec_sha256": "4273b9a68691bbe60182b37a170a1d5907f58bfaab8c2dd9a4545282e96809ae",
      "status": "measured",
      "surface_beats_all_normal_offsets": true,
      "surface_beats_all_wrong_wraps": true,
      "surface_minus_best_normal_offset": 0.38852464208024595,
      "surface_minus_best_wrong_wrap": 0.2039420186413671
    },
    {
      "id": "surface-0016",
      "predicted_normal_abs_cosine": 0.5511130116262913,
      "result_sha256": "2084c51e421bf7cc6514b99abc43377d08acc5e0bb4b8d37643b81561ca9e6fc",
      "score_complete": true,
      "spec_sha256": "ff43cb15a4f20f7eaf06c3057820f1f94e4b84371f1a85d70af71f89b9b529a8",
      "status": "measured",
      "surface_beats_all_normal_offsets": false,
      "surface_beats_all_wrong_wraps": false,
      "surface_minus_best_normal_offset": -0.2839870405003583,
      "surface_minus_best_wrong_wrap": -0.9293783230918435
    },
    {
      "id": "surface-0017",
      "predicted_normal_abs_cosine": 0.9832038642940963,
      "result_sha256": "feadbaae0194afceaa1fff8623279143df5e26ce94edd6c654db964cedb6750d",
      "score_complete": true,
      "spec_sha256": "1dd8f8e7f28dd394704efd7a7b709858b8194cbae052f743279f1501e751b7c9",
      "status": "measured",
      "surface_beats_all_normal_offsets": true,
      "surface_beats_all_wrong_wraps": true,
      "surface_minus_best_normal_offset": 0.4212306231152913,
      "surface_minus_best_wrong_wrap": 0.5140083930338916
    },
    {
      "id": "surface-0018",
      "predicted_normal_abs_cosine": 0.9999470695049701,
      "result_sha256": "44804c6ae4d1f0d029233c848f756c72e58cf57bfbf58461aa382e71d7e025aa",
      "score_complete": true,
      "spec_sha256": "c9fda329ef7e5e73a68086cb75dc45f2d2e5d60b41a359097564e1328eb900f5",
      "status": "measured",
      "surface_beats_all_normal_offsets": true,
      "surface_beats_all_wrong_wraps": true,
      "surface_minus_best_normal_offset": 0.16418247107418768,
      "surface_minus_best_wrong_wrap": 0.11591733026759043
    },
    {
      "id": "surface-0019",
      "predicted_normal_abs_cosine": 0.9903747873157636,
      "result_sha256": "48c621d2e336d607d8e288851b75848cc86862279c24e44f174eeb92a147a97f",
      "score_complete": true,
      "spec_sha256": "2aa9fabd4d0b3691d7b6e4a9059bc8ca3dfc32ea0a9cc2f993a7022fd7023288",
      "status": "measured",
      "surface_beats_all_normal_offsets": false,
      "surface_beats_all_wrong_wraps": true,
      "surface_minus_best_normal_offset": -0.2668474870374826,
      "surface_minus_best_wrong_wrap": 0.008524340364006894
    },
    {
      "id": "surface-0020",
      "predicted_normal_abs_cosine": 0.9171170162495709,
      "result_sha256": "2e626b0fc527e00d69da6a1ea4c5c8c8fa48db08f3192475f214e1d40b0aa3e4",
      "score_complete": true,
      "spec_sha256": "730d674b241cfcd5e39182948fc126b2103e8815d0794a7e645f5dfbd0d4b9fa",
      "status": "measured",
      "surface_beats_all_normal_offsets": false,
      "surface_beats_all_wrong_wraps": false,
      "surface_minus_best_normal_offset": -0.2980953099281945,
      "surface_minus_best_wrong_wrap": -0.8121549878203089
    },
    {
      "id": "surface-0021",
      "predicted_normal_abs_cosine": 0.9671278390037195,
      "result_sha256": "e7da8799a9616024ef079b4d1ceddddca631dc60e411820cec5584dfd6c31104",
      "score_complete": true,
      "spec_sha256": "6b280cb4b71c7644262f0455beaf74e95fc61eec49197bfe26143e6eba703dbe",
      "status": "measured",
      "surface_beats_all_normal_offsets": false,
      "surface_beats_all_wrong_wraps": true,
      "surface_minus_best_normal_offset": -0.41132174944129307,
      "surface_minus_best_wrong_wrap": 0.035726365123291234
    },
    {
      "id": "surface-0022",
      "predicted_normal_abs_cosine": 0.80623065073181,
      "result_sha256": "23acfbca0ff3dcc71f0b18af94c687c69265926282cf00ffd1f6a610dc293c74",
      "score_complete": true,
      "spec_sha256": "d927029cda9a105fba21c0412333b3541274b4743a1d7b91c266f96a20a16153",
      "status": "measured",
      "surface_beats_all_normal_offsets": false,
      "surface_beats_all_wrong_wraps": true,
      "surface_minus_best_normal_offset": -0.4718324243366435,
      "surface_minus_best_wrong_wrap": 0.15626534089894087
    },
    {
      "id": "surface-0023",
      "predicted_normal_abs_cosine": 0.9261267516893954,
      "result_sha256": "ee0d4e15fd267d1c8c1465cd7cfd0a8a68238332f47292f8eb58a0e6c09767d0",
      "score_complete": true,
      "spec_sha256": "dc8c6b0676f0ca8ce32619219315f683d83e07df44e6c813ce9d099b3fec2d12",
      "status": "measured",
      "surface_beats_all_normal_offsets": true,
      "surface_beats_all_wrong_wraps": true,
      "surface_minus_best_normal_offset": 0.2818445822724867,
      "surface_minus_best_wrong_wrap": 0.7447093216291831
    },
    {
      "id": "surface-0024",
      "predicted_normal_abs_cosine": 0.9617127766446738,
      "result_sha256": "89b97261aab94a8f2031fc9a63f8d6e1986e8bd2c73a03d3846efb2b4dd27810",
      "score_complete": true,
      "spec_sha256": "d7d6cf689361dc322b8dcb725262aee2bf775f3507a207e49785300350047a3f",
      "status": "measured",
      "surface_beats_all_normal_offsets": false,
      "surface_beats_all_wrong_wraps": false,
      "surface_minus_best_normal_offset": -0.5468007868657597,
      "surface_minus_best_wrong_wrap": -0.22097201373521783
    },
    {
      "id": "surface-0025",
      "predicted_normal_abs_cosine": 0.9044782281328945,
      "result_sha256": "ca4511dffd5bd5dd9618b87ff209407aca8ed39d0f0c9dda0630eac45718086e",
      "score_complete": true,
      "spec_sha256": "8fd039015759a3e5fc890028bd1f3973f16de000fa854e75cdf90fcec09da0e3",
      "status": "measured",
      "surface_beats_all_normal_offsets": false,
      "surface_beats_all_wrong_wraps": false,
      "surface_minus_best_normal_offset": -0.19542081196199393,
      "surface_minus_best_wrong_wrap": -0.008823094036193083
    },
    {
      "id": "surface-0026",
      "predicted_normal_abs_cosine": 0.9464066601881981,
      "result_sha256": "c1252e3fed243d4127832109096d86ef20d1c8aca36666ef50c4efe73456f636",
      "score_complete": true,
      "spec_sha256": "c42a87306425a6b166401e52103802758d4437926fde82562429c378431c2c93",
      "status": "measured",
      "surface_beats_all_normal_offsets": false,
      "surface_beats_all_wrong_wraps": false,
      "surface_minus_best_normal_offset": -0.4674854321011909,
      "surface_minus_best_wrong_wrap": -0.03762535390239369
    },
    {
      "id": "surface-0027",
      "predicted_normal_abs_cosine": 0.9975648713570369,
      "result_sha256": "90b203bdee82fc7ccbcf6e6a1b026ab76f20dfa37f7f238e67e2c28ccbe4b344",
      "score_complete": true,
      "spec_sha256": "174cf65ccb00bf8b58a1e99f47cbc26425b468976ae0e801bbcc58c2df7a8b01",
      "status": "measured",
      "surface_beats_all_normal_offsets": false,
      "surface_beats_all_wrong_wraps": false,
      "surface_minus_best_normal_offset": -0.5555537807798956,
      "surface_minus_best_wrong_wrap": 0.0
    },
    {
      "id": "surface-0028",
      "predicted_normal_abs_cosine": 0.9139224820201399,
      "result_sha256": "c4b6d4c0b3f349ae940c86aad7be99923d12e9c9762ad7adee3257a210eb00e7",
      "score_complete": true,
      "spec_sha256": "cdc525377ecea08e6151b1e5dc5b9f1d7416291a2aa96b463bfac47cbfba8efb",
      "status": "measured",
      "surface_beats_all_normal_offsets": true,
      "surface_beats_all_wrong_wraps": true,
      "surface_minus_best_normal_offset": 0.5257318709803395,
      "surface_minus_best_wrong_wrap": 0.683217705197848
    },
    {
      "id": "surface-0029",
      "predicted_normal_abs_cosine": 0.6086660303875034,
      "result_sha256": "22524e9c4a700c4deda1ad9c98b120668c081bc8269bdd672604742eb033cb34",
      "score_complete": true,
      "spec_sha256": "1d1b435b9dab4bb307705f21e79c3d99f32c62e961419cf2e7860fbecfe3f1af",
      "status": "measured",
      "surface_beats_all_normal_offsets": false,
      "surface_beats_all_wrong_wraps": true,
      "surface_minus_best_normal_offset": -0.5129353256724127,
      "surface_minus_best_wrong_wrap": 0.027826816451794148
    },
    {
      "id": "surface-0030",
      "predicted_normal_abs_cosine": 0.9975267729635798,
      "result_sha256": "f281be35d12fab46618fdcd99857235932e0e3bda36342008db827bbb6896634",
      "score_complete": true,
      "spec_sha256": "b63e9d09fe45064b08503131deb4873a340a467b702d71f2b7ea70506801d4db",
      "status": "measured",
      "surface_beats_all_normal_offsets": true,
      "surface_beats_all_wrong_wraps": true,
      "surface_minus_best_normal_offset": 0.48399478886876435,
      "surface_minus_best_wrong_wrap": 0.8375231997554966
    },
    {
      "id": "surface-0031",
      "predicted_normal_abs_cosine": 0.9881276834265877,
      "result_sha256": "0c4df15dc588fcab7b7e33f9e7776bb147dedf6e9617c637cbb24efdcc678e33",
      "score_complete": true,
      "spec_sha256": "4815af50529bd4a0a82f70b10c72b059ce82109126cb0b6675145766016c349b",
      "status": "measured",
      "surface_beats_all_normal_offsets": true,
      "surface_beats_all_wrong_wraps": false,
      "surface_minus_best_normal_offset": 0.17002896217918112,
      "surface_minus_best_wrong_wrap": -0.0647058712644335
    },
    {
      "id": "surface-0032",
      "predicted_normal_abs_cosine": 0.7408432347050665,
      "result_sha256": "8c37280826e32c413cdfd2208f9eaa1e6850eaee3c2a62d43942b98788e1c644",
      "score_complete": true,
      "spec_sha256": "e71dbae5c8c506cdef5c1c479b1baba8dec2f57d0d6a00d26b105efe0328c87a",
      "status": "measured",
      "surface_beats_all_normal_offsets": false,
      "surface_beats_all_wrong_wraps": true,
      "surface_minus_best_normal_offset": -0.8515956508650688,
      "surface_minus_best_wrong_wrap": 0.0194481112482843
    }
  ],
  "metrics": {
    "failed_group_count": 0,
    "group_count": 32,
    "median_abs_cosine": 0.9293275030525285,
    "median_surface_minus_best_normal_offset": -0.24049330842476296,
    "median_surface_minus_best_wrong_wrap_descriptive": 0.023637463850039224,
    "normal_complete_count": 32,
    "normal_completeness": 1.0,
    "normal_offset_win_count": 10,
    "normal_offset_win_fraction": 0.3125,
    "score_complete_count": 32,
    "score_completeness": 1.0,
    "wrong_wrap_win_count_descriptive": 18,
    "wrong_wrap_win_fraction_descriptive": 0.5625
  },
  "schema": "scroliq-sheetness-campaign-result/1",
  "status": "fail",
  "volume_root": "PHerc0139/volumes/20250728140407-9.362um-1.2m-113keV-masked.zarr",
  "wrong_wrap_interpretation": "mandatory descriptive control only: a neighboring papyrus winding is itself sheet-like and therefore is not a pass/fail negative"
}
